Transect_ID,Dist_2020,Dist_2024_GT,Dist_2024_DLV3,Rate_GT,Rate_DLV3,centroid_x,centroid_y,angle,wave_height,tide_range,monsoon_exposure,Vulnerability,rate_trend
2,33.062895433385854,33.062895629778644,29.32609376776941,4.909819750764655e-08,-0.93420041640411,466797.3701353472,1475575.0108147946,179.9292167139188,1.2750012833849846,0.8139187584564935,1.0,Moderate Erosion,1.5493703486520536
4,500.0000000000159,966.9370049763302,526.2537033042635,116.73425124407856,6.563425826061888,466651.46344343614,1475584.119342199,-0.07109436341670981,1.178764022663194,0.9585874019474893,1.0,Accretion / Land Gain,5.872104320205965
8,499.9999999999984,887.4467134844931,466.2970989079976,96.86167837112367,-8.425725273000197,467068.1474202437,1475200.7614871303,89.92982516483929,1.6971529806969883,1.0214756148201212,8.221156091077482,Severe Erosion,-5.187282582496734
18,499.99999999999113,616.7394342627529,555.4398714303604,29.184858565690437,13.859967857592324,468225.927483847,1474358.157985875,-0.06768033020967523,1.4279819807306877,0.9606882565738033,1.0,Accretion / Land Gain,21.475117139632452
19,499.9999999994353,529.8027577106233,525.9023415320966,7.450689427796988,6.47558538316531,468313.34954575193,1474245.6095362091,86.35600376450067,1.5640682812569728,0.9210845428479677,8.426318372853453,Accretion / Land Gain,5.30481850954863
20,499.9999999999919,529.1850996166895,526.2552560424604,7.296274904174396,6.563814010617108,468400.7723449325,1474133.0617278116,-0.06729665207101174,1.1644096373039639,0.8727380488020662,1.0,Accretion / Land Gain,5.393129225871205
21,499.9999999999603,559.6070615797322,555.707750236968,14.90176539494297,13.926937559251911,468474.5822176179,1474006.9328559772,89.93286406759343,1.8368816477297771,0.8309421733496279,8.10289587651797,Accretion / Land Gain,21.823001636788867
22,500.0000000000024,529.1853717560508,526.2555319399693,7.296342939012106,6.5638829849917215,468546.4007161661,1473878.8170563306,-0.06697523942308231,1.3146476341013225,0.9835074974188025,1.0,Accretion / Land Gain,10.401056630756266
23,500.0000000000545,529.8035217365009,525.9042103592784,7.450880434111596,6.476052589805974,468606.036919522,1473738.5472466233,89.93318675423156,1.5295785701467581,0.9880921791515768,7.700228165957226,Accretion / Land Gain,4.128680660131213
24,499.999999999982,529.8035173442439,525.9042063866768,7.4508793360654835,6.476051596673713,468686.68390596466,1473619.2391323939,89.93331634115071,1.6813837356288381,0.7898560423857806,8.13510102144071,Accretion / Land Gain,9.188851814603536
25,499.99999999988654,529.80351301197,525.9042018075993,7.450878253020875,6.476050451928188,468737.49304927286,1473470.162402133,89.93347827810842,1.5304870764832466,1.0388590669399265,7.781959716104082,Accretion / Land Gain,4.158961987865877
26,500.0000000000759,500.0000000000759,496.1006890075578,0.0,-0.9748277481295275,468818.1407435395,1473350.854723325,89.93363885436298,1.5301402686695522,0.9561246220657129,8.726696885931858,Moderate Erosion,-3.3034765159808117
27,500.0000000000022,470.1964963289128,466.29718531972935,-7.4508759177723505,-8.425703670068216,468868.95073817944,1473201.7782829807,89.93376969526184,1.6362940734969196,1.0203279303429214,7.4922782131430505,Severe Erosion,-7.215892312238045
28,499.999999999976,499.9999998832113,497.0701722599773,-2.9191184580668054e-08,-0.732456934999675,468924.8628658878,1473057.791973157,-0.0661312269084596,0.9125462803446646,0.7992165451947897,1.0,Moderate Erosion,-10.298858158288665
29,499.99999999997846,470.8135938877689,467.88376840212993,-7.296601528052392,-8.029057899462131,468983.0721809721,1472916.0974386386,-0.06599913869942686,0.9408015643154264,0.7955776647908123,1.0,Severe Erosion,-16.653647062027296
30,500.00000000000864,499.9999999785882,497.0701770167015,-5.3551048040390015e-09,-0.7324557458267833,469012.06199959543,1472745.2504321742,-0.06593244759426858,1.1151965753976738,0.8908272642736169,1.0,Moderate Erosion,-3.543893392031647
31,500.00000000002257,499.9999993857567,497.0701785066314,-1.535664608809384e-07,-0.7324553733477899,469070.2724836851,1472603.5567416197,-0.06579975240566006,1.0476159631202209,0.9412295212947089,1.0,Moderate Erosion,-5.796610975019909
32,500.0000000000263,440.393036482719,436.4937262164677,-14.901740879326823,-15.87656844588966,469123.00542709476,1472456.3979487277,89.93429926205712,1.647136836907803,1.0429131594552024,7.747895022368466,Severe Erosion,-14.30533178291329
33,500.00000000004377,410.58956860856335,406.6902583253973,-22.352607847870104,-23.327435418661626,469173.8172679967,1472307.3222538275,89.9344299428716,1.4637961267354465,0.9538674584707355,8.34569411515202,Severe Erosion,-27.86755579626768
34,500.0000000000982,500.0000000000982,496.1006896425175,0.0,-0.9748275893951756,469194.79186293663,1472128.4772879027,89.93449984563463,1.3881541834215256,0.87578329255143,6.916977230283917,Moderate Erosion,-8.036346096071632
35,500.0000000000196,499.9999996514718,497.07018808361903,-8.7136953652589e-08,-0.7324529791001453,469244.67939465883,1471978.4790443648,-0.06539795492520781,1.4193907515823634,0.8112604417378908,1.0,Moderate Erosion,6.595790865507625
36,499.99999999998096,500.00000075574974,497.070191752681,1.8894219522280767e-07,-0.7324520618249863,469273.6720112893,1471807.633434021,-0.06533004652561265,1.1656774652609063,0.9896920564409646,1.0,Moderate Erosion,-1.8613335642576647
37,500.0000000000192,500.0000000000192,497.0701935693128,0.0,-0.7324516076765946,469302.6650208128,1471636.7879530215,-0.06526344546784314,1.2096736059998707,0.812041894332546,1.0,Moderate Erosion,-0.39481058423697535
38,499.99999999998806,470.8120630269071,467.8822586839593,-7.296984243270245,-8.029435329007185,469360.87955036404,1471495.0973486397,-0.06512833236580384,0.9858330906314503,1.0177793635585604,1.0,Severe Erosion,-15.153176260074469
39,500.00000000000864,470.81187874077017,467.8820769810128,-7.297030314809618,-8.02948075474896,469389.8734922862,1471324.25238764,-0.06506175798874711,1.1178883746612223,0.8626856594136714,1.0,Severe Erosion,-10.751394377374872
40,500.0000000000175,499.99999883708574,497.070199568192,-2.907329417212168e-07,-0.7324501079563817,469418.8678290311,1471153.4075230088,-0.06499390295048639,1.216184645513707,1.0106222617331486,1.0,Moderate Erosion,-0.17783715940705125
41,499.999999999996,499.99999962339217,497.0702029243403,-9.415096258180713e-08,-0.7324492689139248,469447.86255110987,1470982.5629193876,-0.06492476725102916,1.026897703101806,0.9356343283476211,1.0,Moderate Erosion,-6.487417156025439
42,499.99999999994793,499.99999999994793,497.2325960463461,0.0,-0.6918509884004607,469264.55308702076,1470966.0839123102,-90.07199305426153,0.8563550185182182,0.8701621472987338,7.733716298715233,Moderate Erosion,1.1866391033278991
43,499.99999999994793,499.99999999994793,497.2325991346143,0.0,-0.6918502163334068,469064.553244904,1470966.3352154356,-90.07199305426153,0.7099045122785466,0.8395730964264511,8.147600259802719,Moderate Erosion,-3.6950436659274315
44,500.0000000000942,500.0000000000942,497.2326022225631,0.0,-0.6918494443827825,468864.5534027872,1470966.5865185608,-90.07199306760172,0.7562462532974928,0.8538551957141365,8.049707962610652,Moderate Erosion,-2.1503181933491664
45,500.0000000000942,500.0000000000942,497.2326053108312,0.0,-0.6918486723157571,468664.5535606704,1470966.8378216862,-90.07199306760172,0.7097443239320748,0.9153961810320006,8.374416151844718,Moderate Erosion,-3.700381733462742
46,500.0000000000942,500.0000000000942,497.23260839909926,0.0,-0.6918479002487317,468464.5537185536,1470967.0891248116,-90.07199306760172,1.0778420434428249,0.887306385090431,8.310768365842918,Moderate Erosion,8.569543022295957
47,500.0000000000942,500.0000000000942,497.2326114873674,0.0,-0.691847128181692,468264.55387643684,1470967.340427937,-90.07199306760172,0.7979757320557942,0.8336319725094221,8.012184250238564,Moderate Erosion,-0.7593332518713616
48,499.99999999994793,499.99999999994793,497.23261457525615,0.0,-0.6918463561729453,468064.55403432006,1470967.5917310624,-90.07199305426153,0.6413436764229823,0.8678893921022885,7.641092482208149,Moderate Erosion,-5.9804010009524475
49,499.99999999994793,499.99999999994793,497.23261766352425,0.0,-0.6918455841059199,467864.5541922033,1470967.8430341878,-90.07199305426153,0.9233820525818457,0.8874290870888801,7.738813622339819,Moderate Erosion,3.420878976410025
50,499.99999999994793,499.99999999994793,497.23262075179247,0.0,-0.691844812038866,467664.5543500865,1470968.0943373132,-90.07199305426153,0.6168737682707139,0.7108472169526836,7.7800779408174385,Moderate Erosion,-6.796063061893977
51,499.99999999994793,499.99999999994793,497.23262384006046,0.0,-0.691844039971869,467464.5545079697,1470968.3456404386,-90.07199305426153,0.8313298550170807,0.9178024134943558,7.87388715110615,Moderate Erosion,0.35247393505190794
52,500.0000000000942,500.0000000000942,497.23262692824215,0.0,-0.6918432679630087,467264.5546658529,1470968.5969435638,-90.07199306760172,0.506049797184518,0.8027742861501737,8.107213855706213,Moderate Erosion,-10.490193887361887
53,500.0000000000942,500.0000000000942,497.2326300162774,0.0,-0.6918424959541909,467064.55482373614,1470968.8482466892,-90.07199306760172,0.6007724084317198,0.7888884116981902,8.286063440721534,Moderate Erosion,-7.332772740446344
54,500.0000000000942,500.0000000000942,497.2326331045456,0.0,-0.6918417238871513,466864.55498161935,1470969.0995498146,-90.07199306760172,0.8295295011468529,0.7461704760237976,7.9795462074641605,Moderate Erosion,0.29246445545846633
55,500.0000000000942,500.0000000000942,497.2326361928136,0.0,-0.6918409518201543,466664.55513950257,1470969.35085294,-90.07199306760172,0.9107703027657958,0.7376496438120932,8.0064435998305,Moderate Erosion,3.000491948156898
56,499.99999999994793,499.99999999994793,497.23263928093536,0.0,-0.691840179753143,466464.5552973858,1470969.6021560654,-90.07199305426153,0.8257055579448629,0.7727282632522801,8.057316206672652,Moderate Erosion,0.16500122619670943
57,499.99999999994793,499.99999999994793,497.2326423689705,0.0,-0.6918394077443537,466264.555455269,1470969.8534591908,-90.07199305426153,0.7826530734081313,0.8244454067614305,7.793631559419715,Moderate Erosion,-1.2700808196855564
58,499.99999999994793,499.99999999994793,497.2326454572387,0.0,-0.6918386356773141,466064.5556131522,1470970.1047623162,-90.07199305426153,0.754834761427974,1.0374308342554694,7.629836781615469,Moderate Erosion,-2.1973571136237577
59,500.0000000000942,500.0000000000942,497.2326485454204,0.0,-0.6918378636684537,465864.55577103543,1470970.3560654414,-90.07199306760172,0.5782220172113702,0.8391027490740656,7.2978185257460275,Moderate Erosion,-8.084447815505591
60,500.0000000000943,500.0000000000943,497.2326516336886,0.0,-0.6918370916014283,465664.5559289186,1470970.6073685668,-90.07199306760839,0.692023684507278,0.8953961515503358,7.721933941439562,Moderate Erosion,-4.291058133574971
61,500.0000000000943,500.0000000000943,497.2326547219566,0.0,-0.6918363195344313,465464.5560868018,1470970.8586716922,-90.07199306760839,0.7309045001225162,0.9132176738834735,8.189251865977425,Moderate Erosion,-2.995030174333369
62,500.0000000000943,500.0000000000943,497.232657809992,0.0,-0.6918355475255851,465264.556244685,1470971.1099748176,-90.07199306760839,0.9585686496993217,0.8916673977851749,7.718829109454483,Moderate Erosion,4.593775583568993
63,499.99999999994793,499.99999999994793,497.2326608981135,0.0,-0.6918347754586023,465064.55640256824,1470971.361277943,-90.07199305426153,0.8515430592016365,0.8749897259656323,7.904870869702276,Moderate Erosion,1.0262566723837048
64,499.99999999994793,499.99999999994793,497.2326639863816,0.0,-0.6918340033915911,464864.55656045146,1470971.6125810684,-90.07199305426153,0.5355442924619572,0.7855647216824417,8.186566199637578,Moderate Erosion,-9.507034780205261
65,499.99999999994793,499.99999999994793,497.23266707464967,0.0,-0.6918332313245656,464664.5567183347,1470971.8638841938,-90.07199305426153,0.8486129111755866,0.9972654465902521,8.20826948324172,Moderate Erosion,0.9285866156494094
66,499.99999999994793,499.99999999994793,497.23267016268494,0.0,-0.6918324593157479,464464.5568762179,1470972.1151873192,-90.07199305426153,0.7422379737039199,1.0257699941873435,7.568180543806236,Moderate Erosion,-2.6172438613973306
67,500.0000000000942,500.0000000000942,497.2326732508666,0.0,-0.6918316873068875,464264.5570341011,1470972.3664904444,-90.07199306760172,0.6984620157205905,0.7465845871457586,8.398817427251767,Moderate Erosion,-4.076441688836681
68,500.0000000000942,500.0000000000942,497.23267633913474,0.0,-0.6918309152398621,464064.5571919843,1470972.6177935698,-90.07199306760172,0.8917517590926145,0.7992780153947867,8.450933720412506,Moderate Erosion,2.3665505289644773
69,500.0000000000942,500.0000000000942,497.2326794274029,0.0,-0.6918301431728224,463864.55734986754,1470972.8690966952,-90.07199306760172,0.954650244140877,0.8588184952765224,7.548053741782888,Moderate Erosion,4.463167469306932
70,500.0000000000942,500.0000000000942,497.2326825156709,0.0,-0.6918293711058254,463664.55750775075,1470973.1203998206,-90.07199306760172,0.9396923336339141,0.8040433190857152,7.67045893681385,Moderate Erosion,3.9645712244751676
71,499.99999999994793,499.99999999994793,497.2326856035597,0.0,-0.6918285990970503,463464.55766563397,1470973.371702946,-90.07199305426153,0.6741176872829715,0.921686606977709,8.476429957931128,Moderate Erosion,-4.887916215210243
72,499.99999999994793,499.99999999994793,497.23268869182783,0.0,-0.6918278270300249,463264.5578235172,1470973.6230060714,-90.07199305426153,0.7536184593886851,0.8229506065422807,7.941252276170531,Moderate Erosion,-2.237889706286098
73,499.99999999994793,499.99999999994793,497.23269178009593,0.0,-0.6918270549629995,463064.5579814004,1470973.8743091968,-90.07199305426153,0.8496898304769019,1.0544198882037716,7.1120825056919115,Moderate Erosion,0.9644901020548202
74,499.99999999994793,499.99999999994793,497.232694868364,0.0,-0.6918262828959882,462864.5581392836,1470974.1256123222,-90.07199305426153,0.9463320848347212,0.9764623103820215,7.440121082779577,Moderate Erosion,4.185899352715808
75,499.9999999999956,499.9999999999956,496.2631193557978,0.0,-0.9342201610494384,462793.0306069959,1471102.508653647,179.91990422648587,1.1286830381269828,0.8997686079554869,1.0,Moderate Erosion,-3.330091350275888
76,499.9999999999956,499.9999999999956,496.2631224923209,0.0,-0.9342193769186764,462793.31019390334,1471302.5084582246,179.91990422648587,1.1727103273042037,0.9673327917858718,1.0,Moderate Erosion,-1.862514260237762
77,499.999999999978,499.999999999978,496.263125628768,0.0,-0.9342185928024946,462793.58978081075,1471502.5082628028,179.91990422315078,1.0346089277261554,0.9760636124285101,1.0,Moderate Erosion,-6.465893462832636
78,499.999999999978,499.999999999978,496.2631287652909,0.0,-0.9342178086717752,462793.8693677182,1471702.5080673804,179.91990422315078,1.021128180214959,0.8448997079728372,1.0,Moderate Erosion,-6.915250929075129
79,499.999999999978,499.999999999978,496.2631319018138,0.0,-0.9342170245410416,462794.1489546256,1471902.5078719582,179.91990422315078,1.3224380471861892,0.8271480543793033,1.0,Moderate Erosion,3.1284120874299486
80,499.9999999999956,499.9999999999956,496.2631350384125,0.0,-0.93421624039577,462794.42854153307,1472102.5076765362,179.91990422648587,1.4039951780893996,0.9011325613027962,1.0,Moderate Erosion,5.846983902458344
81,499.9999999999956,499.9999999999956,496.2631381748769,0.0,-0.9342154562796878,462794.7081284405,1472302.507481114,179.91990422648587,1.1897576555667262,0.9662532003792869,1.0,Moderate Erosion,-1.294266064181357
82,499.999999999978,499.999999999978,496.26314131138224,0.0,-0.93421467214894,462794.9877153479,1472502.5072856918,179.91990422315078,1.3510891085108632,0.910893604180721,1.0,Moderate Erosion,4.08344981731118
83,499.999999999978,499.999999999978,496.2631444479052,0.0,-0.934213888018192,462795.2673022553,1472702.5070902696,179.91990422315078,1.2548045775842047,0.77606053865326,1.0,Moderate Erosion,0.8739662372199786
84,499.9999999999956,499.9999999999956,496.2631475845039,0.0,-0.9342131038729348,462795.5468891628,1472902.5068948474,179.91990422648587,1.1037912106130077,0.8404505645776882,1.0,Moderate Erosion,-4.159811876898556
85,499.9999999999956,499.9999999999956,496.2631507209687,0.0,-0.9342123197567388,462795.8264760702,1473102.5066994252,179.91990422648587,1.2547685146300382,0.9012194861727852,1.0,Moderate Erosion,0.8727657077853309
86,499.999999999978,499.999999999978,496.2631538574741,0.0,-0.934211535625991,462796.10606297763,1473302.506504003,179.91990422315078,1.4312646587969549,0.903549148305228,1.0,Moderate Erosion,6.755971296703855
87,499.999999999978,499.999999999978,496.26315699399663,0.0,-0.9342107514953426,462796.38564988505,1473502.5063085807,179.91990422315078,1.1951852679605668,1.069874891904214,1.0,Moderate Erosion,-1.1133409470451003
88,499.999999999978,499.999999999978,496.2631601305196,0.0,-0.9342099673646088,462796.66523679247,1473702.5061131585,179.91990422315078,1.4352557221991604,0.8036653962880493,1.0,Moderate Erosion,6.889008311705422
89,499.9999999999956,499.9999999999956,496.26316326706007,0.0,-0.9342091832338896,462796.94482369995,1473902.5059177363,179.91990422648587,0.8075974081903146,0.9574680304661325,1.0,Moderate Erosion,-14.032934703682612
90,499.9999999999956,499.9999999999956,496.2631664035829,0.0,-0.93420839910317,462797.22441060736,1474102.5057223141,179.91990422648587,1.3238445494600597,1.0386296971017837,1.0,Moderate Erosion,3.175304122772949
91,499.999999999978,499.999999999978,496.2631695400884,0.0,-0.934207614972408,462797.5039975148,1474302.505526892,179.91990422315078,1.2136162340627852,1.103699435289382,1.0,Moderate Erosion,-0.4989722737815519
92,499.999999999978,499.999999999978,496.2631726766109,0.0,-0.9342068308417736,462797.7835844222,1474502.5053314697,179.91990422315078,1.1557080712571794,0.8921172706464919,1.0,Moderate Erosion,-2.429243583171111
93,499.9999999999956,499.9999999999956,496.26317581315135,0.0,-0.9342060467110684,462798.0631713297,1474702.5051360475,179.91990422648587,1.2143232902841015,0.9662715826317603,1.0,Moderate Erosion,-0.47540216403355695
94,499.9999999999956,499.9999999999956,496.2631789496744,0.0,-0.9342052625803206,462798.3427582371,1474902.5049406253,179.91990422648587,0.9024238366136423,0.9750285211566248,1.0,Moderate Erosion,-10.872049835584784
95,499.999999999978,499.999999999978,496.26318208617977,0.0,-0.9342044784495585,462798.6223451445,1475102.5047452033,179.91990422315078,1.1676083906514327,0.9475787524811838,1.0,Moderate Erosion,-2.032563917637118
96,499.999999999978,499.999999999978,496.2631852227026,0.0,-0.9342036943188532,462798.90193205193,1475302.504549781,179.91990422315078,1.2541260595538215,0.9265269251939889,1.0,Moderate Erosion,0.8513591632398789
97,499.999999999978,499.999999999978,496.2631883591674,0.0,-0.9342029102026572,462799.18151895935,1475502.5043543589,179.91990422315078,1.422243280538287,0.9718084563192076,1.0,Moderate Erosion,6.455267313504923
98,499.9999999999956,499.9999999999956,496.263191495766,0.0,-0.9342021260574,462799.4611058668,1475702.5041589367,179.91990422648587,1.122818641062729,0.7368479291517385,1.0,Moderate Erosion,-3.525553217425637
99,499.9999999999956,499.9999999999956,496.2631946322887,0.0,-0.9342013419267374,462799.74069277424,1475902.5039635145,179.91990422648587,1.0792851333697981,0.9964914232119598,1.0,Moderate Erosion,-4.976669356392676
100,499.999999999978,499.999999999978,496.2631977687941,0.0,-0.9342005577959897,462800.02027968166,1476102.5037680923,179.91990422315078,1.125295617289379,0.9545191517428359,1.0,Moderate Erosion,-3.442985775718672
101,499.999999999978,499.999999999978,496.2632009052588,0.0,-0.9341997736798078,462800.2998665891,1476302.50357267,179.91990422315078,1.3378694914823708,0.9291265406528659,1.0,Moderate Erosion,3.642810814830563
102,499.9999999999956,499.9999999999956,496.2632040418575,0.0,-0.9341989895345364,462800.57945349655,1476502.5033772478,179.91990422648587,1.249871840252729,1.1131734285415336,1.0,Moderate Erosion,0.7095565587638859
103,499.9999999999956,499.9999999999956,496.2632071783804,0.0,-0.9341982054038028,462800.859040404,1476702.5031818256,179.91990422648587,1.1210951432387204,0.8979297094236898,1.0,Moderate Erosion,-3.5829992242389967
104,499.999999999978,499.999999999978,496.2632103148854,0.0,-0.9341974212731544,462801.1386273114,1476902.5029864034,179.91990422315078,1.277549288794063,0.9221781374035833,1.0,Moderate Erosion,1.6321397442936263
105,499.999999999978,499.999999999978,496.2632134513501,0.0,-0.9341966371569724,462801.4182142188,1477102.5027909812,179.91990422315078,1.2151208062292655,1.116247823889915,1.0,Moderate Erosion,-0.4488088904167705
106,499.999999999978,499.999999999978,496.26321658787305,0.0,-0.9341958530262388,462801.6978011262,1477302.502595559,179.91990422315078,1.345855922406993,0.8928573061614494,1.0,Moderate Erosion,3.9090290996382073
107,499.9999999999956,499.9999999999956,496.26321972447175,0.0,-0.9341950688809676,462801.9773880337,1477502.502400137,179.91990422648587,1.0952512097221734,0.9179106965390583,1.0,Moderate Erosion,-4.444460538267729
108,499.9999999999956,499.9999999999956,496.26322286099474,0.0,-0.9341942847502196,462802.2569749411,1477702.5022047148,179.91990422648587,1.151409851814111,0.952654401944395,1.0,Moderate Erosion,-2.5725050177390605
109,499.999999999978,499.999999999978,496.26322599744185,0.0,-0.9341935006340378,462802.53656184854,1477902.5020092926,179.91990422315078,1.1417429508572359,1.034170269405361,1.1853459590965802,Moderate Erosion,-2.894734266294826
110,499.999999999978,499.999999999978,496.2632291339645,0.0,-0.9341927165033894,462802.81614875596,1478102.5018138704,179.91990422315078,0.9810319316072418,0.9860290953057105,1.0,Moderate Erosion,-8.251767457163982
111,499.9999999999956,499.9999999999956,496.2632322705632,0.0,-0.934191932358118,462803.09573566343,1478302.5016184482,179.91990422648587,1.2449772153634626,0.8684863103582037,1.0,Moderate Erosion,0.5464094529647623
112,499.9999999999956,499.9999999999956,496.263235407086,0.0,-0.9341911482273986,462803.37532257085,1478502.501423026,179.91990422648587,1.2397174646307596,0.9318121068818617,1.0,Moderate Erosion,0.3710852126720481
113,499.999999999978,499.999999999978,496.2632385435333,0.0,-0.9341903641111884,462803.65490947827,1478702.5012276038,179.91990422315078,1.2013261923234286,0.9282840525426056,1.0,Moderate Erosion,-0.908623080898884
114,499.999999999978,499.999999999978,496.2632416800562,0.0,-0.9341895799804548,462803.9344963857,1478902.5010321815,179.91990422315078,1.1653711038207875,0.9731788516362094,1.0,Moderate Erosion,-2.107125246856189
115,499.999999999978,499.999999999978,496.2632448165791,0.0,-0.9341887958497352,462804.2140832931,1479102.5008367593,179.91990422315078,0.9882535625194975,1.015905220375585,1.0,Moderate Erosion,-8.011042506101806
116,499.9999999999956,499.9999999999956,496.26324795317777,0.0,-0.934188011704464,462804.4936702006,1479302.5006413371,179.91990422648587,1.1374623753889723,1.0177721968473632,1.0,Moderate Erosion,-3.037414625531259
117,499.9999999999956,499.9999999999956,496.2632510896422,0.0,-0.9341872275883532,462804.773257108,1479502.500445915,179.91990422648587,1.1491519963247607,0.8447093732052482,1.0,Moderate Erosion,-2.6477598102222006
118,499.999999999978,499.999999999978,496.2632542261475,0.0,-0.9341864434576196,462805.0528440154,1479702.5002504927,179.91990422315078,1.0802175834438168,1.074376490693279,1.0,Moderate Erosion,-4.9455727895657144
119,499.999999999978,499.999999999978,496.26325736267046,0.0,-0.9341856593268858,462805.33243092283,1479902.5000550705,179.91990422315078,1.176366317077158,1.0119336914466515,1.0,Moderate Erosion,-1.7406142176569315
120,499.9999999999956,499.9999999999956,496.2632604992692,0.0,-0.9341848751816144,462805.6120178303,1480102.4998596483,179.91990422648587,1.261166802325957,1.1049535468774963,1.0,Moderate Erosion,1.0860694088910776
121,499.9999999999956,499.9999999999956,496.2632636357339,0.0,-0.9341840910654328,462805.8916047377,1480302.4996642263,179.91990422648587,1.4834870589853557,1.0321852295034577,1.0,Moderate Erosion,8.496745414987219
122,499.999999999978,499.999999999978,496.2632667722389,0.0,-0.93418330693477,462806.17119164515,1480502.499468804,179.91990422315078,1.2267458457518354,1.0872089153009368,1.0,Moderate Erosion,-0.06129424277557527
123,499.999999999978,499.999999999978,496.2632699087619,0.0,-0.934182522804022,462806.45077855256,1480702.499273382,179.91990422315078,1.2391917324354742,1.0388755087026076,1.0,Moderate Erosion,0.35356943080979975
124,499.999999999978,499.999999999978,496.2632730452848,0.0,-0.9341817386733028,462806.73036546,1480902.4990779597,179.91990422315078,1.1893922864621345,1.1116935942519943,1.0,Moderate Erosion,-1.3064113175041387
125,499.9999999999956,499.9999999999956,496.2632761818836,0.0,-0.9341809545280172,462807.00995236746,1481102.4988825375,179.91990422648587,0.91274349150892,1.0482138351085462,1.0,Moderate Erosion,-10.528037031023224
126,499.9999999999956,499.9999999999956,496.26327931834817,0.0,-0.9341801704118636,462807.2895392749,1481302.4986871153,179.91990422648587,1.1965820924863937,1.0010331716626744,1.0,Moderate Erosion,-1.066749547657948
127,499.999999999978,499.999999999978,496.2632824548536,0.0,-0.934179386281116,462807.5691261823,1481502.498491693,179.91990422315078,1.2095937053182135,1.1930878895862609,1.0,Moderate Erosion,-0.6330283365759838
128,499.999999999978,499.999999999978,496.2632855913761,0.0,-0.9341786021504817,462807.84871308977,1481702.4982962708,179.91990422315078,1.5700454906998524,1.084836673057166,1.0,Moderate Erosion,11.382031960275949
129,499.9999999999956,499.9999999999956,496.2632887279749,0.0,-0.9341778180051818,462808.1282999972,1481902.4981008486,179.91990422648587,1.1717050290866078,1.062027476974606,1.0,Moderate Erosion,-1.8959826419107944
130,499.9999999999956,499.9999999999956,496.2632918644396,0.0,-0.934177033889,462808.4078869046,1482102.4979054264,179.91990422648587,1.245791275153818,0.9164311772663677,1.0,Moderate Erosion,0.5735596777790622
131,499.999999999978,499.999999999978,496.26329500094494,0.0,-0.9341762497582664,462808.687473812,1482302.4977100042,179.91990422315078,1.195352408371273,0.9178716750049802,1.0,Moderate Erosion,-1.107735098284483
132,499.999999999978,499.999999999978,496.2632981374679,0.0,-0.9341754656275328,462808.96706071944,1482502.497514582,179.91990422315078,1.0252574681841298,1.0467471832305755,1.0,Moderate Erosion,-6.777565653725193
133,499.999999999978,499.999999999978,496.2633012739908,0.0,-0.934174681496799,462809.24664762686,1482702.4973191598,179.91990422315078,1.3719825960043126,1.0373579678188227,1.0,Moderate Erosion,4.779939391078304
134,499.9999999999956,499.9999999999956,496.2633044105313,0.0,-0.9341738973660796,462809.52623453434,1482902.4971237378,179.91990422648587,1.3133491287067922,0.9789652225855311,1.0,Moderate Erosion,2.8254912660677913
135,499.9999999999956,499.9999999999956,496.2633075470539,0.0,-0.9341731132354312,462809.80582144175,1483102.4969283156,179.91990422648587,1.3192139658602333,1.041744590121549,1.0,Moderate Erosion,3.0209866219798034
136,499.999999999978,499.999999999978,496.26331068355927,0.0,-0.9341723291046832,462810.0854083492,1483302.4967328934,179.91990422315078,1.0641510556078488,1.159919028247827,1.0,Moderate Erosion,-5.481109603078378
137,499.999999999978,499.999999999978,496.2633138200822,0.0,-0.9341715449739496,462810.3649952566,1483502.4965374712,179.91990422315078,1.4109783204674744,1.0908156890179281,1.0,Moderate Erosion,6.079800009706546
138,499.9999999999956,499.9999999999956,496.2633169566227,0.0,-0.93417076084323,462810.64458216407,1483702.496342049,179.91990422648587,0.9902815143849341,0.9462489090617772,1.0,Moderate Erosion,-7.943426074804634
139,499.9999999999956,499.9999999999956,496.2633200931456,0.0,-0.9341699767124964,462810.9241690715,1483902.4961466268,179.91990422648587,1.2885877378738166,1.0309462295897145,1.0,Moderate Erosion,2.000115492288855
140,499.999999999978,499.999999999978,496.26332322965067,0.0,-0.9341691925818338,462811.2037559789,1484102.4959512046,179.91990422315078,1.5291275176985564,0.9777979766109733,1.0,Moderate Erosion,10.018108936468058
141,499.999999999978,499.999999999978,496.2633263661736,0.0,-0.9341684084511002,462811.4833428863,1484302.4957557824,179.91990422315078,1.0519787250574564,1.0134984416498596,1.0,Moderate Erosion,-5.886850034104542
142,499.999999999978,499.999999999978,496.2633295026383,0.0,-0.9341676243349326,462811.76292979374,1484502.4955603601,179.91990422315078,1.1156145143866438,1.0137348702492746,1.0,Moderate Erosion,-3.7656562723487923
143,499.9999999999956,499.9999999999956,496.263332639237,0.0,-0.9341668401896612,462812.0425167012,1484702.495364938,179.91990422648587,1.2155068785669223,1.0109124831156817,1.0,Moderate Erosion,-0.43591001475145513
144,499.9999999999956,499.9999999999956,496.2633357757599,0.0,-0.9341660560589276,462812.32210360863,1484902.4951695157,179.91990422648587,1.1250378256863462,0.9510033938794913,1.0,Moderate Erosion,-3.4515443266399237
145,499.999999999978,499.999999999978,496.2633389122652,0.0,-0.934165271928194,462812.60169051605,1485102.4949740935,179.91990422315078,0.9679596591671397,1.0434818017112346,1.0,Moderate Erosion,-8.687482427258857
146,499.999999999978,499.999999999978,496.2633420487297,0.0,-0.934164487812069,462812.88127742347,1485302.4947786713,179.91990422315078,1.2108436200479638,1.0111151485692842,1.0,Moderate Erosion,-0.5913496137819323
147,499.9999999999956,499.9999999999956,496.2633451853284,0.0,-0.9341637036668118,462813.16086433094,1485502.494583249,179.91990422648587,1.0412136167448605,0.823866851334325,1.0,Moderate Erosion,-6.245682272297336
148,499.9999999999956,499.9999999999956,496.2633483218513,0.0,-0.934162919536078,462813.44045123836,1485702.494387827,179.91990422648587,1.2715980383990535,1.2247086733487607,1.0,Moderate Erosion,1.4337992336398298
149,499.999999999978,499.999999999978,496.2633514583567,0.0,-0.9341621354053302,462813.7200381458,1485902.494192405,179.91990422315078,1.062645538691989,1.1498096016025845,1.0,Moderate Erosion,-5.531283306574346
150,499.999999999978,499.999999999978,496.2633545948214,0.0,-0.9341613512891483,462813.9996250532,1486102.4939969827,179.91990422315078,1.4330493345796904,1.0348298184608988,1.0,Moderate Erosion,6.815510673798549
151,499.999999999978,499.999999999978,496.2633577313443,0.0,-0.934160567158429,462814.2792119606,1486302.4938015605,179.91990422315078,1.083071179976624,1.068653754354387,1.0,Moderate Erosion,-4.850427028839615
152,499.9999999999956,499.9999999999956,496.2633608679431,0.0,-0.9341597830131434,462814.5587988681,1486502.4936061383,179.91990422648587,1.1522499463729248,0.9756185218074535,1.0,Moderate Erosion,-2.5444673640415214
153,499.9999999999956,499.9999999999956,496.2633640044656,0.0,-0.934158998882495,462814.8383857755,1486702.493410716,179.91990422648587,1.3225867564092266,1.2071994040712697,1.0,Moderate Erosion,3.1334270879658535
154,499.999999999978,499.999999999978,496.2633671409128,0.0,-0.934158214766299,462815.1179726829,1486902.4932152936,179.91990422315078,1.0159295263619663,1.2255032196494393,1.0,Moderate Erosion,-7.088479796936075
155,499.999999999978,499.999999999978,496.2633702774357,0.0,-0.9341574306355652,462815.3975595903,1487102.4930198716,179.91990422315078,1.234678164017679,1.088421800663379,1.0,Moderate Erosion,0.20314224238508183
156,499.9999999999956,499.9999999999956,496.2633734140344,0.0,-0.9341566464903082,462815.6771464978,1487302.4928244494,179.91990422648587,1.3966305869461404,1.1599223437738102,1.0,Moderate Erosion,5.6015571249218326
157,499.9999999999956,499.9999999999956,496.2633765505573,0.0,-0.9341558623595744,462815.95673340524,1487502.4926290272,179.91990422648587,0.9594366886195921,1.0942036205315222,1.0,Moderate Erosion,-8.971572035165712
158,499.999999999978,499.999999999978,496.26337968700415,0.0,-0.9341550782434638,462816.23632031266,1487702.492433605,179.91990422315078,1.2282542526069051,0.975370411150661,1.0,Moderate Erosion,-0.010985785581942742
159,499.999999999978,499.999999999978,496.2633828235271,0.0,-0.93415429411273,462816.5159072201,1487902.4922381828,179.91990422315078,1.2395415929643232,1.0514771140790564,1.0,Moderate Erosion,0.3652596771293878
160,499.999999999978,499.999999999978,496.26338596005,0.0,-0.9341535099819964,462816.7954941275,1488102.4920427606,179.91990422315078,1.3178326045936561,1.097078316113247,1.0,Moderate Erosion,2.9749608489045554
161,499.9999999999956,499.9999999999956,496.2633890966487,0.0,-0.9341527258367393,462817.075081035,1488302.4918473386,179.91990422648587,1.015016567172064,1.052247704179931,1.0,Moderate Erosion,-7.118906280227149
162,499.9999999999956,499.9999999999956,496.2633922331135,0.0,-0.9341519417205432,462817.3546679424,1488502.4916519164,179.91990422648587,1.0024906818411348,1.0731928413829426,1.0,Moderate Erosion,-7.536435007141925
163,499.999999999978,499.999999999978,496.2633953696188,0.0,-0.9341511575897954,462817.6342548498,1488702.4914564942,179.91990422315078,1.2788504086695942,1.08543265250973,1.0,Moderate Erosion,1.675556670494693
164,499.999999999978,499.999999999978,496.2633985061414,0.0,-0.934150373459147,462817.9138417572,1488902.491261072,179.91990422315078,1.2451068748120375,1.0883195764990736,1.0,Moderate Erosion,0.5507729927067833
165,499.9999999999956,499.9999999999956,496.2634016427401,0.0,-0.9341495893138756,462818.1934286647,1489102.4910656498,179.91990422648587,1.2381331013556576,1.1010012959492799,1.0,Moderate Erosion,0.3183146624155071
166,499.9999999999956,499.9999999999956,496.2634047792049,0.0,-0.9341488051976938,462818.4730155721,1489302.4908702276,179.91990422648587,1.2525264052283225,1.0139882898682948,1.0,Moderate Erosion,0.7980922422871846
167,499.999999999978,499.999999999978,496.26340791571016,0.0,-0.9341480210669602,462818.75260247954,1489502.4906748054,179.91990422315078,1.098555465590286,1.043476598203927,1.0,Moderate Erosion,-4.334271628959414
168,499.999999999978,499.999999999978,496.2634110522332,0.0,-0.9341472369362124,462819.03218938695,1489702.4904793832,179.91990422315078,1.23539722840121,1.0000572601984643,1.0,Moderate Erosion,0.22712124886880536
169,499.999999999978,499.999999999978,496.2634141887561,0.0,-0.9341464528054786,462819.3117762944,1489902.490283961,179.91990422315078,1.2445200448218618,1.1830200745067303,1.0,Moderate Erosion,0.5312159136879275
170,499.9999999999956,499.9999999999956,496.2634173252962,0.0,-0.9341456686748586,462819.59136320185,1490102.4900885387,179.91990422648587,1.093406461099821,0.9382984249381696,1.0,Moderate Erosion,-4.505902758806698
171,499.9999999999956,499.9999999999956,496.2634204618191,0.0,-0.9341448845441248,462819.87095010927,1490302.4898931165,179.91990422648587,1.4804253504754896,1.200977082647542,1.0,Moderate Erosion,8.394727671179657
172,499.999999999978,499.999999999978,496.26342359832455,0.0,-0.9341441004133628,462820.1505370167,1490502.4896976943,179.91990422315078,1.2716341119638277,1.2215216130377415,1.0,Moderate Erosion,1.4350205041455748
173,499.999999999978,499.999999999978,496.26342673484737,0.0,-0.9341433162826576,462820.4301239241,1490702.489502272,179.91990422315078,1.0218636492466624,1.0883469591717359,1.0,Moderate Erosion,-6.8906608022959
174,499.9999999999956,499.9999999999956,496.2634298713879,0.0,-0.934142532151924,462820.7097108316,1490902.48930685,179.91990422648587,1.2990422150988508,0.9061619320043743,1.0,Moderate Erosion,2.3486255110172247
175,499.9999999999956,499.9999999999956,496.2634330079108,0.0,-0.9341417480212044,462820.989297739,1491102.489111428,179.91990422648587,1.054356923269678,1.0873831058526267,1.0,Moderate Erosion,-5.807550099157812
176,499.999999999978,499.999999999978,496.26343614441583,0.0,-0.9341409638905418,462821.2688846464,1491302.4889160057,179.91990422315078,1.3186218643884273,1.1130116410623385,1.0,Moderate Erosion,3.0012820548217185
177,499.999999999978,499.999999999978,496.2634392809388,0.0,-0.934140179759794,462821.54847155383,1491502.4887205835,179.91990422315078,1.37434851067817,1.0391401250621517,1.0,Moderate Erosion,4.858837715277226
178,499.999999999978,499.999999999978,496.26344241746176,0.0,-0.9341393956290602,462821.82805846125,1491702.4885251613,179.91990422315078,1.077456826074303,1.0805951212194351,1.0,Moderate Erosion,-5.037550987387613
179,499.9999999999956,499.9999999999956,496.2634455540023,0.0,-0.9341386114983408,462822.1076453687,1491902.488329739,179.91990422648587,1.3450655931904245,1.2460356376182724,1.0,Moderate Erosion,3.882742034723268
180,499.9999999999956,499.9999999999956,496.2634486905252,0.0,-0.9341378273676072,462822.38723227615,1492102.4881343169,179.91990422648587,1.2624763128442509,1.1786042618548938,1.0,Moderate Erosion,1.1297668073148843
181,499.999999999978,499.999999999978,496.26345182703056,0.0,-0.9341370432368592,462822.66681918356,1492302.4879388947,179.91990422315078,1.323868197826233,1.0532174860536228,1.0,Moderate Erosion,3.1761637567355905
182,499.999999999978,499.999999999978,496.2634549635531,0.0,-0.934136259106225,462822.946406091,1492502.4877434724,179.91990422315078,1.4850781212251516,1.0011294898901086,1.0,Moderate Erosion,8.549828654163512
183,499.9999999999956,499.9999999999956,496.26345810009366,0.0,-0.9341354749754912,462823.22599299846,1492702.4875480502,179.91990422648587,1.1637509564033457,1.1045129527445674,1.0,Moderate Erosion,-2.161076054989844
184,499.9999999999956,499.9999999999956,496.2634612366165,0.0,-0.934134690844772,462823.5055799059,1492902.487352628,179.91990422648587,1.0874987491501527,1.1153166432529755,1.0,Moderate Erosion,-4.7028155126322195
185,499.999999999978,499.999999999978,496.2634643731219,0.0,-0.934133906714024,462823.7851668133,1493102.4871572058,179.91990422315078,1.067132009383231,1.1737897289068144,1.0,Moderate Erosion,-5.38170605484164
186,499.999999999978,499.999999999978,496.2634675096448,0.0,-0.9341331225832904,462824.0647537207,1493302.4869617836,179.91990422315078,1.0781876310822438,1.0929506560390692,1.0,Moderate Erosion,-5.013184547410482
187,499.999999999978,499.999999999978,496.2634706461095,0.0,-0.9341323384671228,462824.34434062813,1493502.4867663614,179.91990422315078,1.188993917414944,1.1783595807919764,1.0,Moderate Erosion,-1.3196408855376438
188,499.9999999999956,499.9999999999956,496.26347378270793,0.0,-0.9341315543219224,462824.6239275356,1493702.4865709394,179.91990422648587,1.2517319700262728,1.2938968159177457,1.0,Moderate Erosion,0.771628319761297
189,499.9999999999956,499.9999999999956,496.26347691923087,0.0,-0.9341307701911888,462824.903514443,1493902.4863755172,179.91990422648587,1.242062793703279,1.205950544203613,1.0,Moderate Erosion,0.4493232264589063
190,499.999999999978,499.999999999978,496.2634800557363,0.0,-0.9341299860604266,462825.18310135044,1494102.486180095,179.91990422315078,1.3246366611824631,1.1384702806667093,1.0,Moderate Erosion,3.201786259119692
191,499.999999999978,499.999999999978,496.2634831922009,0.0,-0.9341292019442732,462825.46268825786,1494302.4859846728,179.91990422315078,1.2025094576087456,1.1292529908757278,1.0,Moderate Erosion,-0.8691197425547381
192,499.9999999999956,499.9999999999956,496.2634863287997,0.0,-0.9341284177989876,462825.74227516534,1494502.4857892506,179.91990422648587,1.4185892853773736,1.1169394548290459,1.0,Moderate Erosion,6.333541967987596
193,499.9999999999956,499.9999999999956,496.26348946532255,0.0,-0.9341276336682682,462826.02186207275,1494702.4855938284,179.91990422648587,1.1608606488180828,1.2414733084335878,1.0,Moderate Erosion,-2.2574117998580485
194,499.999999999978,499.999999999978,496.2634926018276,0.0,-0.9341268495376056,462826.3014489802,1494902.4853984062,179.91990422315078,1.6085845488155024,1.0983659876344354,1.0,Moderate Erosion,12.666718983410489
195,499.999999999978,499.999999999978,496.2634957382924,0.0,-0.9341260654214096,462826.5810358876,1495102.4852029842,179.91990422315078,1.2944092759918104,1.1536780530015918,1.0,Moderate Erosion,2.1942106734036213
196,499.999999999978,499.999999999978,496.2634988748152,0.0,-0.9341252812906902,462826.860622795,1495302.4850075617,179.91990422315078,1.0719855403646172,1.155645235585313,1.0,Moderate Erosion,-5.219913063372103
197,499.9999999999956,499.9999999999956,496.263502011414,0.0,-0.9341244971454188,462827.1402097025,1495502.4848121395,179.91990422648587,1.0399252990946093,1.112875680430137,1.0,Moderate Erosion,-6.28858698745098
198,499.9999999999956,499.9999999999956,496.26350514793694,0.0,-0.9341237130146708,462827.4197966099,1495702.4846167173,179.91990422648587,1.272930036090254,1.0446698828118368,1.0,Moderate Erosion,1.4782383632012555
199,499.999999999978,499.999999999978,496.2635082843841,0.0,-0.9341229288984892,462827.6993835173,1495902.484421295,179.91990422315078,1.167039756028182,1.1817333512171646,1.0,Moderate Erosion,-2.0514368555277436
200,499.999999999978,499.999999999978,496.2635114209067,0.0,-0.9341221447678264,462827.97897042474,1496102.484225873,179.91990422315078,1.3076592479408733,1.1524227481372287,1.0,Moderate Erosion,2.6358803256926335
201,499.9999999999956,499.9999999999956,496.2635145575054,0.0,-0.9341213606225552,462828.2585573322,1496302.484030451,179.91990422648587,1.2715448174898079,1.1987092483051693,1.0,Moderate Erosion,1.432066762245169
202,499.9999999999956,499.9999999999956,496.2635176940283,0.0,-0.9341205764918356,462828.53814423963,1496502.4838350287,179.91990422648587,1.1896348369052452,1.1173680623133078,1.0,Moderate Erosion,-1.2982651397761993
203,499.999999999978,499.999999999978,496.2635208304754,0.0,-0.9341197923756396,462828.81773114705,1496702.4836396065,179.91990422315078,1.0735401161167988,1.2590668614190925,1.0,Moderate Erosion,-5.168088382717665
204,499.999999999978,499.999999999978,496.2635239669984,0.0,-0.934119008244906,462829.09731805447,1496902.4834441843,179.91990422315078,0.9733320901241799,1.0925831858044381,1.0,Moderate Erosion,-8.508355131674229
205,499.999999999978,499.999999999978,496.26352710352126,0.0,-0.9341182241141864,462829.3769049619,1497102.483248762,179.91990422315078,1.1335819310170063,1.3009909695201647,1.0,Moderate Erosion,-3.166692984449292
206,499.9999999999956,499.9999999999956,496.2635302401197,0.0,-0.9341174399689862,462829.65649186936,1497302.4830533399,179.91990422648587,1.329018992952297,1.0254980819553208,1.0,Moderate Erosion,3.3478765316483754
207,499.9999999999956,499.9999999999956,496.2635333765844,0.0,-0.9341166558528043,462829.9360787768,1497502.4828579177,179.91990422648587,1.2326732354233068,1.2013503331702067,1.0,Moderate Erosion,0.13635206479821538
208,499.999999999978,499.999999999978,496.2635365130897,0.0,-0.9341158717220708,462830.2156656842,1497702.4826624955,179.91990422315078,1.0136983570202613,1.205841251221853,1.0,Moderate Erosion,-7.162809765282011
209,499.999999999978,499.999999999978,496.2635396496127,0.0,-0.9341150875913372,462830.4952525916,1497902.4824670732,179.91990422315078,1.2265363127047368,1.105378519342927,1.0,Moderate Erosion,-0.06821045833542716
210,499.9999999999956,499.9999999999956,496.2635427862113,0.0,-0.93411430344608,462830.7748394991,1498102.482271651,179.91990422648587,1.2583567807631018,1.2041689858823934,1.0,Moderate Erosion,0.9924725951981038
211,499.9999999999956,499.9999999999956,496.26354592267614,0.0,-0.9341135193298696,462831.0544264065,1498302.4820762288,179.91990422648587,1.0679805583736062,1.2737513289891051,1.0,Moderate Erosion,-5.353400700335535
212,499.999999999978,499.999999999978,496.2635490591812,0.0,-0.9341127351992072,462831.3340133139,1498502.4818808066,179.91990422315078,1.2236179397188887,0.9951945540589606,1.0,Moderate Erosion,-0.1654872054715677
213,499.999999999978,499.999999999978,496.2635521957041,0.0,-0.9341119510684875,462831.61360022135,1498702.4816853844,179.91990422315078,1.2092904815939596,1.213887617828362,1.0,Moderate Erosion,-0.643068358838488
214,499.999999999978,499.999999999978,496.263555332227,0.0,-0.934111166937754,462831.89318712876,1498902.4814899622,179.91990422315078,1.029113629152466,0.9753119730512768,1.0,Moderate Erosion,-6.64896265609087
215,499.9999999999956,499.9999999999956,496.2635584687675,0.0,-0.9341103828070344,462832.17277403624,1499102.4812945402,179.91990422648587,1.2542272778560186,1.098603582711782,1.0,Moderate Erosion,0.854826418934382
216,499.9999999999956,499.9999999999956,496.2635616052904,0.0,-0.934109598676315,462832.45236094366,1499302.481099118,179.91990422648587,1.2846768527590113,1.3072506190573192,1.0,Moderate Erosion,1.8698130331648568
217,499.999999999978,499.999999999978,496.2635647417954,0.0,-0.9341088145456524,462832.7319478511,1499502.4809036958,179.91990422315078,1.3630168603033512,1.1314125985679373,1.0,Moderate Erosion,4.481147401330732
218,499.999999999978,499.999999999978,496.2635678783184,0.0,-0.9341080304149044,462833.0115347585,1499702.4807082736,179.91990422315078,1.358629481632295,1.0850598201790278,1.0,Moderate Erosion,4.33490222975961
219,499.9999999999956,499.9999999999956,496.2635710148588,0.0,-0.9341072462841992,462833.29112166597,1499902.4805128514,179.91990422648587,0.9939087686102126,1.164127358319235,1.0231545757763059,Moderate Erosion,-7.822454086069655
220,499.9999999999956,499.9999999999956,496.2635741513818,0.0,-0.9341064621534514,462833.5707085734,1500102.4803174292,179.91990422648587,1.0598854178165078,1.3463640469962677,1.0,Moderate Erosion,-5.623231661729065
221,499.999999999978,499.999999999978,496.26357728788713,0.0,-0.9341056780227176,462833.8502954808,1500302.480122007,179.91990422315078,1.2778144639083586,1.0353430305554516,1.0,Moderate Erosion,1.6410706580205812
222,499.999999999978,499.999999999978,496.26358042441,0.0,-0.9341048938919982,462834.1298823882,1500502.4799265848,179.91990422315078,1.277627066463891,1.098695700267047,1.0,Moderate Erosion,1.6348248606690459
223,499.999999999978,499.999999999978,496.2635835608745,0.0,-0.9341041097758732,462834.40946929564,1500702.4797311625,179.91990422315078,1.2778163267729667,1.3034946309089992,1.0,Moderate Erosion,1.6411343217543664
224,499.9999999999956,499.9999999999956,496.2635866974732,0.0,-0.9341033256306162,462834.6890562031,1500902.4795357403,179.91990422648587,1.7784688974019844,1.3331925170248744,1.0,Moderate Erosion,18.32955412764299
225,499.9999999999956,499.9999999999956,496.2635898339961,0.0,-0.9341025414998824,462834.96864311054,1501102.4793403181,179.91990422648587,1.2861927504077513,1.177154607494227,1.0,Moderate Erosion,1.9203500119659527
226,499.999999999978,499.999999999978,496.2635929705015,0.0,-0.9341017573691346,462835.24823001795,1501302.479144896,179.91990422315078,1.3708940198541495,1.0871341224625661,1.0,Moderate Erosion,4.74372644353386
227,499.999999999978,499.999999999978,496.2635961069662,0.0,-0.9341009732529528,462835.5278169254,1501502.4789494737,179.91990422315078,1.3436594383510398,1.354731426445862,1.0,Moderate Erosion,3.835907844213059
228,499.9999999999956,499.9999999999956,496.26359924356495,0.0,-0.9341001891076672,462835.80740383285,1501702.4787540517,179.91990422648587,1.298267861499646,1.3154012391267473,1.0,Moderate Erosion,2.3228560674213226
229,499.9999999999956,499.9999999999956,496.26360238008783,0.0,-0.9340994049769478,462836.08699074027,1501902.4785586295,179.91990422648587,1.1532687871077243,1.2429197239533765,1.0,Moderate Erosion,-2.510445628178676
230,499.999999999978,499.999999999978,496.26360551659286,0.0,-0.9340986208462853,462836.3665776477,1502102.4783632073,179.91990422315078,1.3144045569010496,1.12434603401196,1.0,Moderate Erosion,2.860747481620052
231,499.999999999978,499.999999999978,496.26360865305753,0.0,-0.9340978367301176,462836.6461645551,1502302.478167785,179.91990422315078,1.0846353916464238,1.1861261980784938,1.0,Moderate Erosion,-4.798223909417977
232,499.999999999978,499.999999999978,496.2636117895805,0.0,-0.9340970525993696,462836.9257514625,1502502.477972363,179.91990422315078,1.1650363828160581,1.1779060576729485,1.0,Moderate Erosion,-2.118190086299414
233,499.9999999999956,499.9999999999956,496.2636149261792,0.0,-0.9340962684541124,462837.20533837,1502702.477776941,179.91990422648587,1.1277546416294106,1.2178652140980206,1.0,Moderate Erosion,-3.36091400759963
234,499.9999999999956,499.9999999999956,496.26361806270216,0.0,-0.9340954843233646,462837.4849252774,1502902.4775815185,179.91990422648587,1.2128402947117245,1.308115330888883,1.0,Moderate Erosion,-0.5247247873917519
235,499.999999999978,499.999999999978,496.2636211992072,0.0,-0.934094700192702,462837.76451218483,1503102.4773860963,179.91990422315078,1.5477579588280859,1.263002481966381,1.0,Moderate Erosion,10.63919813317484
236,499.999999999978,499.999999999978,496.2636243356719,0.0,-0.9340939160765344,462838.04409909225,1503302.477190674,179.91990422315078,0.9204693949382974,1.1070486706913782,1.0,Moderate Erosion,-10.270419879035275
237,499.9999999999956,499.9999999999956,496.26362747227057,0.0,-0.9340931319312632,462838.3236859997,1503502.4769952518,179.91990422648587,1.3034982023599533,1.3039237874010385,1.0,Moderate Erosion,2.497207819941304
238,499.9999999999956,499.9999999999956,496.2636306087935,0.0,-0.9340923478005294,462838.60327290714,1503702.4767998296,179.91990422648587,0.9586517931253284,1.2193955769935172,1.0,Moderate Erosion,-8.997671703748788
239,499.999999999978,499.999999999978,496.2636337452989,0.0,-0.9340915636697816,462838.88285981456,1503902.4766044074,179.91990422315078,1.1297693939586446,1.2498267696049588,1.0,Moderate Erosion,-3.293750892616949
240,499.999999999978,499.999999999978,496.2636368817636,0.0,-0.9340907795535998,462839.162446722,1504102.4764089852,179.91990422315078,1.3639017633721644,1.312676788923622,1.0,Moderate Erosion,4.51066220528323
241,499.999999999978,499.999999999978,496.2636400182863,0.0,-0.9340899954229372,462839.4420336294,1504302.476213563,179.91990422315078,1.210201176691379,1.1068945793657268,1.0,Moderate Erosion,-0.6126898999456234
242,499.9999999999956,499.9999999999956,496.2636431548849,0.0,-0.9340892112776942,462839.7216205369,1504502.476018141,179.91990422648587,1.0388974571143803,1.1933978503287272,1.0,Moderate Erosion,-6.3228131009242245
243,499.9999999999956,499.9999999999956,496.26364629140784,0.0,-0.9340884271469464,462840.0012074443,1504702.4758227188,179.91990422648587,1.093263617414781,1.1541658036786213,1.0,Moderate Erosion,-4.510606973446787
244,499.999999999978,499.999999999978,496.263649427855,0.0,-0.9340876430307504,462840.2807943517,1504902.4756272966,179.91990422315078,1.302498836167261,1.071647016957231,1.0,Moderate Erosion,2.463901101642629
245,499.999999999978,499.999999999978,496.26365256437794,0.0,-0.9340868589000166,462840.5603812591,1505102.4754318744,179.91990422315078,1.091004179069489,1.2251814650710509,1.0,Moderate Erosion,-4.5859200174857
246,499.9999999999956,499.9999999999956,496.2636557009766,0.0,-0.9340860747547596,462840.8399681666,1505302.4752364522,179.91990422648587,1.2330279622410725,1.3987133426534735,1.0,Moderate Erosion,0.14820687315511483
247,499.9999999999956,499.9999999999956,496.2636588374996,0.0,-0.9340852906240116,462841.119555074,1505502.47504103,179.91990422648587,1.2073949497893484,1.0509019720033814,1.0,Moderate Erosion,-0.7062260911049427
248,499.999999999978,499.999999999978,496.2636619739464,0.0,-0.9340845065079008,462841.39914198144,1505702.4748456078,179.91990422315078,1.1028191216861871,1.195820305153091,1.0,Moderate Erosion,-4.192086244536986
249,499.999999999978,499.999999999978,496.2636651104693,0.0,-0.9340837223771672,462841.67872888886,1505902.4746501856,179.91990422315078,1.5221507872258584,1.2499159112963778,1.0,Moderate Erosion,9.78563672424946
250,499.999999999978,499.999999999978,496.26366824699215,0.0,-0.934082938246462,462841.9583157963,1506102.4744547633,179.91990422315078,1.2956470271747613,1.2087635880844105,1.0,Moderate Erosion,2.235512173343594
251,499.9999999999956,499.9999999999956,496.263671383591,0.0,-0.934082154101162,462842.23790270375,1506302.4742593411,179.91990422648587,0.8967877858051352,1.1900870517350548,1.0,Moderate Erosion,-11.059795087389197
252,499.9999999999956,499.9999999999956,496.2636745200557,0.0,-0.9340813699849946,462842.5174896112,1506502.474063919,179.91990422648587,1.2285273210191903,1.0953950373717525,1.0,Moderate Erosion,-0.0018097961378563676
253,499.999999999978,499.999999999978,496.2636776565606,0.0,-0.9340805858543462,462842.7970765186,1506702.4738684967,179.91990422315078,1.1012912041118015,1.218125403415592,1.0,Moderate Erosion,-4.2430129096962865
254,499.999999999978,499.999999999978,496.2636807930836,0.0,-0.9340798017235984,462843.076663426,1506902.4736730745,179.91990422315078,1.3284241740464933,1.1391065133623426,1.0,Moderate Erosion,3.328086872257521
255,499.9999999999956,499.9999999999956,496.2636839296823,0.0,-0.9340790175783412,462843.3562503335,1507102.4734776525,179.91990422648587,1.0816810630388711,1.0245740981622427,1.0,Moderate Erosion,-4.896682709741844
256,499.9999999999956,499.9999999999956,496.26368706614704,0.0,-0.9340782334621452,462843.6358372409,1507302.4732822303,179.91990422648587,1.1833487075837414,1.2954304387120281,1.0,Moderate Erosion,-1.5077604407966403
257,499.999999999978,499.999999999978,496.2636902026524,0.0,-0.9340774493314116,462843.9154241483,1507502.473086808,179.91990422315078,1.276307265674128,1.276604167119635,1.0,Moderate Erosion,1.5908589455708744
258,499.999999999978,499.999999999978,496.26369333917535,0.0,-0.9340766652006636,462844.19501105574,1507702.472891386,179.91990422315078,1.3304224529525777,1.204111427068666,1.0,Moderate Erosion,3.3946993056499437
259,499.999999999978,499.999999999978,496.2636964756979,0.0,-0.9340758810700294,462844.47459796316,1507902.4726959637,179.91990422315078,1.020514712768693,1.2183247737676164,1.0,Moderate Erosion,-6.935557916348911
260,499.9999999999956,499.9999999999956,496.2636996122384,0.0,-0.9340750969392956,462844.75418487063,1508102.4725005415,179.91990422648587,1.150383988427634,1.2859394898963008,1.0,Moderate Erosion,-2.6065812761440377
261,499.9999999999956,499.9999999999956,496.2637027487613,0.0,-0.9340743128085762,462845.03377177805,1508302.4723051193,179.91990422648587,1.1293173771296328,1.2179114724414917,1.0,Moderate Erosion,-3.308800868613357
262,499.999999999978,499.999999999978,496.2637058852667,0.0,-0.9340735286778284,462845.31335868547,1508502.472109697,179.91990422315078,1.1025597889410028,1.2722309591274998,1.4228055515693867,Moderate Erosion,-4.200719691546388
263,499.999999999978,499.999999999978,496.2637090217897,0.0,-0.9340727445470804,462845.5929455929,1508702.4719142749,179.91990422315078,1.4653773098692242,1.1760312428256563,1.0,Moderate Erosion,7.8931984568584035
264,499.9999999999956,499.9999999999956,496.2637121583301,0.0,-0.9340719604163752,462845.87253250036,1508902.4717188526,179.91990422648587,1.2613064304479196,1.3046837994055722,1.0,Moderate Erosion,1.0908365943884024
265,499.9999999999956,499.9999999999956,496.263715294853,0.0,-0.9340711762856556,462846.1521194078,1509102.4715234304,179.91990422648587,1.0114265806535194,1.2252582675652361,1.0,Moderate Erosion,-7.238490947960882
266,499.999999999978,499.999999999978,496.2637184313581,0.0,-0.9340703921549648,462846.4317063152,1509302.4713280082,179.91990422315078,1.338238465885276,1.2149649148658783,1.0,Moderate Erosion,3.6552393431189154
267,499.999999999978,499.999999999978,496.2637215678811,0.0,-0.934069608024231,462846.7112932227,1509502.471132586,179.91990422315078,1.5188826033789544,1.097656278347907,1.0,Moderate Erosion,9.676711377038934
268,499.999999999978,499.999999999978,496.26372470434575,0.0,-0.9340688239080636,462846.99088013003,1509702.470937164,179.91990422315078,1.3554289629097316,1.2220131139963497,1.0,Moderate Erosion,4.228257478847671
269,4.522091694101479,150.25194163125286,0.7858095987017126,36.432462484287846,-0.9340705238499416,462847.2704670375,1509902.4707417418,179.91990422648587,0.9726536789106742,1.1322708270516524,1.0,Moderate Erosion,-8.530920353620008
270,325.12553882410737,354.2712935744729,263.0977525384408,7.286438687591385,-15.506946571416648,462847.5500539449,1510102.4705463196,179.91990422648587,1.1279240628738385,1.1475102946618603,1.0,Severe Erosion,-17.928116935747905
271,325.12572380734923,325.12572380734923,322.19532641949945,0.0,-0.732599346962445,463022.40131629235,1510085.8855901342,-0.08074443198923655,1.3894729700882331,1.13336489648046,1.0,Moderate Erosion,5.601956398970668
272,499.9999999999408,499.9999999999408,496.1006716697533,0.0,-0.9748320825468966,463123.7765185922,1509987.2568014148,89.91945195279251,1.4938491848864206,1.1134236539682756,8.021993268998106,Moderate Erosion,-4.5131794106408005
273,500.0000000000898,470.1955615006408,466.2962327370237,-7.451109624862255,-8.425941815766535,463234.23760912596,1509897.6884207404,89.919711166731,1.666572521491142,1.368814709095655,8.168966134544732,Severe Erosion,-6.206844675035393
274,440.3911413872508,589.4132825026539,288.60164900211095,37.25553527885079,-37.94737309628496,463340.61798832455,1509867.7351275277,-90.08009637382433,0.9161954988646286,1.3053759777440306,7.813516738216947,Severe Erosion,-34.07420282913828
275,4.521957723929695,4.521957723929695,1.5915650911095938,0.0,-0.7325981582050254,463342.58091030497,1509782.2340803903,-0.08002886227436153,1.0604017225876314,1.352597531814819,1.0,Moderate Erosion,-5.3672505160954405
276,500.0000000000237,500.0000000000237,496.1006718020134,0.0,-0.9748320495025808,463419.276298284,1509658.9941994138,89.92013717351608,1.5910708080164833,1.1012716226978596,8.115017790581998,Moderate Erosion,-1.2724588298115813
277,500.0000000000279,500.00000008017975,497.0696211803186,2.0037958847751725e-08,-0.7325947049273225,463487.9575525227,1509527.7623072937,-0.07969759110769618,0.7132535050207665,1.2049369789995368,1.0,Moderate Erosion,-16.938931405272687
278,354.2677154844206,558.2929195525865,59.06691660295871,51.006301017041466,-73.80019972036547,463546.1490280963,1509454.7900567546,179.92043350329428,1.046897332558035,1.0958256352181222,1.0,Severe Erosion,-78.92213792703691
279,62.80558817297487,645.7315085243085,146.50817017000426,145.7314800878334,20.92564549925735,463604.6383684452,1509596.4162703804,179.92055535291914,1.1626694053791649,1.1435126100951973,1.0,Accretion / Land Gain,19.66280474229155
280,295.9755293641242,266.829173198659,263.8987940098399,-7.286589041366298,-8.019183838571081,463692.01143580995,1509548.7655916743,-0.07925454886013067,1.0122792217518024,1.1257658824208454,1.0,Severe Erosion,-14.258099748395328
281,499.999999999994,325.1209400807793,322.19056304231924,-43.71976497980367,-44.45235923941868,463691.8154328801,1509407.0584801305,-0.07924764195813015,1.4443084428555015,1.2985166740486287,1.0,Severe Erosion,-36.290302719760504
283,499.9999999999949,237.6806674795328,205.60369530494745,-65.57983313011553,-73.59907617376186,463837.4420895288,1509330.1008505332,-0.07892344445250224,0.9849278038950651,1.1677190591949296,1.0,Severe Erosion,-80.74978306356502
284,499.9999999999946,295.9729786740875,293.04260449226604,-51.00675533147677,-51.73934887693214,463808.1403597031,1509217.5810567448,-0.0789817045540122,1.133441930852761,1.28497979533485,1.0,Severe Erosion,-53.93957131041706
285,500.000000000028,354.2657874976158,351.3354150368987,-36.433553125603055,-37.166146240782325,463778.83839344984,1509105.0616195363,-0.07903765679651507,1.2190592998302516,1.2479232373562603,1.0,Severe Erosion,-36.512443354351866
287,325.1182565123038,266.8243370366392,263.8939661838464,-14.573479868916152,-15.306072582114354,463895.2800223052,1508999.0001877262,-0.07877867298646084,1.4156410146436182,1.3839567231692536,1.0,Severe Erosion,-8.099706136783777
289,500.0000000000044,441.7059771426686,438.77560702377576,-14.573505714333947,-15.306098244057154,463720.3344893281,1508952.9496299645,-0.07915872935204739,0.9840680453153363,1.081339185355076,1.0,Severe Erosion,-22.485408999954352
290,500.00000000002007,500.0000062319128,497.0696377427975,1.5579731780235306e-06,-0.7325905643056387,463691.0318778151,1508840.4312853646,-0.07921465157928327,1.3739215404050729,1.3004989157447877,1.0,Moderate Erosion,5.083228196469159
291,500.0000000000248,470.8526808885772,467.9223151077849,-7.286829777861897,-8.019421223059965,463719.94298008725,1508669.5383886993,-0.07914032984540069,1.2009824555978563,1.29155993691314,1.0352512548439088,Severe Erosion,-7.968255917962029
292,500.0000000000248,499.99999710331787,497.0696343457759,-7.24176729249848e-07,-0.7325914135622327,463719.6667283176,1508469.538579487,-0.07914032984540069,1.0522211987877257,1.12204998141004,1.0,Moderate Erosion,-5.640134668801988
293,499.9999999999277,440.39123523526376,436.491907792783,-14.902191191165985,-15.877023051786168,463767.29626252037,1508317.312298338,89.9209695902812,1.66931514062331,1.2805317632205881,7.987384984345146,Severe Erosion,-13.566505680469813
294,499.99999999997647,470.8521078956459,467.92174994897954,-7.286973026082649,-8.019562512749232,463806.67868063017,1508156.861408246,-0.07892510864568356,1.2293079533069313,1.2268800305621022,1.0,Severe Erosion,-7.024264034881882
295,499.9999999999976,470.8519187975208,467.921563471731,-7.287020300619204,-8.019609132066648,463835.59139258286,1507985.9694480612,-0.0788546689180406,1.109416959158694,1.1818017548080564,1.0,Severe Erosion,-11.020693517860622
296,500.00000000002126,499.9999999705682,497.0696471869012,-7.363269105553627e-09,-0.7325882032800166,463864.5045097534,1507815.0776542458,-0.07878423919568579,1.2099202951727694,1.134078186329237,1.0,Moderate Erosion,-0.383577778329922
297,500.00000000001154,500.0000007102621,497.0696505243577,1.775626401467889e-07,-0.7325873689134568,463893.4180303679,1507644.1860606212,-0.07871305908575339,1.1416534398254454,1.1424391870108288,1.0,Moderate Erosion,-2.659155353222258
298,500.00000000002825,470.8513424891175,467.92099500896575,-7.2871643777276915,-8.019751247765626,463922.3319677532,1507473.2946671494,-0.07863731661871887,1.2164786099240714,1.3639095786818636,1.0,Severe Erosion,-7.452164521509386
299,201.95647074189745,201.9564237196093,198.05709594879696,-1.1755572032257078e-05,-0.974843698275123,463952.55419959396,1507303.7080575665,89.92149813002854,1.6993192257345902,1.199918196906681,7.471370176524244,Moderate Erosion,2.33580967433011
300,201.9565094563519,201.9565075762428,198.057181147658,-4.700272739910361e-07,-0.9748320771734812,464122.7904558276,1507333.2795200956,89.92171895078471,1.8379021490874625,1.262445908542895,8.008429632453431,Moderate Erosion,6.955252003553279
301,499.9999999999901,529.1487038270006,525.4123838475737,7.287175956752634,6.353095961895889,464242.8854824669,1507413.1298564083,179.92206458936036,1.014871766816013,1.136633061713777,1.0,Accretion / Land Gain,0.1640184677616432
302,500.00000000001,529.148547280271,525.4122295443153,7.287136820065257,6.35305738607633,464243.0782405846,1507554.832464926,179.92205552134203,1.520499161145132,1.1375593267728763,1.0,Accretion / Land Gain,17.018224259357662
303,500.0000000000285,529.1483888277616,525.4120732590978,7.287097206933268,6.35301831476734,464301.56774201593,1507696.4562299855,179.92217581685262,0.9077301451979988,1.2865363371457406,1.0,Accretion / Land Gain,-3.407420682845169
304,499.9999999999984,500.0000003713636,496.2636869955436,9.28413044221088e-08,-0.9340782511137036,464360.0566310158,1507838.0803864945,179.92229612564967,1.1777747109579593,1.0920289108188868,1.0,Moderate Erosion,-1.6930037262916202
305,499.99999999999386,499.99999999999386,496.2636888216795,0.0,-0.9340777945785844,464418.54490535293,1507979.704999077,179.92241721487628,1.2887892108244823,1.1667828260701545,1.0,Moderate Erosion,2.007508237844298
306,499.9999999999887,499.9999999999887,496.26369102680366,0.0,-0.934077243296258,464477.03256871144,1508121.329906287,179.92253832077782,1.2426895645341343,1.2027145042182505,1.0,Moderate Erosion,0.47088209537890535
307,500.0000000000945,499.9999873254813,496.10066008223566,-3.168653293528223e-06,-0.9748349794647028,464541.8112710064,1508256.64674965,89.92265719552633,1.5065947075882047,1.2088831320349267,7.996126942700536,Moderate Erosion,-4.088332578567671
308,500.0000000000054,529.1476594671318,525.4113539784952,7.286914866781601,6.352838494622446,464593.92747996806,1508346.2858480264,179.92277760109204,1.1693207763300826,1.185626982176425,1.0,Accretion / Land Gain,5.31222724283607
309,440.3912682286057,678.8261798431502,50.16710970193138,59.60872790363611,-97.55603963166858,464512.928644141,1508405.7076883325,-90.07738209143746,0.726050224610215,1.2316047451390162,8.192236141158139,Severe Erosion,-100.02104430496274
310,500.0000000000655,499.9999931385402,496.10066621584974,-1.7153813161030484e-06,-0.9748334460539354,464610.9083609412,1508494.9886986807,89.92274057194152,1.5115949228049765,1.2553405137037947,8.57861804343271,Moderate Erosion,-3.921657230774993
311,500.00000000001023,500.00000000001023,496.2636974572223,0.0,-0.9340756356969848,464710.77232347254,1508535.4361726174,179.92302518230667,1.3279776999954482,1.258669136143377,1.0,Moderate Erosion,3.313934849408138
312,500.0000000000028,500.0000007865638,496.2636999318998,1.966402578545967e-07,-0.934075017025748,464798.3654331966,1508647.8765611874,179.92320848033646,1.2540884286765508,1.1209897596822018,1.0,Moderate Erosion,0.8510024127994887
313,499.99999999999017,499.9999922612164,496.2636936507018,-1.934693443672586e-06,-0.934076587322096,464798.5553605027,1508789.5820146317,179.9232032709785,1.0965997028608423,1.177054871185368,1.0,Moderate Erosion,-4.398624563625367
314,500.0000000000156,529.1470067096105,525.4107102448602,7.28675167739874,6.352677561211152,464798.7453081012,1508931.2876371907,179.92319658085557,1.335476170170755,1.2952889829707948,1.0,Accretion / Land Gain,10.850676938377406
315,500.0000000000033,500.0000000000033,496.2637057254517,0.0,-0.9340735686378993,464740.6416259851,1509073.0718294545,179.92306268167988,1.2466320517790097,1.2711878140297623,1.0,Moderate Erosion,0.6024240357451475
316,500.00000000002166,412.5597224076779,408.8234294001151,-21.86006939808594,-22.79414264997665,464624.1667090405,1509156.641449145,179.9228023038276,1.3224682592520465,1.0897272304110788,1.0,Severe Erosion,-18.72983205578185
317,499.999999999912,470.19552539882665,407.81951317332346,-7.45111865027134,-23.045121706647137,464625.70082708815,1509299.6875566016,-90.07717262321891,0.8944446891252272,1.2275614751778978,8.384114810500959,Severe Erosion,-19.896977497029077
318,500.000000000072,261.56489665906986,258.7975577854736,-59.60877583525054,-60.300610553649605,464485.30958977906,1509299.8771002516,-90.07749068087224,0.6756511141953123,1.0411849051301918,7.282315936707761,Severe Erosion,-64.44558560825996
319,412.5598273122855,412.5598271369638,89.01542562922681,-4.3830425511259825e-08,-80.88610042076468,464449.33662546985,1509194.048697695,-0.07757932669696549,1.1154312382630103,1.2032824863867906,1.0,Severe Erosion,-83.68700562174952
320,499.9999999999183,82.73853517254021,79.97119594720102,-104.31536620684452,-105.00720101317933,464381.8768066776,1509180.7995685213,-90.0777390892106,0.9120944089513437,1.3513591761443315,7.264585187034081,Severe Erosion,-101.27073298756302
321,499.9999999999922,470.8534621009122,204.79834437176112,-7.286634474769997,-73.80041390705777,464362.12276714545,1509360.8281354888,179.92222383163264,1.2920985197353023,1.1235595158234557,1.0,Severe Erosion,-70.74856257989045
322,499.9999999999889,325.12190435632584,321.3856170216026,-43.71952391091577,-44.65359574459657,464333.2083902904,1509531.7210524946,179.92215117742933,1.197408248047218,1.132486966509099,1.0,Severe Erosion,-44.75810371441731
323,412.5610025814608,412.5610025814608,118.16724935014793,0.0,-73.59843830782822,464245.7969979738,1509552.091696997,-0.07804421018443049,1.2170542562928681,1.2603351301659595,1.0,Severe Erosion,-73.01180139128431
324,142.34716864001248,261.5648151865686,50.16660384967071,29.804411636639024,-23.045141197585444,464089.0780285154,1509568.6559987483,-90.07836307826305,0.9916501084854319,1.0757721220943433,7.467013178498809,Severe Erosion,-16.65681671864332
325,499.9999999999999,499.9999995466781,175.6557589939608,-1.1333044369621349e-07,-81.08606025150976,464012.8183832577,1509692.3314538947,179.92143997662274,1.1118127439301277,1.148447211393411,1.0,Severe Erosion,-84.04391719568892
326,350.9779528355336,350.9779528355336,347.078625079847,0.0,-0.9748319389216532,464039.8192942888,1509807.1588578257,89.92149751637815,1.6820642317260692,1.2466549512443554,7.4140025925693145,Moderate Erosion,1.760654966928536
327,441.7080052949113,325.12402450799567,146.51179391404597,-29.145995196728904,-73.79905284521632,464013.045338478,1509857.8460943904,179.92143085190833,1.170219618092882,1.1481377001848814,1.0,Severe Erosion,-74.81001610738579
328,441.7078558685435,441.7078558685435,30.732383180240674,0.0,-102.74386817207572,463954.6652426526,1509793.7435161173,-0.07869489303325979,1.1667984256934778,1.180077433564572,1.0,Severe Erosion,-103.83227418821183
329,121.1022681606384,121.10226807000916,29.928065832854465,-2.2657310694285115e-08,-22.793550581945983,463867.33727853815,1509873.8808804038,179.9211126808792,1.365367265006765,1.2583963982807247,1.0,Severe Erosion,-17.299666322010033
330,470.8541420306108,791.4585380978359,30.73579522012049,80.15109901680628,-110.02958670262257,463954.9291491034,1509985.8810274168,-0.07870098618139942,1.3232630159876069,1.2324478709586504,1.0,Severe Erosion,-105.90250495768242
331,142.34718687148825,172.1515591060203,168.2522313591338,7.451093058633013,6.476261121911385,464095.45952660515,1509926.3004184456,89.92145961679677,1.7220260695880514,1.2201436970368162,8.722428130893897,Accretion / Land Gain,10.543809301914578
332,172.15159892442998,172.15159892442998,168.25227163835527,0.0,-0.9748318215186772,464235.76913660986,1509866.4999517454,89.92187629874621,1.7958214492381337,1.1717405370410938,9.066754652227692,Moderate Erosion,5.552562214252968
333,23.12958083339901,23.12958083339901,19.23025343123549,0.0,-0.9748318505408812,464228.658452133,1510015.5318058403,89.92190055127638,1.6031502046407253,1.228291403730071,8.038854882750732,Moderate Erosion,-0.8698126423770859
334,500.0000000000888,500.0000000000888,49.03460730027344,0.0,-112.74134817495384,464339.3668284706,1510104.7944696802,89.9221824169025,1.7022925767674995,1.188671197271166,8.446665131492106,Severe Erosion,-109.33158331847902
335,500.0000000000214,500.0000000000214,49.03414990363989,0.0,-112.74146252409535,464479.7578593777,1510104.6045398256,89.92348711761939,1.5534596298514851,1.235194514046582,8.092830721981484,Severe Erosion,-114.29279630706263
336,500.0000000000214,500.0000000000214,496.1006678771713,0.0,-0.9748330307125171,464679.75768104795,1510104.3374595493,89.92348711761939,1.6486245962137698,1.1588158597812535,8.199546144717354,Moderate Erosion,0.6459987317296935
337,500.0000000000214,500.0000000000214,496.1006710466976,0.0,-0.9748322383309472,464879.7575027182,1510104.0703792728,89.92348711761939,1.5804781851853509,1.1839652603341737,7.863133406359173,Moderate Erosion,-1.6255475101693702
338,500.0000000000214,500.0000000000214,496.1006742162241,0.0,-0.97483144594932,465079.7573243884,1510103.8032989965,89.92348711761939,1.6145490380894112,1.1193745113298936,8.07802363697911,Moderate Erosion,-0.4898516209857291
339,500.0000000000214,500.0000000000214,496.1006773857504,0.0,-0.9748306535677358,465279.75714605866,1510103.53621872,89.92348711761939,1.6892731971560406,1.1957708823387458,8.21498434865264,Moderate Erosion,2.000954473616832
340,499.999999999977,499.999999999977,497.069611666673,0.0,-0.7325970833259845,465470.6565734536,1510094.1928404705,-0.07539765625051432,1.0767405227269555,1.1337038624162923,1.0,Moderate Erosion,-4.823700499493347
341,412.5627609486636,412.5627609486636,408.82648191374864,0.0,-0.9340697587287394,465558.0304659489,1510045.9913112628,179.92479399608828,1.5143831281562656,1.1095235321245092,1.0,Moderate Erosion,9.527866619698562
342,325.1255258388366,325.1255258388366,322.19513823897574,0.0,-0.7325968999652162,465645.4699698467,1510047.6639218316,-0.07501580232321764,1.0485736838280417,1.219337967042342,1.0,Moderate Erosion,-5.762683807463726
343,23.13018182859926,82.7388993585932,78.8395723440165,14.902179382498485,13.92734762885431,465693.4217765678,1509953.9671172446,89.9250536468863,1.4178713658773696,1.215783300442866,8.3305544828428,Accretion / Land Gain,7.85640456491565
344,350.97817494029823,350.97817494029823,347.0788480241768,0.0,-0.974831729030356,465833.8128566441,1509953.7839658493,89.92534000814737,1.77371629143059,1.2613942445208672,7.573580339460524,Moderate Erosion,4.815722638469983
345,291.3694792166397,291.3695231860452,78.8396212534653,1.0992351377581144e-05,-53.13246449079361,465974.204076212,1509953.6015955633,89.92569001561749,1.7187490676766066,1.1642745265193617,7.979376388200264,Severe Erosion,-49.17415102097893
346,325.1256031990055,266.834141813196,146.51495312488535,-14.572865346452376,-44.65266251853004,466082.6531324995,1510045.130683099,179.92593883748307,1.2941350168673498,1.2312925932669339,1.0,Severe Erosion,-41.532063433269265
347,142.34774548350063,142.34774756035168,138.44842148234932,5.192127616737707e-07,-0.9748310002878284,466195.53198763647,1510072.533016242,89.92609794633881,1.6942514936552557,1.242676367887315,8.465617406346652,Moderate Erosion,2.166896546033571
348,325.1256531358606,325.1256537597307,322.1952658563372,1.5596752689361892e-07,-0.7325968198808681,466257.5370012715,1510052.3840729927,-0.0736785948992296,1.1976486105870325,1.2342208384143525,1.0,Moderate Erosion,-0.7938306841154412
349,499.9999999999998,499.9999999999998,497.06961376014414,0.0,-0.732596559963909,466286.5380820022,1509939.7839647944,-0.07360996278056307,1.0648979499333766,1.1327293679307626,1.0,Moderate Erosion,-5.218868417393066
350,291.36953496554844,231.76081628244827,228.9934758454665,-14.90217967077504,-15.594014780020489,466308.78877150494,1509833.952334506,-90.07363607626951,0.8113710140726981,1.2108577016144895,8.128392418601626,Severe Erosion,-15.214991989051857
351,23.130591043129726,23.130591043129726,19.231264772705305,0.0,-0.9748315676061052,466199.6115607921,1509744.6795813814,89.92627274329773,1.4984254121109366,1.228141523348538,8.400887843436237,Moderate Erosion,-4.360640125166664
352,412.5614289473808,412.5614289473808,409.63104748618497,0.0,-0.7325953652989625,466286.14173236286,1509631.2441015935,-0.07359500508082353,1.3457541700932714,1.1997066161162686,1.0,Moderate Erosion,4.143003301789793
353,142.3477414349746,142.3477414349746,139.58040143096272,0.0,-0.6918350010029712,466181.55574911047,1509714.8984872093,-90.07388488479249,0.777941725354482,1.0321249024810717,7.219352183250788,Moderate Erosion,-1.4271219085136644
354,237.68552741163785,208.5394712120253,205.6090878578661,-7.28651404990314,-8.01910988844294,466053.1420996734,1509762.7570110802,-0.07410974427905229,1.0756580370071978,1.2118292809484557,1.0,Severe Erosion,-12.146595872405499
355,150.24686830496103,150.2468688831382,146.51058509479964,1.4454429475563304e-07,-0.9340708025403472,465907.3585573055,1509721.8300932068,179.92557282841568,1.1523117232847597,1.3760380097387528,1.0,Moderate Erosion,-2.5410000108053143
356,499.9999999999808,499.9999999926466,497.0696159984907,-1.8335413187742235e-09,-0.7325960003725243,465790.8814736603,1509804.238222435,-0.07468313047210937,1.2614183316800112,1.1701398749582244,1.0,Moderate Erosion,1.3320612710055975
357,261.56507819156934,261.56507819156934,258.79773911200664,0.0,-0.6918347698906757,465709.3645498769,1509685.706757617,-90.07483787040714,0.7154416582939289,1.1408285774791302,7.731304860006264,Moderate Erosion,-3.5104575339105493
358,500.0000000000088,529.1461961854413,526.2158147702947,7.286549046358132,6.553953692571483,465674.0810569389,1509638.8760380775,-0.0749304015401036,1.0761438279274615,1.2289922641731892,1.0,Accretion / Land Gain,2.4428517147393256
359,500.000000000003,500.0000002635092,497.069620551581,6.587654866052618e-08,-0.7325948621055005,465703.0801520565,1509526.2768680672,-0.07486097901118213,1.236030453646481,1.2242283850354851,1.0,Moderate Erosion,0.4858411953540611
360,499.9999999999801,499.9999999999801,497.0696220442506,0.0,-0.7325944889323779,465673.7866653869,1509413.7542909582,-0.07491951925186688,1.2362219489013737,1.2947627209793129,1.0,Moderate Erosion,0.492238366611236
361,500.00000000002376,500.00000000002376,497.0696237532845,0.0,-0.7325940616848214,465761.07912378974,1509301.0796898096,-0.07472433175566151,1.123436849594021,1.0988124691883168,1.0,Moderate Erosion,-3.2673099385404702
362,500.0000000000041,499.9999984841008,497.0696244016457,-3.789758267203069e-07,-0.7325938995896024,465760.8943236054,1509159.372990371,-0.07471854543325851,1.1288226204530587,1.2580643703285594,1.0,Moderate Erosion,-3.0877854276812164
363,500.0000000000276,499.99999871817744,496.2637071084874,-3.204625471653344e-07,-0.934073222885047,465819.2680150626,1509220.9700526418,179.9254093906552,1.2353282311462064,1.2467405574588677,1.0,Moderate Erosion,0.2261764639031345
364,499.99999999988665,499.99999999988665,496.1006727730817,0.0,-0.974831806701232,465912.388911159,1509268.181008263,89.92565949318391,1.3827870120811472,1.188097323628107,8.235223936182049,Moderate Erosion,-8.215253514187854
365,237.6812390954556,208.53471365369543,204.7984238458564,-7.286631360440033,-8.220703812399798,466052.5796899818,1509327.8861410848,179.9259103427638,0.9893976770835453,1.2265143061711214,1.0,Severe Erosion,-15.258022684282574
366,499.99999999991246,470.1956481803019,466.2963215017953,-7.451087954902647,-8.425919624529286,466076.739807935,1509387.1856149524,89.92587637855253,1.4922330320795973,1.2817243311135535,8.378348567971114,Severe Erosion,-12.018140730791465
367,500.000000000055,500.000000000055,496.1006730710215,0.0,-0.9748317322583944,466157.36833330995,1509267.864211371,89.92616836938295,1.5679825951426758,1.269254534903074,8.429442135552085,Moderate Erosion,-2.0420674908176304
368,500.0000000000071,500.0000485391826,496.10072201730776,1.2134793877294214e-05,-0.9748194956748364,466297.836151772,1509327.2921144548,89.92641995267228,1.6466358049985803,1.1079782814590529,7.747655182861251,Moderate Erosion,0.5797183323151867
369,500.00000000004496,529.804340611191,525.9050137397912,7.4510851527865185,6.476253434936567,466378.77153531654,1509446.4057808728,89.92663691807184,1.8213031046436485,1.264926680557465,7.880846720041571,Accretion / Land Gain,13.853034519684327
370,354.26838118358773,354.2683815657796,350.53209457527663,9.554796065458505e-08,-0.934071652077776,466460.8572817912,1509504.6808546248,179.92679524652866,1.3291600089317313,1.1940839535220347,1.0,Moderate Erosion,3.3542264639323207
371,412.561309114689,412.561309114689,59.07032296143609,0.0,-88.37274653831322,466519.25628034805,1509588.021147419,179.92691682266093,1.1765194371960859,1.2050066593860616,1.0,Severe Erosion,-89.17243918813035
372,470.195663391383,470.195663391383,79.97183363415452,0.0,-97.55595743930712,466619.19501662755,1509535.5120328972,-90.072858394564,0.7971478922174645,1.2050848553730817,7.99795087913175,Severe Erosion,-97.65103847882057
373,295.9754410656473,208.5363331261467,205.6059540950096,-21.859776984875158,-22.59237174265944,466664.83248662367,1509465.9221529774,-0.07275943344733656,1.049112638770636,1.1872764081400926,1.0,Severe Erosion,-27.605018565848486
374,500.0000000000576,500.0000000000576,496.10067356821264,0.0,-0.9748316079612352,466815.0838938509,1509416.0462485794,89.92756075527242,1.597222709908603,1.2946784316376967,8.31406763907338,Moderate Erosion,-1.067397287923185
375,179.3898563401463,179.3898563401463,175.65356864994334,0.0,-0.9340719225507428,466927.1226855785,1509444.2929950717,179.92781451968057,1.157205153750144,1.1926185425259352,1.0,Moderate Erosion,-2.3773651171514345
376,500.0000000000312,499.99992980689206,496.10060350528266,-1.7548284787949342e-05,-0.974849123687136,467006.4159758325,1509386.000787557,89.92816649481432,1.6484074696823807,1.1098050945316524,8.285891972588928,Moderate Erosion,0.6387436780033114
377,499.9999999999888,499.9999999999888,496.26371165396057,0.0,-0.934072086507058,467189.3884508816,1509402.8200921302,179.9283884494558,1.0764153012727695,1.1678713775400789,1.0,Moderate Erosion,-5.070226804268673
378,500.0000000000302,559.6086399965532,555.7093135869851,14.902159999130744,13.92732839673873,467287.34722392104,1509504.8665072327,89.92860626862692,1.6779016666052655,1.2135544407206613,8.282976873727549,Accretion / Land Gain,16.524060967944592
379,266.8306945405648,237.68453251032568,29.9251479088648,-7.286540507559785,-59.226386657925005,467364.54671436426,1509627.7240532849,179.9287584138766,1.4304081969191085,1.297473180350664,1.0,Severe Erosion,-51.562692092912116
380,325.1237787463767,325.12377718355805,321.3874941883226,-3.907046561835159e-07,-0.9340711395135202,467452.12472861254,1509740.1771455042,179.92894585402203,1.1841820291221266,1.2472628710769977,1.0,Moderate Erosion,-1.477871881797808
381,208.54090217097448,208.54090205717856,204.8046208340074,-2.8448980060602483e-08,-0.9340703342417668,467481.41021742945,1509852.7029256003,179.92900467106733,1.2607523990853733,1.130843814592621,1.0,Moderate Erosion,1.0744882762529402
382,470.8542466986428,441.70848887903816,146.51470246327648,-7.286439454901156,-81.08488605884158,467481.58582083747,1509994.4110799935,179.92899711383075,1.3040172922866229,1.39752859663257,1.0,Severe Erosion,-77.63416610028601
383,142.3480369652342,112.54378041275828,108.64445507538218,-7.45106413811898,-8.425895472463004,467458.83407331293,1510100.740320494,89.9290241244482,1.5398166223105496,1.2197572443420832,8.577461989534996,Severe Erosion,-10.431997831892186
384,441.7085925666458,441.7085925666458,263.9039609039584,0.0,-44.45115791567186,467539.9338995456,1510040.1058232847,-0.07087766816186386,1.233119052927541,1.3006861393127154,1.0,Severe Erosion,-43.330695506619776
385,470.854138804231,470.854138804231,59.88162213307718,0.0,-102.74312916778844,467539.7586073181,1509898.3974375157,-0.07087286568143468,1.2013940743008604,1.186694986669133,1.0,Severe Erosion,-102.68016716387946
386,441.70796009689474,441.7079602900279,89.02529036416969,4.8283297360285367e-08,-88.17066743318126,467539.58333345887,1509756.6893785947,-0.07086326072055982,1.2141566960211414,1.2416656495394813,1.0,Severe Erosion,-87.68228694043711
387,121.1000442275622,121.1000442275622,117.36375965886612,0.0,-0.9340711421740197,467597.72207866237,1509632.48804536,179.92926810379439,1.0845423340862408,1.2662885242873325,1.0,Moderate Erosion,-4.799120061451352
388,150.2476988324319,150.2476991592682,146.5114163224708,8.170907506155346e-08,-0.9340706274902716,467627.00704868423,1509745.013702369,179.92932694084962,1.204169917043581,1.2964655053078646,1.0,Moderate Erosion,-0.811519756195558
389,470.1956785650875,470.1956785650875,467.4283387953016,0.0,-0.6918349424464765,467689.26976533537,1509832.2163946517,-90.07051807910564,0.8747000466470485,1.2835001118870637,8.161923304318684,Moderate Erosion,1.7981565137807722
390,237.6861219979148,237.6861219979148,59.879788547686616,0.0,-44.451583362557045,467772.7839693737,1509783.0232309678,-0.07035831992642183,1.41718034755715,1.2687429961350014,1.0,Severe Erosion,-37.195865323581835
391,231.76125257469243,23.131128380807606,19.231802440872567,-52.157531048471206,-53.132362533454966,467932.41196574736,1509742.505182455,89.92996323614949,1.7438903250740951,1.1738057758021938,7.658420859842258,Severe Erosion,-48.336008403028934
392,4.5168163957150345,91.9550408641756,89.02465774343791,21.85955611711514,21.12696033693072,468035.00250312244,1509704.6252408116,-0.06978023135928844,1.522490210831155,1.1533146236864424,1.0,Accretion / Land Gain,31.8928726244885
393,380.7827633790296,350.9784717614263,348.21113098464923,-7.451072904400817,-8.142908098595086,468004.425940696,1509593.3956408286,-90.06990274796856,0.6848981632629126,1.22577987577102,8.022073743089633,Severe Erosion,-11.979645913035334
394,321.17414888936025,291.36982758575255,288.60248700273064,-7.451080325901927,-8.142915471657403,467893.8024802514,1509563.7263929322,-90.07006044274668,0.9308483945488919,1.2738514187222378,8.819477322263735,Severe Erosion,-3.7813122880540124
395,201.9569108778097,201.9569108778097,20.36367390909055,0.0,-45.39830924217979,467753.41129903833,1509563.8985501756,-90.07041035680243,0.8275016028960964,1.181383344970078,7.3497970512131925,Severe Erosion,-44.48159921348803
396,500.0000000000789,499.9999910947657,496.1006649635526,-2.2263283057100125e-06,-0.9748337591315704,467727.21814542,1509474.517696938,89.92953010578098,1.9284701374363025,1.2845015229485384,7.777282439935689,Moderate Erosion,9.974180906956791
397,500.000000000024,500.0000006145808,497.0696219979681,1.536392062462255e-07,-0.7325945005139687,467859.76152717246,1509406.9812221592,-0.07014772780044515,1.0782655337939067,1.3155593627669357,1.0,Moderate Erosion,-4.774085927289726
398,412.5608379489885,529.1463879073009,59.06796335555801,29.146387489578103,-88.37321864835762,467888.91875835427,1509415.819437292,179.92991384730817,1.0745310172006732,1.1260363639172626,1.0,Severe Erosion,-92.5718278592615
399,295.9755361763458,121.09739787136556,118.16701870476614,-43.71953457624507,-44.452129367894926,467947.25249796995,1509449.3332973788,-0.06996027434586216,1.1096026884515886,1.132357657635066,1.0,Severe Erosion,-47.44909259511504
400,142.34835865458692,142.3483687925064,139.58102825845643,2.5344798686433023e-06,-0.6918325990326224,468016.3182887672,1509354.9465619642,-90.06979650643149,0.4814159381454312,1.1881660465151302,8.124183165834255,Moderate Erosion,-11.311311220581658
401,112.54407074119088,112.54407074119088,109.77673010483414,0.0,-0.6918351590891838,467935.39012167964,1509235.8279968638,-90.069981922193,0.7211370451187492,1.2241040767428564,7.549088515561073,Moderate Erosion,-3.320610267492989
402,500.00000000002296,500.00000000002296,496.1006733228115,0.0,-0.9748316693028728,467951.09687439445,1509086.7872327864,89.93018385676008,1.4861298038080184,1.157641121050141,7.537217501929674,Moderate Erosion,-4.770494977071363
403,391.8706833196584,391.8706833196584,387.51064943193705,0.0,-1.0900084719303322,468121.25620615337,1509056.7757704358,33.38460877048059,1.4426616507803656,1.3078034558030072,4.531053520294648,Moderate Erosion,-0.3380395395492941
404,412.5596299476992,470.8532090729459,0.768355747130542,14.573394781311675,-102.94781855014216,468034.2051922593,1509049.8260998244,179.93024949065781,1.2517503466634825,1.2335573174482826,1.0,Severe Erosion,-101.23903867125637
405,500.00000000008777,500.00000000008777,496.10067404719393,0.0,-0.974831488223458,468049.50234981574,1508937.6457460544,89.93031780594032,1.8814253300618529,1.2028598648153128,7.78724298347367,Moderate Erosion,8.406022707855973
406,499.999999999897,499.9999895304266,496.100663571148,-2.617367599100362e-06,-0.9748341071872488,468159.9808349785,1508848.098643494,89.93063982558431,1.7425632826351878,1.084883279965409,8.200361069779948,Moderate Erosion,3.7772850837430028
407,499.99999999997567,499.99999999997567,497.0696303355172,0.0,-0.7325924161146276,468325.38804278855,1508813.3476447617,-0.06910380531917866,1.1129820161962114,1.0945095850716684,1.0,Moderate Erosion,-3.617110694426643
408,428.1003896327675,392.1506675357509,65.95105423105065,-8.987430524254137,-90.5373338504292,468355.13799174316,1508818.0584355895,-124.06737007181336,0.7338860056770471,1.222253084937976,7.269178257358705,Severe Erosion,-95.02940720717099
409,499.9999999999296,529.8042689887799,19.23229405484123,7.451067247212563,-120.1919264862721,468436.1128098666,1508877.5695990538,89.93102003527845,1.6737875858377247,1.0291318501356872,8.489568739930133,Severe Erosion,-117.73233062873956
410,499.9999999999735,500.0000507135508,19.23231402873712,1.267839432728124e-05,-120.1919214928091,468516.75248595973,1508758.2556611928,89.93134332223889,1.4019647317695112,1.2808141155657384,7.3714262571168305,Severe Erosion,-126.7930875279123
411,499.9999999999927,499.9999999999927,497.0696317099252,0.0,-0.7325920725168942,468675.0371681301,1508716.4008924284,-0.06833675251230498,1.4742417344586796,1.1871710274899,1.0,Moderate Erosion,8.424701756754875
412,470.1957265876328,529.8042404208364,109.77713159613975,14.902128458300908,-90.10464874787326,468785.74456990726,1508698.3259447038,-90.06811353059287,0.9769163007598032,1.4592791629850395,7.085683449169816,Severe Erosion,-84.20744814426682
413,499.99999999998863,500.000000686432,497.0696339880784,1.716108357641133e-07,-0.7325915029775558,468849.7927503507,1508608.9788479144,-0.06794996945830853,1.1291492720180243,1.3845035028899069,1.0,Moderate Erosion,-3.07846976350108
414,500.0000000001008,499.9999548937887,496.1006300774851,-1.1276578021579551e-05,-0.9748424806539192,468960.1319117145,1508519.2936771533,89.93227584382426,1.3430295412071052,1.185387885259881,8.306549802043698,Moderate Erosion,-9.540515126108307
415,150.23123080368754,150.23123080368754,146.4949290046998,0.0,-0.9340754497469348,469082.8158651878,1508477.1982901343,179.932563255583,1.4035516533068726,1.1914108922711872,1.0,Moderate Erosion,5.835286421080129
416,500.0000000000823,529.8042469911937,525.9049216409177,7.451061747777857,6.476230410208842,469151.3967895335,1508429.6554515609,89.93278838851182,1.5828187479963485,1.2795789010310459,8.184313393131214,Accretion / Land Gain,5.903531183945753
417,500.0000000000928,499.999986237464,496.100661115151,-3.440657209807796e-06,-0.9748347212354532,469261.8792294967,1508340.1131331092,89.93295120592597,1.7856721729120435,1.3362097147877068,7.391060795007787,Moderate Erosion,5.214246838631856
418,499.9999999999411,499.9999999999411,496.1006754669842,0.0,-0.9748311332392204,469372.5709131211,1508429.396636703,89.93313804907993,1.360835578821193,1.0688901305357548,8.319184654639724,Moderate Erosion,-8.946969427211055
419,82.74041224395103,350.9786889033571,79.97307133910321,67.05956916485152,-0.6918352262119534,469265.4148080761,1508518.9346136418,-90.06696121551437,0.7100940197258874,1.0569938980248148,7.777950845449594,Moderate Erosion,-3.6887103409808177
420,23.13181876831173,678.8255251178439,20.364403760476524,163.92342658738303,-0.6918537519588019,469184.77147584426,1508638.2461974183,-90.06718894645033,0.8007868299879014,1.1500953635513567,8.004862372309683,Moderate Erosion,-0.6656352533678861
421,23.131820957454824,559.6084879487195,20.364453929438728,134.11916674781617,-0.6918417570040241,469249.172074314,1508727.5835489682,-90.06716105204531,0.8070473638665676,1.2464370485412175,7.9628447034056515,Moderate Erosion,-0.45693878818031375
423,321.1744053406085,23.13186003225074,19.23253491804117,-74.51063632708943,-75.48546760564183,469166.9592489729,1508936.3099227156,89.93276624374263,1.5324899038809698,1.2394547998102972,7.491375083700211,Severe Erosion,-77.73579496303805
424,82.7404253836924,82.7404253836924,78.84110044728176,0.0,-0.974831234102659,469307.35059763474,1508936.1454631002,89.9330206151028,1.6934272165349071,1.2852867288130294,7.538760800959732,Moderate Erosion,2.1394184276348347
465,112.54446119612226,947.0637847866432,50.16872862712052,208.62983089763023,-15.593933142250432,469483.61494252336,1508995.548556498,-90.0666003758418,0.6398572058253988,1.1036920477708878,8.38711238294561,Severe Erosion,-20.9320352891634
466,179.38422892358994,733.1750556267746,263.8945294124087,138.44770667579616,21.12757512220469,469462.2643010831,1508934.7554154664,-0.06662831360221926,1.1781779239726795,1.0144143466104003,1.0,Accretion / Land Gain,20.41567769709822
467,208.5295351940684,791.4703996039096,118.15801345198209,145.73521610246033,-22.592880435521568,469403.80547210335,1508793.1173289237,-0.06675097694589234,1.217578335131551,1.2684265881228234,1.0,Severe Erosion,-21.991402276962074
468,441.7056584486713,820.6188326542956,205.597899586998,94.72829355140608,-59.02693971541832,469316.2328958838,1508680.6606714474,-0.06693785344999817,1.27669851084035,1.1335840266200474,1.0,Severe Erosion,-56.45474554512458
469,500.0000000000797,499.9999468313035,496.1006215455975,-1.3292194054770334e-05,-0.9748446136205472,469413.9366969586,1508578.369842486,89.93325872473076,1.7067419603359297,1.0384032087061656,8.057190826375612,Moderate Erosion,2.5832297768239014
470,23.13198287056704,410.5872681001743,20.364638531614577,96.86382130740182,-0.6918360847381155,469457.36653534614,1508488.9064555762,-90.06661024760625,0.6313039565372235,1.2115191578227997,7.309590346275216,Moderate Erosion,-6.315046543927462
471,499.9999999999303,529.8041780032232,317.2751606356576,7.451044500823229,-45.68120984106818,469548.1525708138,1508429.1925745832,89.93348769630532,1.3698826048711061,1.2633865694655027,7.891847930924521,Severe Erosion,-53.351780694746296
472,62.78693900796512,91.9344808320635,89.00411802802094,7.286885456024596,6.554294755013956,469665.61335830804,1508346.6127524246,-0.0661587978125108,1.3911896478470174,1.1901897963693246,1.0,Accretion / Land Gain,12.942678864506501
473,499.999999999991,529.14762446702,409.6267603289708,7.286906116757251,-22.59330991775505,469607.2233550358,1508264.5837774058,-0.06628400916412727,1.249384352219625,1.1633439839945476,1.0,Severe Erosion,-20.931739857857092
474,500.00000000010914,499.99994096795575,496.1006161980261,-1.475803834694034e-05,-0.9748459505207734,469763.0828121684,1508220.314697642,89.93403701997251,1.4877267544314776,1.1872305671434225,8.274777351138683,Moderate Erosion,-4.7172786333035415
475,499.9999999999926,499.9999999463252,292.2305300070896,-1.3416851629699522e-08,-51.94236749822576,469840.4275342158,1508284.6595076656,179.93422326614743,1.4331320044582836,1.1703213425244856,1.0,Severe Erosion,-44.186607620613145
476,4.493631187147017,4.493631187147017,0.7573289017907134,0.0,-0.9340755713390758,469898.8850581167,1508426.2975801378,179.9343465898297,1.2178095423126796,1.0920895836078357,1.0,Moderate Erosion,-0.35570239987478247
477,350.97872403890267,172.1533414278345,169.38599928136617,-44.70634565276704,-45.398181189384125,469965.7779671571,1508518.1244705531,-90.06549891372474,0.976894838977853,1.1427297615983811,7.715473481854626,Severe Erosion,-39.501695269064996
478,4.494871523276077,4.494871523276077,1.5645062827175424,0.0,-0.7325913101396337,469840.67815738486,1508502.9584526042,-0.0657850181304459,1.2096685062464791,1.2416117835612206,1.0,Moderate Erosion,-0.39499890308908897
479,179.3794183698513,179.37941789347923,0.7591956937130098,-1.190930163375015e-07,-44.655055669034574,469811.5583575703,1508526.9514702605,179.93415204270207,1.5095718940953258,1.225635420696669,1.0,Severe Erosion,-34.35131604462464
480,179.38040765798058,62.791480884799626,59.05518133991604,-29.14723169329524,-30.081306579516134,469695.0653482268,1508610.496576486,179.9338926087334,1.4637626429190853,1.213314375339401,1.0,Severe Erosion,-21.304602367300113
481,470.1957467611802,470.1957467611802,467.4284056907768,0.0,-0.691835267600851,469611.76869733346,1508727.161493272,-90.06627084567324,0.7626556452933881,1.1202063645313538,7.846239698057847,Moderate Erosion,-1.9366560099962185
482,354.26490261491256,237.6768366896614,29.911448650783747,-29.14701648131279,-81.0883634910322,469724.4384715001,1508806.4330165312,179.93394851426913,1.34619676890175,1.1852582499155049,1.0,Severe Erosion,-76.23050873626042
483,441.70614937513614,441.70614937513614,59.05988788264867,0.0,-95.66156537312187,469841.12226456107,1508889.7109422293,179.93419905030942,1.2972657696260077,1.0255673240200645,1.0,Severe Erosion,-92.43468562519614
484,62.79518505511099,295.971104419002,1.5708283185273162,58.29397984097275,-15.306089184145918,469841.06324854726,1508838.3222491343,-0.06579840170818482,1.4048353742298778,1.2140395425562782,1.0,Severe Erosion,-8.462931396484175
485,42.03986886555872,42.03981292123887,38.12692687646022,-1.3986079961725297e-05,-0.9782354972746248,469870.0142041509,1508667.435912723,77.51486049024727,1.445802325325084,1.3141542088222047,8.293144256528409,Moderate Erosion,-5.802852800175147
486,179.3804427703073,121.08596985945968,1.566650295380474,-14.573618227711904,-44.45344811873171,470015.68801306706,1508613.005021609,-0.06540798677208853,1.3024510852084383,1.0819380056889392,1.0,Severe Erosion,-41.02319081873951
487,231.7619696691061,231.7619696691061,227.86264400995984,0.0,-0.9748314147865712,470120.710168101,1508577.556283065,89.93481644912093,1.758763414169961,1.1530083358866894,7.451163147942613,Moderate Erosion,4.317291019461368
488,91.93667668908935,91.93667748216932,89.00631250411084,1.982699906477592e-07,-0.7325910462446288,470219.5638677192,1508476.4125259924,-0.06495598670507663,0.9357355987989189,1.2262466463504027,1.0,Moderate Erosion,-9.5262884783602
489,33.6403843659595,4.492902988602986,1.5625393428775336,-7.286870344339128,-8.01946125577049,470102.8795038982,1508393.1347670383,-0.06520586573520462,1.022056000378922,1.3001699909865438,1.0,Severe Erosion,-13.935753819099366
490,499.99999999995714,499.99999999995714,49.03726187212011,0.0,-112.74068453195926,470218.98766336736,1508309.206564974,89.93498673705261,1.2941149158292389,1.1641048938866196,8.501802330817554,Severe Erosion,-122.93684542075977
491,500.0000000001026,500.0000000001026,49.03735376165236,0.0,-112.74066155961256,470329.67604458815,1508398.4939377941,89.93530081923396,1.559588719808615,1.1445611092355235,8.320275678524201,Severe Erosion,-114.08769573183535
492,33.64133399105183,91.93617669007692,89.00581220176235,14.573710674756272,13.84111955267763,470394.40787963476,1508440.6168918437,-0.06457328242365463,1.3071805319099823,1.0424153043537987,1.0,Accretion / Land Gain,17.428830831657443
493,500.0000000001068,500.0000000001068,78.84151107667209,0.0,-105.28962223085868,470522.32648969593,1508368.47294171,89.93568351017323,1.825353305797685,1.2082240472762524,8.223484494443412,Severe Erosion,-97.77783697037854
494,499.99999999998914,412.5578555736232,263.0846583200095,-21.86053610659148,-59.22883541999491,470569.3177948496,1508463.2401611598,179.93580630024306,1.2115623735371244,1.3632883472530029,1.0,Severe Erosion,-58.858361517896036
495,499.9999999999271,440.3915600819719,78.84164580489008,-14.902109979488811,-105.28958854875928,470655.5689399564,1508517.3448154517,89.9359633880222,1.8442920820075401,1.2220931622758433,8.137165554365463,Severe Erosion,-97.14651082090282
496,383.4108871603669,383.41088764849655,380.4805211952555,1.2203241794850328e-07,-0.7325914912778444,470773.45086884673,1508554.270797106,-0.06375175489268407,0.9925397101488825,1.198108983109226,1.0,Moderate Erosion,-7.6330987823523015
497,499.99999999989103,529.8042165044841,227.8627648418468,7.451054126148264,-68.03430878951106,470876.74368652835,1508517.0986661087,89.93647199730665,1.3444923882213213,1.225671155205804,7.688244952387843,Severe Erosion,-76.55122098628684
498,121.08515566106747,179.3797549112628,118.15478950115666,14.573649812548831,-0.7325915399777045,470977.46272513486,1508536.9009916093,-0.0633066984255678,1.1912258811249967,1.1990102488685868,1.0,Moderate Erosion,-1.0103300344607984
499,500.0000000000047,529.1472729584867,525.4109728110031,7.286818239620501,6.352743202749608,471123.2149576173,1508551.1762805264,179.93701058539844,1.2580495663237947,1.1348512892170843,1.0,Accretion / Land Gain,8.273070447446145
500,499.9999999999816,499.9999999999816,108.64595675261282,0.0,-97.83851081184218,471238.4409543614,1508635.9170738983,89.9372300687237,1.5950955477434676,1.2657215201821874,7.158162079645497,Severe Erosion,-98.00198455231265
501,350.9789640926144,589.4127001608041,169.3863345766879,59.60843401704743,-45.39815737898162,471247.45185178064,1508725.3199558968,-90.06277357315669,0.489883925064292,1.2178800414805921,8.055226561961547,Severe Erosion,-55.735367879181005
502,291.370500957324,291.370500957324,287.47117669471714,0.0,-0.9748310656517134,471168.34090014343,1508814.819295484,89.93709559929357,1.5866317530010958,1.2011831293200763,7.245543696979871,Moderate Erosion,-1.4204312632156555
503,261.56626157770984,261.56626157770984,257.6669376802367,0.0,-0.974830974368288,471249.18942796846,1508874.3391799983,89.93731573962435,1.4043293355366453,1.1217120576991544,8.021218937420512,Moderate Erosion,-7.497178476892554
504,500.00000000004337,410.5873674526948,108.6459767057502,-22.353158136837138,-97.8385058235733,471301.38518288493,1508784.869336671,89.93741476408628,1.7004506436926192,1.3040703362441184,8.346111129816366,Severe Erosion,-94.4901430794231
505,500.00000000002166,529.8042129975067,198.05862405655728,7.45105324937127,-75.4853439858661,471382.03820626135,1508665.564415962,89.93754677891494,1.6549894992882999,1.2530226328052865,7.809244663217922,Severe Erosion,-73.65235275538186
506,325.11722869986494,325.1172285909583,322.1868600937014,-2.7226661813983813e-08,-0.7325921515408851,471473.1176914578,1508675.7503409192,-0.06223188013625743,1.058583571653087,1.1556082514148314,1.0,Moderate Erosion,-5.431991083177661
507,237.6759176528772,237.6759174735392,234.7455488714507,-4.4834493451162416e-08,-0.7325921953566166,471560.5662271561,1508682.31364642,-0.06204112498016338,1.1224868337231186,1.279984976157199,1.0,Moderate Erosion,-3.301926782040084
508,500.000000000076,499.9999759956885,78.84188251453394,-6.001096878094359e-06,-105.28952937138553,471713.832621842,1508695.009233824,89.9382450194254,1.441117739374152,1.1600275758047236,8.47649962580263,Severe Erosion,-110.58559698083029
509,325.1168375171951,325.1168375171951,0.7614630423412718,0.0,-81.08884361871345,471822.8096101861,1508606.9951703467,179.9385335250485,1.1910272522737129,1.137310721128874,1.0,Severe Erosion,-81.40223910507932
510,350.97900713910536,350.97900713910536,49.03773016318372,0.0,-75.48531924398041,471817.1684489789,1508754.5065571954,89.93849696283807,1.7432711176246007,1.1390287285004284,7.313582091664027,Severe Erosion,-70.70960764147422
511,499.9999999998868,410.5874050376758,49.03779200660031,-22.353148740552754,-112.74055199832162,471898.0794043322,1508873.6367305191,89.93868297887808,1.4521408639909716,1.0580562548016257,9.084313138442278,Severe Erosion,-117.66918222999934
512,261.5663852484405,291.37058437307104,168.25445495511593,7.451049781157636,-23.32798257333114,471920.6964681328,1508992.8294289054,89.93871001950578,1.6756067484709638,1.2373929896550462,7.974497308664157,Severe Erosion,-20.80774999574192
513,142.34959030814653,142.34959551238006,138.45027075386932,1.301058382807696e-06,-0.9748298885693032,472002.7306880719,1508933.1334258493,89.93883959307075,1.520461129354053,1.0532152477906398,7.649001833336133,Moderate Erosion,-3.6261179804315073
514,470.1957939568306,976.8671244093804,228.99476916737228,126.66783261313743,-60.300256197364575,472029.28144555684,1509052.3219665869,-90.06100614061585,0.6810693019025541,1.1013547678532971,7.437160587248277,Severe Erosion,-64.2646203586763
520,410.5874594173495,827.8460460695395,139.5823449326524,104.3146466630475,-67.75127862117428,472445.75353969395,1508664.4269685633,-90.06010060643659,0.7839456660674703,1.033799870354841,7.911988387723049,Severe Erosion,-68.28643042094707
521,380.7832301563767,768.2376798064258,348.2116946877126,96.86361241251228,-8.14288386716602,472365.0330624444,1508724.1201548527,-90.06029369278932,0.6447138731140052,1.1929341141613141,7.9490328215057895,Severe Erosion,-13.319095479262892
522,231.76228006415124,708.6291820504073,199.1907263312516,119.216725496564,-8.142888433224918,472224.64148856624,1508724.2682889318,-90.0605162476902,0.7169528273128739,1.18779398244194,8.041053749116841,Severe Erosion,-10.91113495996083
523,291.37060760759374,827.8461391658341,79.97382496534095,134.1188828895601,-52.8491956605632,472143.9845987439,1508843.570536259,-90.06077530143588,0.6203185411409022,1.1736228383230567,7.880877036925826,Severe Erosion,-58.83858512350744
524,172.1538418813881,172.1538348845905,168.25451114050054,-1.7491993986595844e-06,-0.9748326852218908,472137.40640997235,1508873.381747493,89.93919172153846,1.8947085446639582,1.1163356682930439,8.253285618576037,Moderate Erosion,8.848792979360056
526,410.5874224047264,380.7832050486604,49.03775824654512,-7.451054339016494,-90.38741603954531,471980.2974334052,1508843.7446599978,89.93887494465594,1.60528930516905,1.1059797394546074,7.844943514400512,Severe Erosion,-90.21109827968667
527,500.0000000000341,529.8042067662933,168.2545685956234,7.4510516915648,-82.93635785110268,471915.90755818883,1508754.4007921922,89.93881491366226,1.4950409457270781,1.2369546191891445,7.226009791623133,Severe Erosion,-86.43498539106561
528,266.8234997883094,295.9705649924635,118.15779793181753,7.286766301038526,-37.166425464122966,472026.9657396635,1508724.9800593788,-0.061025530626764087,1.2316709481157997,1.155775126650529,1.0,Severe Erosion,-36.09652591045186
529,237.6753049854832,237.6753049854832,234.74493733961395,0.0,-0.7325919114673098,471997.6986902507,1508612.4525615745,-0.06108379404109316,1.1827243472969076,1.2251774657703944,1.0,Moderate Erosion,-1.294232159921459
530,499.9999999998973,499.9999861236488,108.64627320258616,-3.4690621220079265e-06,-97.83843169932776,472130.85893853614,1508545.5423590788,89.93914109540074,1.5668543344212558,1.1290745997944,8.141503739381344,Severe Erosion,-98.94327969699387
531,499.9999999999192,529.8042836515306,525.9049602420449,7.451070912902836,6.476240060531424,472271.18729967123,1508485.7855089062,89.93946134073907,1.6921247817262752,1.2144000973618283,7.608275442282175,Accretion / Land Gain,9.54707356074855
532,499.99999999999983,500.0000000539582,497.0696346821724,1.348959699498664e-08,-0.7325913294568522,472376.4420267481,1508450.5745713846,-0.06025081398524803,1.313205526552199,1.3041884047344516,1.0,Moderate Erosion,3.054947220779673
533,499.99999999999017,529.1475130042843,147.29943517744692,7.2868782510735315,-88.17514120563581,472434.58801471983,1508308.8082484703,-0.060119586235379115,1.1200051140455405,1.2468562129887197,1.0,Severe Erosion,-90.82764694368845
534,142.34994723575278,142.34994723575278,138.4506228054789,0.0,-0.9748311075684696,472602.73049560713,1508276.8082403925,89.94026415521304,1.5136270465057151,1.1669764098964028,7.620496173941141,Moderate Erosion,-3.85392231079187
535,441.7048750346752,441.7048750346752,438.7745125173794,0.0,-0.7325906293239512,472726.0121778029,1508259.5877653093,-0.05948042292121784,1.1583269938136587,1.2205487017791936,1.0,Moderate Erosion,-2.107849115082171
536,231.7624350629284,231.76256438808008,19.23400934642089,3.233128791890749e-05,-53.13210642912688,472853.6166791953,1508187.1352733462,89.94074434978711,1.2547116113731898,1.180731293020746,7.826639894996092,Severe Erosion,-64.64171225280481
537,201.95813697401832,201.95814959041908,108.64635049499034,3.1541001916934874e-06,-23.327946619756997,473023.78168162063,1508157.1559942258,89.94115867034941,1.3727211297347308,1.2006188128473139,8.701273702116508,Severe Erosion,-30.903901930749758
538,500.0000000000111,500.0000000000111,496.2636949050969,0.0,-0.9340762737285502,473192.3007973589,1508188.4962835987,179.94153834635685,1.4054392793827524,1.1739354328334646,1.0,Moderate Erosion,5.900295063494073
539,52.93767146419232,23.13353580266895,19.23421265210316,-7.451033915380843,-8.42586470302229,473334.4602664699,1508246.2511179298,89.94175912700017,1.8467449503727962,1.1868283719082666,7.663798672749396,Severe Erosion,-0.20102613551587112
540,52.937647011194414,52.937647011194414,49.03832399957192,0.0,-0.974830752905623,473415.24368444714,1508246.1692995965,89.94217231363629,1.5626443903359135,1.2169426710315614,8.274891305545518,Moderate Erosion,-2.2200109506875148
541,500.0000000001141,589.4124944494961,466.29652158354577,22.3531236123455,-8.425869604142079,473585.4694242584,1508275.8017188853,89.94239368124684,1.686483342284534,1.120501015544759,7.825680064673926,Severe Erosion,-5.543084788863247
542,350.97926986892725,470.1958978651848,376.8840424130679,29.80415699906439,6.47619313603515,473549.782939745,1508395.0543173268,89.94235742252896,1.6466873207531139,1.118671758688556,7.663416145780064,Accretion / Land Gain,8.03244390875283
545,380.78337813143537,470.1958588798702,257.667449720352,22.3531201871087,-30.77898210277084,473735.15241626103,1508394.86832986,89.9426752932896,2.061831921066301,1.0888587105782048,7.808860055678799,Severe Erosion,-15.38457806049465
547,208.52571005543183,121.083412328319,118.15304801502757,-21.860574431778208,-22.59316551010107,473862.86804014177,1508360.9233618593,-0.057005738718444825,1.3675382616475784,1.0719291968991869,1.0,Severe Erosion,-16.995290952928187
548,470.8525080570493,441.7050156159127,437.9687124452028,-7.286873110284148,-8.220948902961624,473775.3676641238,1508302.7699695467,179.94280576397512,1.181211652304291,1.1025816216155686,1.0,Severe Erosion,-8.860536860365457
549,295.9681984279996,325.11559681899485,321.3792949583612,7.286849597748812,6.3527741325903975,473658.8613826339,1508386.2968424887,179.94254870460776,1.0570700195483775,1.2127013979980321,1.0,Accretion / Land Gain,1.575071929588269
550,499.9999999998944,589.4124808789945,585.5131583327742,22.35312021977504,21.378289583219956,473702.42519744847,1508305.4885643225,89.94261504885648,1.3590328513383612,1.128540658665481,8.009228251120106,Accretion / Land Gain,13.346057981932095
551,500.0000000000224,529.1475971372817,526.2172350881896,7.286899284314813,6.554308772041793,473804.4201579118,1508207.4794052856,-0.057127348162501534,1.2301207213188163,1.2410707036900201,1.0,Accretion / Land Gain,7.571626951377908
552,499.9999999999886,500.0000002626799,497.0696394733756,6.567283605818376e-08,-0.7325901316532537,473920.9276947926,1508123.954142087,-0.05686922491408135,1.08615036618542,1.2027691518160575,1.0,Moderate Erosion,-4.514343858074771
553,500.00000000000296,937.2166133616053,934.2862537122584,109.30415334040056,108.57156342806384,474037.43596869195,1508040.4296893599,-0.05661278586955139,0.9862667118197997,1.0425178600181193,1.0,Accretion / Land Gain,101.46029488007547
554,172.154502291576,172.154502291576,168.25517940283254,0.0,-0.974830722185864,474204.1459136704,1508066.5578913204,89.94360912201522,1.5030138736311542,1.2523947901268677,7.970257993447252,Moderate Erosion,-4.207695143398497
555,350.9793133650819,291.37106726982444,138.45105649688625,-14.902061523814368,-53.132064217048914,474314.82106568426,1508155.8619410987,89.94398722386049,1.4377676083146231,1.2648524450315664,7.9261756002612715,Severe Erosion,-58.53980423512089
556,410.5875942928324,380.7834665975465,108.64696755592809,-7.451031923821475,-75.48515668422608,474425.3794490569,1508125.9499139052,89.94427433206596,1.8530710560721546,1.1204828377574134,8.236928035030736,Severe Erosion,-67.04944850886326
557,354.26199062857944,354.2619903171102,350.5256856457684,-7.786731259784575e-08,-0.9340762457027552,474562.2399919097,1508189.017853657,179.9445258919202,1.3326332458161496,1.233599567326303,1.0,Moderate Erosion,3.4741225390444974
558,441.7049913301237,441.7049913651065,438.7746280586752,8.745701052248478e-09,-0.7325908178621319,474562.32668995124,1508278.5609303408,-0.05547732974281569,1.1984167990373351,1.1314493132740535,1.0,Moderate Erosion,-0.7724540244452187
559,266.82091523264256,266.82091523264256,263.0846135726678,0.0,-0.9340754149936856,474533.28109411284,1508383.7002187949,179.94445640605196,1.4223793882098823,1.2077587100087073,1.0,Moderate Erosion,6.465645279456444
560,4.496635568671764,354.26370048651114,350.5274005455687,87.44176622945984,86.50769124422423,474620.83196031634,1508496.1735134607,179.94464229534017,1.2119917157720792,1.0987517874382715,1.0,Accretion / Land Gain,86.89453278246232
561,179.38188810927042,208.5289867562281,204.79268902317963,7.286774661739422,6.352700228477303,474620.9688787709,1508637.8790922377,179.94463639896318,1.0711938805901546,1.0564097863124644,1.0,Accretion / Land Gain,2.0462792218359853
562,208.530569928362,208.530569928362,204.79427439197832,0.0,-0.9340738840959232,474679.39967528736,1508779.5287399993,179.94475981933834,1.4288542607434798,1.1691670552230733,1.0,Moderate Erosion,6.681546502252363
563,350.97928631805786,321.1751455172857,317.2758227063371,-7.451035200193033,-8.425865902930184,474817.9839039928,1508840.8703011433,89.94504330233545,1.680836322549254,1.189861700527025,8.541223983997666,Severe Erosion,-5.731315684506891
564,321.1751618969782,261.566890012697,257.66756721820974,-14.902067971070297,-15.87689866969211,474958.3185129355,1508781.1278085401,89.94533158447511,1.4444128947729489,1.1679772397494705,6.711589816044063,Severe Erosion,-21.063129441324392
565,321.1751962014979,321.1751962014979,168.25520176464528,0.0,-38.22999860921316,475039.0451144776,1508721.4426479393,89.94555624710786,1.571449017702819,1.10509851360654,8.158235922212388,Severe Erosion,-39.181691999631205
566,33.647077076163264,4.500023578923901,0.7637264816387948,-7.286763374309841,-8.220837648631118,475174.7908687697,1508666.2994361047,179.94584291841358,1.0690353496907683,1.1678541660330153,1.0,Severe Erosion,-12.598928915554904
567,499.9999999999877,295.97168849723494,0.7664201237404678,-51.0070778756882,-124.8083949690618,475233.21859728394,1508807.950433648,179.94596590189408,0.9929572694675501,1.22132128410759,1.0,Severe Erosion,-131.72239362388348
568,499.9999999999732,52.9380467571723,49.03872415866691,-111.76548831070023,-112.74031896032658,475311.396084314,1508929.8142546117,89.94612123207067,1.7389264552736596,1.1961174008907653,8.12388717453267,Severe Erosion,-108.10943122266836
569,4.50643916661426,4.50643916661426,0.7701472892657062,0.0,-0.9340729693371383,475320.84344050067,1509003.8407594003,179.94614832939078,1.4867884515990992,1.2142625697197218,1.0,Moderate Erosion,8.613010233013513
570,33.65564753450538,33.65564806547586,29.919358362418137,1.3274262045115393e-07,-0.93407229302181,475379.2696572817,1509145.4929008263,179.94627188983515,0.9905899568414566,1.145955033639921,1.0,Moderate Erosion,-7.926910162117516
571,500.00000000001546,4.510687088590283,0.7743986464979251,-123.8723282278563,-124.8064003383794,475321.05503593775,1509228.96175061,179.94614155255945,1.284821388343352,1.2932379339827746,1.0,Severe Erosion,-121.99155415492655
572,82.74189696201904,172.1543739111714,169.3870308002906,22.35311923728809,21.66128345956789,475239.2677267804,1509347.1403926783,-90.05411602372685,0.7024037930488175,1.1053089437591672,8.546552196399944,Accretion / Land Gain,18.408070613958756
573,470.1958533101648,559.6083148642316,555.7089913909374,22.3531153885167,21.378284520193148,475163.8117370987,1509257.7991479503,89.94579170197706,1.5269310134092404,1.238482290066557,7.704901737604958,Accretion / Land Gain,18.942657601369667
575,208.5366608066456,208.5366608066456,59.06872309865672,0.0,-37.36698442699722,474971.38746819575,1509323.2019580423,179.94537613413743,1.111522257830189,1.2939745897882728,1.0,Severe Erosion,-40.32895404819156
577,500.0000000000087,470.8538161924481,59.07101354955812,-7.286545951890147,-110.23224661261264,475117.2470890757,1509458.1155069678,179.94569050974428,1.0707805362592682,1.2377757945908883,1.0,Severe Erosion,-114.55220046101172
578,325.1234735048692,383.4156464754745,59.07243524520465,14.573043242651323,-66.51275956491614,475233.9104698904,1509541.4206528303,179.94594077892637,1.2076556486952483,1.1830213513484793,1.0,Severe Erosion,-66.270151425192
579,142.35018758934206,23.13362932528372,19.23430658818496,-29.804139566014584,-30.778970250289277,475359.90559339966,1509496.0477353353,89.94616501466983,1.4753573059695722,1.1570035572525195,8.264180449565178,Severe Erosion,-34.93372083234446
580,499.999999999985,500.0000913355282,108.64678264359436,2.283388580792689e-05,-97.83830433909766,475470.5768321784,1509585.3565091135,89.94648000392266,1.6405683493583714,1.2820664423024883,7.84579921346297,Severe Erosion,-96.48602021019846
581,499.9999999999933,500.00000024551326,292.24170402019536,6.13799926441061e-08,-51.93957399494949,475583.7297883671,1509612.5150163034,179.94670112805807,1.1928363798501582,1.0853137236030708,1.0,Severe Erosion,-52.190764542195176
582,321.17509353709534,380.7833869386393,378.0160446485924,14.90207335038599,14.210237777874257,475505.59993339574,1509734.344606616,-90.05352518542256,0.7641579675124854,1.1214118093978251,8.467093279362173,Accretion / Land Gain,13.015497543542208
583,4.521665943154041,91.95900805609024,88.22272852586596,21.85933552823405,20.92526564567798,475438.1832313002,1509808.6297825738,179.94637678064268,1.0642398113324312,1.1671333466889127,1.0,Accretion / Land Gain,16.387447335469993
584,142.34979103684424,142.34990142143553,139.58255731133096,2.7596147823771844e-05,-0.6918084313783197,475342.7162735156,1509734.4971109766,-90.05387513938973,0.7134844772470161,1.2980338823463673,7.658199078259456,Moderate Erosion,-3.5756650842199833
585,172.1537684039691,172.15406304406213,169.38672067033252,7.36600232542628e-05,-0.6917619334091469,475232.1569126534,1509764.4053916046,-90.05406706512251,0.9133088619682742,1.2293696709040138,7.8387700908970945,Moderate Erosion,3.085194195719633
586,295.97819442690394,558.2919397920746,89.02597826304209,65.57843634129266,-51.738054040965466,475146.5749337571,1509649.9598941526,-0.05425480536212514,1.2747588082048231,1.1216690947331354,1.0,Severe Erosion,-49.23346810284356
587,499.99999999996857,112.54592817642786,109.77858471058308,-96.86351795588516,-97.55535382234638,475127.3966596698,1509585.6794378648,-90.05425165373535,0.6533668925927567,1.1743544869699842,7.9770882494203725,Severe Erosion,-102.44313004633914
590,33.6654321705337,33.66543190318582,29.92915065840769,-6.683696973652786e-08,-0.9340703780315032,474826.02249787294,1509705.6533909738,179.945042118391,1.2152835241491489,1.1499073383858012,1.0,Moderate Erosion,-0.4374088508853738
592,354.2706717779605,762.312760411129,380.4861517198665,102.01052215829212,6.553869985476496,474971.79284242017,1509748.344641782,-0.054639734053413214,1.3123266112589285,1.1422231036357229,1.0,Accretion / Land Gain,10.31080560233544
593,52.93768256165348,768.2374301555622,347.0799046275085,178.82493689847718,73.53555551646375,475040.32655450003,1509675.17461768,89.9454588768475,1.3495890266006418,1.2773971916413207,7.7030418272046575,Accretion / Land Gain,65.18852911085689
594,500.000000000025,354.27113389989324,350.53485452648647,-36.43221652503294,-37.36628636838464,475088.45115264464,1509827.1486512707,179.9456137334476,1.2818837165676553,1.0891770963053664,1.0,Severe Erosion,-34.64948540648497
595,62.81578245969107,62.81578245969107,59.0795053064256,0.0,-0.934069288316369,475030.2944627255,1509968.9126290062,179.9454806647606,1.1009870528630563,1.3274479642623154,1.0,Moderate Erosion,-4.247188083045602
598,500.0000000000247,261.5666622171582,108.64656638147731,-59.60833444571664,-97.83835840463684,475094.89198441635,1510092.3812502695,89.94595323869106,1.6855896223282976,1.2648447125084301,7.95447142542097,Severe Erosion,-94.98536506167103
599,142.3496467753184,142.3496455701865,138.45032218128753,-3.012829736803724e-07,-0.974831148507718,475294.891895436,1510092.1925915154,89.94595323869106,1.485510948557946,1.28585552136303,8.434085346251127,Moderate Erosion,-4.791126931220302
600,150.25352332244515,237.69014953385272,59.88650193872941,21.859156552851893,-22.59175534592893,475438.3956819679,1510035.6141122924,-0.053631523643696305,0.9288932662868212,1.161625529547645,1.0,Severe Erosion,-31.616165849251527
601,142.35020706470956,142.35027086825002,49.03843169473255,1.5950885114079938e-05,-23.327943842494253,475487.44045354874,1509942.9907057642,89.94646757083851,1.3558684597278325,1.1867824493213075,7.806533053231113,Severe Erosion,-31.465656031910065
602,499.9999999999422,291.3709514672871,78.8426191315405,-52.15726213316377,-105.28934521710042,475597.9446552246,1509853.4752180532,89.94672521048838,1.6072125690859929,1.0842335814825097,7.901306772089934,Severe Erosion,-105.04892048379351
603,470.1958468236038,470.1958512632205,169.38688989639866,1.1099041756779116e-06,-75.20223923180129,475692.4589334351,1509763.9750174882,-90.0530808093876,0.8389585469145324,1.1570157508969592,7.932628682062245,Severe Erosion,-73.90362672319388
604,62.81008488592232,4.518104254639963,0.7818218639792889,-14.57299515782059,-15.507065755485758,475700.316732184,1509615.6295109082,179.94695562275035,1.064722825794509,1.2386408980338774,1.0,Severe Erosion,-20.0286488810078
605,82.74195538096932,23.13374666715666,19.234423804432087,-14.902052178453165,-15.876882894134308,475841.4454396421,1509674.4250751936,89.9472403964034,1.6957886992314841,1.3027718721493902,8.549841115328183,Severe Erosion,-12.683920600247438
606,237.687167524878,208.5412995777405,175.65915177811195,-7.286466986784376,-15.507003936691511,475991.87584902893,1509723.901973566,179.94758881957415,0.9511378896739427,1.1104607071885515,1.0,Severe Erosion,-23.81460424803631
607,500.000000000084,23.13381223935062,19.234489482046992,-119.21654694018336,-120.19137762950926,476122.3377412018,1509793.384552917,89.94790443247499,1.590087864859737,1.1697149673709004,8.47482776463339,Severe Erosion,-120.52177662274585
608,412.562747583332,412.562747583332,146.51473943208063,0.0,-66.51200203781283,476108.55689809314,1509831.020844301,179.9478392888518,1.0187117204452183,1.1868081029785589,1.0,Severe Erosion,-72.56708303662512
609,380.7833772833933,380.7833772833933,378.01603393732046,0.0,-0.6918358365182087,476049.88675782806,1509972.2755019648,-90.05238798512042,0.7022247510342261,1.0870781502402092,7.834144452383386,Moderate Erosion,-3.9510163755290044
610,237.68928690267668,237.68928690267668,233.95300945393464,0.0,-0.934069362185511,475933.7795797716,1509937.0901959192,179.94745393328662,1.207476641395287,1.2460929198782067,1.0,Moderate Erosion,-0.6970760056034409
611,52.93787066206378,52.93787066206378,49.03854760368873,0.0,-0.9748307645937632,475892.4433432455,1509883.0071925037,89.94736052507429,1.470937826393665,1.1409314143906935,8.125774460075096,Moderate Erosion,-5.276897591013525
612,321.1751275268641,291.37095882369977,288.60361565749093,-7.451042175791088,-8.142877967343296,475951.15320453775,1509823.3450181086,-90.05247836510286,0.7423168361474979,1.1832897357346204,7.8564132902888,Severe Erosion,-10.065655688492422
613,179.39560716733695,179.39560716733695,117.36762548539168,0.0,-15.50699542048632,475904.45264806005,1509739.6475207007,179.9473969171913,1.3513111601272596,1.1628599334542604,1.0,Severe Erosion,-10.475531374414118
614,150.2516308046829,150.2516308046829,146.51535248108786,0.0,-0.9340695808987576,475846.2913803541,1509881.4094498837,179.9472660863299,1.113834371687953,1.1357054725682671,1.0,Moderate Erosion,-3.8185289285145014
615,179.3987077414788,179.3987077414788,175.66243118387962,0.0,-0.9340691393997956,475875.5405496083,1509993.945692682,179.9473251301386,1.3257215567228249,1.1981503938211815,1.0,Moderate Erosion,3.244391420925913
616,172.15440611523,500.0000241217931,198.0592176751971,81.96140450164077,6.476202889991775,475977.86934544763,1510031.949664251,89.94757815740427,1.4305438043806142,1.1814166550681362,8.274739815990046,Accretion / Land Gain,0.8276686167036846
617,412.5635794870278,237.690724656999,118.17841986612392,-43.7182137075072,-73.59628990522597,476108.78532557446,1510081.9169732044,-0.052168788650655634,1.2791064198861237,1.1688515633272394,1.0,Severe Erosion,-70.94726901564955
618,266.8362692213162,91.96344993272156,89.03305848960127,-43.71820482214865,-44.450802682928725,476254.51745174103,1510087.1203527022,-0.05185057774344376,1.4158733078278198,1.1403163824557678,1.0,Severe Erosion,-37.24295957963922
619,410.58753188096586,410.5875562189959,407.8202145778513,6.084507518266946e-06,-0.6918293257786416,476197.9579962456,1510001.9449332973,-90.05191171263067,0.4292534891590784,1.2242658174363223,7.8867359624846145,Moderate Erosion,-13.050051826415089
620,23.133878737007464,201.95862796541667,19.23453413484597,44.7061873071023,-0.9748361505403746,476215.35339138773,1509823.1042341727,89.94806250072659,1.4804655473381085,1.3312106246290083,7.189980747703128,Moderate Erosion,-4.959312427892758
621,121.10321022137992,91.95730024581977,89.02691489893988,-7.28647749389004,-8.019073830610012,476283.30503980146,1509691.113811113,-0.051773404578394557,1.2861993725763252,1.2102599052605523,1.0,Severe Erosion,-5.133713194707312
622,33.664473667634226,33.664473667634226,30.73408920665627,0.0,-0.7325961152444886,476137.52623464837,1509636.9757039382,-0.05209002132907594,1.1691795351917966,1.2788158218446812,1.0,Moderate Erosion,-1.747823045459452
623,23.13376050886187,23.13376050886187,20.366416846654403,0.0,-0.6918359155518665,476224.1431113918,1509525.0547735663,-90.0519274407485,0.8556720452833678,1.0880215654279288,7.96723896261757,Moderate Erosion,1.1638934513046777
624,142.3505030775573,440.3917409116128,19.234654314156156,74.51030945851389,-30.778962190850287,476189.67328632943,1509405.8694388596,89.94801296849454,1.5094020573376963,1.2119719393647985,8.396473152072055,Severe Erosion,-33.79888812442939
627,261.5669230385789,827.8453174261931,228.9955199056573,141.56959859690355,-8.142850783230415,476307.36460564047,1509107.7215674534,-90.05172256167002,0.812988631104853,1.1118022033014847,8.298974728892464,Severe Erosion,-7.709901845865915
628,500.0000000000895,190.50806850483,2.067220771722382,-77.37298287381489,-124.4831948070918,476166.91906720796,1509048.2403985707,-74.41792052297572,0.7913497625672247,1.081479048664651,7.825123518888805,Severe Erosion,-125.2615809840522
629,470.1958739688814,201.95879873002715,198.0594766020948,-67.05926880971356,-68.03409934169665,476129.44487834256,1508929.0579078468,89.94793367423445,1.775167144091371,1.140559586680736,8.180058950426657,Severe Erosion,-62.19518903339761
630,412.5594936473834,4.5037379326091225,1.5733654647028716,-102.01393892869358,-102.74653204567014,476253.4010310319,1508852.9704824798,-0.051809933432179,1.2378014249750222,1.295105291544384,1.0,Severe Erosion,-101.47442782916407
631,350.97938255470257,23.13397383427556,20.36663006264791,-81.96135218010676,-82.65318812301366,476156.26572491945,1508869.4252620798,-90.05203250831109,0.8506405642544079,1.2757453920507715,8.710193040833465,Severe Erosion,-80.96517481263766
632,440.3917563038887,23.134091820509607,19.234769004986514,-104.31441612084478,-105.28924682472557,476053.17988136207,1508958.9314677038,89.9477736716508,1.538218288907394,1.2191313957426173,7.408318269172176,Severe Erosion,-107.3486316553379
633,321.17528027716736,768.2372347608364,78.84296661780189,111.76548862091724,-60.58307841484137,476075.7787332821,1509078.127419675,89.94776962956452,1.5268589001891668,1.076996485165166,8.055857345687174,Severe Erosion,-63.021109535203834
634,231.76279884749124,291.37100334785754,228.9954659298838,14.902051125091576,-0.6918332294018583,476000.94225167384,1509137.8039979425,-90.05235959713481,0.7351164388504465,1.1838674512882987,8.026006512007719,Moderate Erosion,-2.8546241684999627
635,440.3917424679677,678.8248851643027,19.23469837393281,59.60828567408376,-105.28926102350871,476034.05932502705,1509167.577890556,89.94770299517174,1.659167654732446,1.2236838059611954,8.32530882993987,Severe Erosion,-103.31700031161724
636,208.5365333132397,733.1708093331123,146.50755813475303,131.15856900496814,-15.507243794621663,476049.7750728949,1509293.6701019218,179.94772922871195,1.1372172466509542,1.2134909881141622,1.0,Severe Erosion,-17.612166198722978
637,354.2688624412661,354.2688624412661,59.87616818992413,0.0,-73.59817356283548,475962.43869500974,1509405.8417846295,-0.052463634166213455,1.2430999633241389,1.0518475624339685,1.0,Severe Erosion,-72.14929927835342
638,499.9999999999792,499.9999999999792,30.73002764886836,0.0,-117.3174930877777,475875.00616698223,1509412.5771857004,-0.05265549652856377,1.5109425151350828,1.1281195447620296,1.0,Severe Erosion,-106.94048909455051
639,201.95870010028065,201.95867427376345,198.05935182830947,-6.456629300544137e-06,-0.9748370679927943,475892.33174101706,1509346.5325261722,89.94734706479346,1.7306685366146666,1.1942771143160962,8.112488818885701,Moderate Erosion,3.380786449165667
640,33.657938313491854,33.657938313491854,30.727559475790255,0.0,-0.7325947094253991,475787.44055581145,1509274.974389061,-0.05284122572586523,1.1507275688792364,1.2423667735103043,1.0,Moderate Erosion,-2.362712370264605
641,23.1337877654425,261.56691011182994,258.79956640792085,59.60828058659686,58.91644466061959,475897.90668733686,1509197.5066696308,-90.05264783924294,0.9801822571919865,1.0238348090806337,7.491851804122067,Accretion / Land Gain,64.92251427143931
642,499.9999999999922,266.8275208203936,263.89714446886086,-58.29311979489965,-59.02571388278284,475903.87289228,1509108.0388770446,-0.05258068124620732,1.1384216116940173,1.1866215241456306,1.0,Severe Erosion,-61.0660907478906
643,500.0000000000117,500.0000000000117,497.069624884222,0.0,-0.7325937789474324,475845.50306711165,1509024.6789345026,-0.05270583917948903,0.8939133636037324,1.2110927228730752,1.0,Moderate Erosion,-10.923216454836702
644,500.0000000000644,172.1545045305878,20.366469943788907,-81.96137386736916,-119.90838251406888,475740.7765897163,1508929.4140771814,-90.05292484888807,0.64878722401147,1.2676780436803254,7.848890632009392,Severe Erosion,-124.94881406865589
645,201.9587483886349,201.95874217508083,198.0594195777028,-1.5533885147078763e-06,-0.9748322027330332,475769.0914390866,1508839.975532633,89.94707821936228,1.3193810412168265,1.2551891126687598,7.48361969961681,Moderate Erosion,-10.328791807862311
646,201.95873869543664,23.133887230929552,20.36654342511656,-44.70621286612677,-45.39804881758002,475840.6817587885,1508720.69300806,-90.05275869646172,0.7472731469730939,1.246427018167702,7.8372068618648445,Severe Erosion,-47.15561623778656
647,383.41177883502417,208.52943172794733,118.1578819845412,-43.72058677676921,-66.31347421262075,475757.72946023394,1508663.2768994402,-0.05288536851020747,1.2023935474082053,1.1358521731508244,1.0,Severe Erosion,-66.22138231667299
648,4.501227535313361,4.501227727922427,1.570857289435593,4.8152266618473056e-08,-0.732592561469442,475670.34971760033,1508729.623450309,-0.0530771541675991,1.4510950484551657,1.0471768969360964,1.0,Moderate Erosion,7.649593999906971
649,321.1753056057153,291.3711597893589,19.234868394528604,-7.451036454089106,-75.48510930279667,475683.9473934482,1508601.621101633,89.94695926463011,1.6490389346674046,1.168428928669585,7.763438680120385,Severe Erosion,-73.85047243397585
650,383.41147178679984,150.23439097207805,59.862608508579584,-58.29427020368045,-80.88721581955507,475815.95900127373,1508593.1268970435,-0.052754110761475854,1.1667666275600073,1.2800070546806679,1.0,Severe Erosion,-81.98271846359938
651,441.7055643541253,295.9694841012241,59.05548257029229,-36.43402006322529,-95.66252044595824,475815.8865697783,1508514.458062237,179.94724793362707,1.324779116023668,1.3113818422919092,1.0,Severe Erosion,-91.5154925400408
652,500.000000000016,33.64339174021045,30.713025481363523,-116.58915206495138,-117.32174362966312,475728.3916422402,1508456.8462595248,-0.05293972323215784,0.8679601147112068,1.2567681724117699,1.0,Severe Erosion,-128.37742017470254
653,500.0000000000823,499.9999581499201,79.97499064693436,-1.0462540558364708e-05,-105.00625233828698,475622.05951357953,1508422.8537527663,-90.05316171781554,0.835342355896288,1.2342816086196287,8.442680726114864,Severe Erosion,-103.82817954774416
654,499.9999999999475,350.9793762137647,348.21203218707825,-37.2551559465457,-37.94699195321731,475481.6677535427,1508422.984316243,-90.05347958855388,0.9156299533282413,1.2303054772595095,7.090148102613595,Severe Erosion,-34.092665983782474
655,500.0000000000872,112.54628111263962,109.77893782097472,-96.86342972186188,-97.55526554477812,475341.2761956511,1508423.1157303099,-90.05382924903597,0.57821223966417,1.1554447679864595,7.91834456182799,Severe Erosion,-104.94819677367732
656,412.55770456566216,412.55770456566216,409.627340235582,0.0,-0.7325910825200452,475291.06431154325,1508331.5834251149,-0.053889166630133205,1.371186889180967,1.1895530622190127,1.2545967976846655,Moderate Erosion,4.9861791335146
657,321.1752524111811,261.5669678396076,258.7996240212216,-14.902071142893362,-15.593907097489875,475294.81753763976,1508244.3345516098,-90.0538229924732,0.8507746376142742,1.3335010868144337,7.9951790490137835,Severe Erosion,-13.901425060017806
658,470.85251640672095,470.85251640672095,234.7422645124459,0.0,-59.02756297356876,475232.72583390214,1508285.3480771102,-0.05401525838141736,1.1373297153287099,1.1245631851170956,1.0,Severe Erosion,-61.10400254307277
659,121.08360653581408,121.08360653581408,118.1532420222255,0.0,-0.7325911283971465,475145.3461148978,1508351.6977118393,-0.054208064569106984,1.2945388362892558,1.3291354477150346,1.0,Moderate Erosion,2.431318202134278
660,410.5876270008659,589.4124184372974,19.234684637837024,44.70619785910789,-97.83823559075722,475121.6021656611,1508423.322851294,89.94575752433548,1.9406037494187856,1.1741719559882686,7.9796760995147125,Severe Erosion,-86.48477130173524
661,291.3710306260228,291.3710306260228,20.366468254075414,0.0,-67.75114059298684,475088.4984802214,1508482.9625103888,-90.0543081629039,0.8272801179450562,1.305950563863028,8.064256382415607,Severe Erosion,-66.84180931769437
662,321.17517493597575,321.17517493597575,20.366404680240745,0.0,-75.20219256393375,474977.99586454855,1508572.4799859028,-90.05456562913531,0.837233269339098,1.0873392857569926,8.264901564982894,Severe Erosion,-73.96108963243206
663,208.52947979058905,150.23538199127495,0.7638500721263535,-14.573524449828524,-51.94140742961567,474883.3310938191,1508677.8051705477,179.94520812408047,1.1314783844659166,1.2467133399011245,1.0,Severe Erosion,-54.2382119273169
664,383.41218913636783,383.41218913636783,234.7470427669972,0.0,-37.16628659234266,474795.98039565934,1508772.1181976206,-0.05498529575980835,1.072139474858727,1.140854576324185,1.0,Severe Erosion,-41.41550843966662
665,321.17514570999606,52.9378081357842,50.17046460143893,-67.05933439355296,-67.75117027713928,474793.99605224637,1508632.2642180542,-90.05501281996743,0.9245505568610857,1.0866392800472413,8.09804202616007,Severe Erosion,-63.59949119441805
666,91.94232597052414,91.94232592646074,88.20602995284246,-1.1015849565865212e-08,-0.9340740044204204,474766.8090080202,1508746.699283262,179.9449521853021,1.071971732299549,1.2172915362577654,1.0,Moderate Erosion,-5.214493133964757
667,441.7058037511692,412.5587064108416,1.568916206274353,-7.286774335081901,-110.0342218862237,474679.26886196324,1508643.8398329334,-0.05523322373723817,1.2103493349983498,1.2806135262332317,1.0,Severe Erosion,-109.67639070012675
668,201.9586702074174,201.958659425491,198.05933681295903,-2.6954816050306363e-06,-0.974833348614588,474688.7953150427,1508453.5404646315,89.94480284488102,1.5283511973680883,1.132329942925288,8.51454914245533,Moderate Erosion,-3.3631205824401715
669,295.9685899921764,295.9685899921764,293.0382244835929,0.0,-0.7325913771458801,474795.64243939356,1508419.9253777957,-0.054973576377096545,1.2714631859570926,1.080013902149146,1.0,Moderate Erosion,1.6623077515860794
670,23.133747405053672,23.133747405053672,20.366403703700488,0.0,-0.691835925338296,474711.03986772004,1508304.4982873132,-90.05512823954555,0.8500495009469767,1.1926162895033734,8.111017302318722,Moderate Erosion,0.9764746010964456
671,266.81897378323066,121.08081471822976,118.1504531716779,-36.43453976625023,-37.16713015288819,474707.9556670247,1508165.7468950944,-0.055155750413000165,1.355245931919711,1.1929925141516184,1.0,Severe Erosion,-31.979430431598693
672,201.95864833998945,23.13380187626391,20.36645794215328,-44.70621161593139,-45.39804759945904,474577.76286956185,1508095.9978946613,-90.05550212587579,0.7234977278457112,1.2438601644089342,7.6012235959606835,Severe Erosion,-47.94812959373277
673,410.58759497268994,410.58760659862793,407.8202626722175,2.9064844966342207e-06,-0.6918330751181117,474437.3133297105,1508036.525859736,-90.05572242626071,0.759518948872714,1.2759659433639157,8.275278339246759,Moderate Erosion,-2.041207751584968
674,350.97931450394015,350.9793456282898,348.2120014382652,7.781087418834431e-06,-0.6918282664187387,474326.69673473726,1508006.8295746457,-90.05600734667014,0.6531856337388171,1.1952462248677351,7.822553445793781,Moderate Erosion,-5.585646845330276
675,440.3916791675508,440.3916215170258,437.624276141402,-1.4412631259119736e-05,-0.6918507565372067,474186.3051417808,1508006.967100627,-90.056293360979,0.7333562040515846,1.348439700906524,7.65846690373822,Moderate Erosion,-2.913317056917765
676,500.0000000000229,325.112574508408,322.1822167389224,-43.72185637290373,-44.454445815275136,474124.76743377215,1507926.782051752,-0.0564177385171355,1.256201203902915,1.217938335606052,1.0,Severe Erosion,-42.567943350050875
677,500.0000000000112,295.9640360370863,293.0336795109424,-51.00899099073122,-51.74158012226721,474241.2772263076,1507843.2593616296,-0.056160255602415554,1.3131562200119742,1.1722812879955569,1.0,Severe Erosion,-47.95663703904045
678,231.762786446544,231.7627658468429,228.99542020914245,-5.149925272007749e-06,-0.6918415593503866,474202.8005092889,1507798.3218720097,-90.05615862476056,0.6616753935132844,1.071065984309634,7.748381012719991,Moderate Erosion,-5.302668180238514
679,499.9999999999736,499.9999999999736,497.0696455301184,0.0,-0.7325886174638185,474211.9941613823,1507705.620564248,-0.05621726836609567,1.330048417507035,1.1789662996176733,1.0,Moderate Erosion,3.6154409830644827
680,499.9999999999936,52.938197462237895,49.03887514850156,-111.76545063443892,-112.740281212873,474295.9436887974,1507589.601568427,89.9439125319709,1.8033454871674142,1.1730451302989404,8.006007267048268,Severe Erosion,-105.96209191884824
681,499.9999999999996,142.3505768746262,138.4512547234983,-89.41235578134335,-90.38718631912532,474376.61071639607,1507470.3062520428,89.94413926234303,1.6620150453765896,1.2767480746194306,7.233056643456574,Severe Erosion,-88.32001180300682
682,470.1958672552584,23.133940008095948,20.366595876690447,-111.7654818117906,-112.457317844642,474432.5649415084,1507529.8600419662,-90.05573583318134,1.0815195611414683,1.2369396644194715,7.411545652695425,Severe Erosion,-103.07333878185167
683,295.9615871975698,295.9615871975698,293.0312355156236,0.0,-0.7325879204865515,474532.44661767286,1507522.669342731,-0.05551183755555648,1.0835440744594247,1.1055894755277553,1.0,Moderate Erosion,-4.601533916004417
684,500.0000000000255,500.000000838682,497.0696508446372,2.0966412250800206e-07,-0.7325872888470855,474444.8922053292,1507410.1995659806,-0.05569866399466855,1.0129129445342655,1.2136843508571284,1.0,Moderate Erosion,-6.95586080540417
685,499.9999999999764,499.9999999999764,497.0696521714117,0.0,-0.73258695714118,474503.05167954473,1507268.4401958785,-0.05556782979181674,0.9328040260899513,1.253571114433228,1.0,Moderate Erosion,-9.626188201662574
686,82.74247995042853,529.8041005885719,525.9047784482765,111.76540515953585,110.79057462446198,474636.49331587495,1507201.8170658746,89.94478423527492,1.8244064609810513,1.3220607666576685,8.386719126853695,Accretion / Land Gain,118.2707961819079
687,23.134350757279083,23.13436086772157,19.23503891879193,2.527610621250176e-06,-0.9748279596217896,474746.9949532014,1507112.2983075487,89.94497801530188,1.6981546640122223,1.2707734133066804,8.287663777724445,Moderate Erosion,2.297000322148499
688,52.938507854432174,52.938507854432174,49.039185645479854,0.0,-0.97483055223808,474827.6641756256,1506993.0044763358,89.94520457224706,1.591662116438315,1.2605728676711658,8.727905056422705,Moderate Erosion,-1.2527539067903555
689,33.61560337617602,33.61560337617602,30.685261131967827,0.0,-0.7325855610520478,474881.6370314168,1506905.30736512,-0.05472925025996294,1.2416132117604024,1.2044563885664692,1.0,Moderate Erosion,0.6672575705470536
690,4.46615990399324,4.466159830884229,1.535817926867444,-1.827725260028501e-08,-0.7325854942814489,474998.21043443045,1506881.400481755,-0.05447255776057472,1.030796352768571,1.230698472621695,1.0,Moderate Erosion,-6.360030730773332
691,33.61271946638627,499.99999999997857,30.682379714307736,116.59682013339808,-0.7325849380196328,475056.3740924449,1506739.6435579404,-0.05434185362754724,1.5664834192924268,1.299491723271646,1.0,Moderate Erosion,11.496174960064499
692,500.00000000001785,500.0000432758032,496.1007212183466,1.0818946336144108e-05,-0.974819695417807,475211.43345661205,1506694.598873305,89.94604073718845,1.6193829999113567,1.0928740455602104,8.980944417448946,Moderate Erosion,-0.3287137855416695
693,499.9999999999819,499.9999999999819,496.10067793355455,0.0,-0.9748305166068434,475351.7692807881,1506634.8587221708,89.94632857909612,1.6164090436932537,1.1714925960024596,8.793449951024805,Moderate Erosion,-0.4278565435823789
694,500.0000000000138,500.00000002417,497.0696634525179,6.0390448197722435e-09,-0.7325841368739816,475435.1070284755,1506518.2274736355,-0.053509030417287835,1.308491430134974,1.1375411510577336,1.0,Moderate Erosion,2.896248982619478
695,500.00000000000216,500.0000019676548,409.620975785104,4.919131555425338e-07,-22.594756053724552,475522.4505717073,1506405.594457677,-0.0533133694249373,1.2717791872814974,1.2295732262106174,1.0,Severe Erosion,-20.189709895040984
696,23.1348541272607,52.93892091316145,49.03959936072259,7.451016696475189,6.476186308365473,475477.18809988897,1506277.0923645583,89.94659502329115,1.6335824298825292,1.2975285342647345,8.543715564559113,Accretion / Land Gain,7.59560642976113
697,121.0515455297534,121.0515455297534,118.12121510283848,0.0,-0.7325826067287267,475463.88716659375,1506122.2476775234,-0.05342686800827427,1.0810558418349472,1.1511822452097995,1.0,Moderate Erosion,-4.684954883955286
698,4.44823484681444,4.448235998919257,1.5179086769768686,2.880262042204152e-07,-0.7325815424593929,475463.7006716688,1505922.2477644742,-0.05342686800827427,1.2703472637221433,1.0074734430260917,1.0,Moderate Erosion,1.6247602432205859
699,499.999999999971,470.1959562221064,466.29663436214565,-7.451010944466148,-8.42584140945634,475511.74692847376,1505770.3907522657,89.94667610514227,1.8823035012391327,1.1655194735298107,8.349592435760304,Severe Erosion,0.9842810729188294
700,500.0000000000125,500.0000002348805,497.0696766369091,5.871699215731496e-08,-0.732580840775853,475550.914713485,1505667.9179462711,-0.05322508385567211,1.4014414257935168,1.2714315311223587,1.0,Moderate Erosion,5.994519389999035
701,500.0000000000102,500.0000000000102,30.66208774173863,0.0,-117.33447806456788,475609.13815886405,1505584.4656121647,-0.05309507008164311,1.438607320533161,1.2412423431086395,1.0,Severe Erosion,-109.36854493137089
702,4.272112781421922,4.272094971128416,1.9178212362476923,-4.452573376445557e-06,-0.5885728862935573,475667.3080825177,1505442.712801851,-65.74640965575429,0.7586231266246533,1.2322702568497605,6.9601819009861945,Moderate Erosion,-3.144651268449483
703,499.9999999999822,587.4522517452492,118.10987124996782,21.86306293631675,-95.4725321875036,475638.0533097871,1505330.1917610453,-0.05302389000842142,1.051189100428907,1.1754350937290465,1.0,Severe Erosion,-100.4205562887965
704,325.09537294581315,4.436937852865044,0.7005894543806983,-80.16460877323702,-81.09869587285812,475725.4865037433,1505309.4838079151,179.94716798903033,1.1815007989495334,1.0954779705204836,1.0,Severe Erosion,-81.72763047335636
705,291.37163860947857,291.3716505606806,287.4723289454664,2.9878005136652064e-06,-0.974827416003052,475882.0745092388,1505352.7918639206,89.94742023589384,1.6083585684123276,1.2390950472765192,8.361981447978145,Moderate Erosion,-0.696202854559579
706,412.5475159407084,616.6033050187874,1.5055450737789655,51.01394726951975,-102.76049271673236,475812.8921652006,1505258.664056238,-0.05263963167328831,1.3637612338664464,1.1309730034860284,1.0,Severe Erosion,-97.28953512437762
707,500.0000000000084,645.7544311989582,526.2205708309586,36.43860779973744,6.555142707737559,475725.39090553357,1505205.805169165,-0.05282944631257826,0.9457614864829729,1.3723533030393833,1.0,Accretion / Land Gain,-1.9071804408365374
708,499.9999999999802,738.4324382194957,138.4521783965355,59.60810955487887,-90.38695540086118,475834.0050621082,1505114.403438164,89.94736496736715,1.8294323791338412,1.2431064629865771,7.718430094128767,Severe Erosion,-82.73920380355811
709,383.3963804884399,500.0000003949371,380.46606432191857,29.150904976624304,-0.7325790416303306,475871.12958523293,1505188.5519509995,-0.0525101982000046,1.1759322249246837,1.1511439548224596,1.0,Moderate Erosion,-1.5226185345252778
710,142.35151692514745,142.35151692514745,138.45219566677628,0.0,-0.9748303145927936,475937.2709476665,1505114.3088670538,89.94774559049027,1.5359676731549052,1.1485548986349925,7.973104550061913,Moderate Erosion,-3.1092356643298937
711,172.15569059424678,172.15569059424678,168.25636926446006,0.0,-0.9748303324466788,476077.71703746624,1505173.7889917388,89.94793388767795,1.448184178554729,1.1901346841918445,7.966959666734564,Moderate Erosion,-6.035352208747517
712,261.56772369713195,261.56772369713195,257.6684040969652,0.0,-0.9748299000416978,476188.2237870939,1505084.2766453095,89.94815893716755,1.3517713354885388,1.1782519685922128,8.307984217902172,Moderate Erosion,-9.249113259370544
713,82.74349124199,82.74346875403313,78.84414805132911,-5.621989217274859e-06,-0.9748357976652215,476328.66952106374,1505143.758177321,89.9484106804338,1.723475425449011,1.2868644344125355,7.69001162746888,Moderate Erosion,3.1410171221443512
714,142.35159265669293,112.54756385960164,108.64824327619402,-7.451007199272823,-8.425837345124727,476439.33752851264,1505233.0709971627,89.94878832868189,1.610997535298193,1.2125854897572017,8.547234499124604,Severe Erosion,-8.059247509182708
715,500.0000000000075,500.00000099105154,350.50998339673254,2.47761008154157e-07,-37.37250415081874,476483.42570335645,1505330.729058953,179.94881507915514,1.0068632031497584,1.139304900742649,1.0,Severe Erosion,-43.82230864952401
716,383.3976701447512,33.59063255546541,30.660311869878065,-87.45175939732145,-88.18433956871829,476425.24942832656,1505470.5520138135,-0.05131431095972782,1.0053799427664931,1.3492941327801509,1.0,Severe Erosion,-94.65973342903636
717,172.15560903504598,172.15554935144746,168.25622943948605,-1.4920899630510576e-05,-0.9748448988899838,476333.401449104,1505471.5984405358,89.94849484387309,1.5496321334898244,1.2020051709925677,8.4998809357406,Moderate Erosion,-2.653768395340625
718,172.15549641505172,172.15546952915517,169.3881241757298,-6.721474136384131e-06,-0.6918430598304752,476376.76059894526,1505531.1676241348,-90.05141197469997,1.0503533898258113,1.259659149569153,7.577397951101849,Moderate Erosion,7.653264566616489
719,499.9999999999889,33.59256578188566,29.856221576564828,-116.60185855452582,-117.53594460585602,476221.29034064163,1505575.7972190278,179.94823751105554,1.1614226675907455,1.1495609430945424,1.0,Severe Erosion,-118.83390136267404
720,4.444216367888865,179.34624121680372,175.6098986919785,43.72550621222872,42.79142058102241,476192.24169167504,1505688.3722698998,179.94817053315262,0.9748903949213518,1.227432047476252,1.0,Accretion / Land Gain,35.27570581543188
721,291.3716802363815,112.54742619418712,108.64810476220428,-44.7060635105486,-45.6808938685443,476310.81359593145,1505650.4430955572,89.94845710439462,1.563138378533522,1.223217309659136,8.345371675004222,Severe Erosion,-46.909609188974024
722,295.9473440032154,295.9473440032154,293.01702045577053,0.0,-0.7325808868612143,476396.26426894317,1505655.0289420562,-0.051385244236968185,1.1587327279063888,1.0471631780524358,1.0,Moderate Erosion,-2.0961987355995664
723,470.84969679978366,441.6993933995128,1.5144558288991954,-7.287575850067711,-117.33381024272111,476483.7745835632,1505721.2259270996,-0.051195356230822664,0.7951095925951396,1.3596511065444032,1.0,Severe Erosion,-130.81824345742896
724,500.00000000002206,179.34525523923813,88.15762780051882,-80.16368619019599,-102.9605930498758,476541.96875075187,1505601.7811174486,179.94893404388898,1.1922122776030555,1.3015091108639538,1.0,Severe Erosion,-103.23206738246486
725,499.99999999988967,231.76362831538825,138.45219348894872,-67.05909292112536,-90.38695162773524,476604.17142642825,1505679.98474805,89.9491541708344,1.5653596629633266,1.166595244080626,7.749630442818723,Severe Erosion,-91.54162427877863
726,500.0000000000459,201.9595199340672,199.19217469580911,-74.51012001649468,-75.20195632605919,476631.0698973692,1505739.5689570801,-90.05084780351793,0.9044311122396167,1.1102730775695266,7.60869487442373,Severe Erosion,-71.7209245019921
727,500.00000000002814,500.0000049006495,497.2326595063423,1.225155344286577e-06,-0.6918351234214697,476580.2224882945,1505888.6344594387,-90.05094793519788,1.0773435723803972,1.2264595410989299,8.048894039046914,Moderate Erosion,8.552945351305256
728,208.4976538389874,208.4976538389874,1.5156563795488838,0.0,-51.745499364859626,476483.83158623043,1505785.0189366965,-0.05119834110472366,1.3686273226301964,1.2054529020595413,1.0,Severe Erosion,-46.11267421712084
729,172.15538192162697,172.15535807044623,169.38801355991703,-5.962795185610048e-06,-0.6918420904274853,476388.8247349471,1505859.0014387146,-90.05139121731985,0.7596668573191715,1.2270694780827995,7.670151978046066,Moderate Erosion,-2.0362855432016382
730,142.35134673752432,142.35129879511427,139.58395304893676,-1.1985602512254443e-05,-0.6918484221468901,476337.76474671456,1505769.635095637,-90.05154688433073,0.6340212755673875,1.2138222904938487,7.57647670312811,Moderate Erosion,-6.224477965855241
731,142.35130950909712,112.54725688596068,109.77991200928898,-7.451013155784111,-8.142849374952036,476197.3729722479,1505769.7617042388,-90.05176902565162,1.1860041337643554,1.2389955512678221,7.713791540268379,Severe Erosion,4.723949641297267
732,201.95954915407404,52.93928137324687,49.03996079065278,-37.25506694520679,-38.22989709085532,476297.9262241974,1505859.0831480161,89.9483549049797,1.6088826026061027,1.3144005254714348,8.448596434818564,Severe Erosion,-37.933804920782876
733,52.93908003293382,52.93910286920548,50.17175788337261,5.709067913528543e-06,-0.6918305373903024,476267.860158079,1505948.5224585934,-90.05161637352958,0.802089556102324,1.2441793127503158,7.73558673184136,Moderate Erosion,-0.6221840778255714
734,82.74309945603923,201.959371778126,20.367618694354068,29.80406808052169,-15.593870190421292,476187.1841887128,1506067.8116046435,-90.05187427997699,0.7963814008749844,1.1149042375848977,7.794021238596992,Severe Erosion,-15.714495625971308
735,52.93910283930824,52.93910283930824,49.03978164214354,0.0,-0.9748302992911756,476280.13171751885,1506127.3358845226,89.94831413727151,1.6297125513624637,1.3079510585443903,7.817317698936409,Moderate Erosion,0.015593504548099157
736,172.15537051892323,23.13512350007036,19.235802701287053,-37.25506175471322,-38.22989195440905,476420.5771181819,1506186.8177198889,89.94862954006028,1.578345777438966,1.3302622960165453,8.135594190074915,Severe Erosion,-38.95169401402876
737,33.60274067577345,4.452916000391024,0.716580593913088,-7.287456168845606,-8.22154002046509,476484.15386025765,1506145.6312694254,179.9487892391518,1.1143082174760637,1.451131442361757,1.0,Severe Erosion,-11.089850054866272
738,91.90323339503291,91.90323339503291,88.16689879265762,0.0,-0.9340836505938236,476571.65046579344,1506198.4956938464,179.94897819334216,1.1183273581734625,1.1091465233895625,1.0,Moderate Erosion,-3.668378356795784
739,82.74299325187107,499.9999999998924,79.97577390320022,104.31425168700534,-0.6918048371677123,476479.09639038966,1506246.3734507593,-90.05130897487231,0.7950871698554175,1.218508669278899,8.408650877774695,Moderate Erosion,-0.8555711882477043
740,321.17565110221204,23.135121145743355,19.23579994124507,-74.51013248911717,-75.48496279024174,476454.9384216237,1506306.0032109912,89.94872078715532,1.5184861241281316,1.0325730572827105,8.574544009661425,Severe Erosion,-78.20208664591057
741,172.15525454290767,619.216233262634,616.4488878396329,111.76524467993158,111.07340832418132,476519.6933777241,1506335.7494054628,-90.05115324116088,0.6930732920140976,1.2434234083928704,7.579922196741885,Accretion / Land Gain,107.5091794107955
742,201.95941214040727,201.95941214040727,198.0600906318392,0.0,-0.9748303771420126,476529.84446702956,1506454.9566349054,89.94890628289421,1.615964375108902,1.1554322385420321,7.611077521208411,Moderate Erosion,-0.44267923868252845
743,380.7836394308762,827.8446589490488,79.97568425083324,111.76525487954316,-75.20198879501073,476503.40515832655,1506544.3924551562,-90.05119192779465,0.7617535770437638,1.3532457311797539,7.819895451750848,Severe Erosion,-76.47687488211501
744,172.15535728602853,231.76354924355505,78.84387054634168,14.902047989381629,-23.327871684921718,476459.5255812705,1506455.0194594865,89.94874754763379,1.825598788252761,1.1373191240081355,7.697595191524514,Severe Erosion,-15.807906742008274
745,4.458681125732768,4.458681125732768,0.7223504108698906,0.0,-0.9340826787157192,476426.1292698445,1506452.629208965,179.9486533123298,0.8027129961970015,1.0641514239484435,1.0,Moderate Erosion,-14.188931720680777
746,383.4018019485077,383.4018018688213,380.47146682812297,-1.992160036934365e-08,-0.7325837800961779,476338.63755464216,1506404.604627754,-0.05153716264642676,1.3633662305667607,1.1615389137364314,1.0,Moderate Erosion,4.7249504795161315
747,208.5045836579188,295.95320362400304,292.21687212931226,21.862154991521063,20.928072117848373,476222.0444875662,1506410.3336474453,179.9482088729411,1.3872743491016042,1.0412065607342242,1.0,Accretion / Land Gain,27.158498080336518
748,52.93884180284751,261.5674211370463,109.77967655618642,52.1571448335497,14.210208688334726,476126.6466555894,1506514.9276343274,-90.0520481297072,0.48899163018095976,1.2594316237861023,8.615675579226318,Accretion / Land Gain,3.8432575262939785
749,4.462029590784189,383.4028179990567,117.32285875107824,94.73519710206811,28.215207290073515,476105.6508430656,1506635.5425354012,179.9479488453982,1.1489602464488697,1.034241666170221,1.0,Accretion / Land Gain,26.501769319671773
750,499.9999999999931,412.5525807275727,408.8162547920592,-21.8618548181051,-22.795936301983488,476047.4813258201,1506777.2970748534,179.94781577671625,1.1446481846558216,1.2018363019276261,1.0,Severe Erosion,-24.653140631962444
751,499.99999999997647,325.10591107829504,88.17749646421039,-43.72352223042036,-102.95562588394152,476018.43483662274,1506889.8763212264,179.94774922903497,0.9892380249377837,1.0334142788500467,1.0,Severe Erosion,-109.99318435753062
752,470.1958692731048,470.1959273306138,258.7999264055299,1.4514377255636646e-05,-52.84898571689372,476152.3702707763,1506932.161515826,-90.0519987442175,0.6833276615905013,1.174043228161854,7.276289619582042,Severe Erosion,-56.7380691548481
753,500.0000000000254,558.2978506233795,204.7744534147112,14.57446265583853,-73.80638664632856,476222.54961461434,1506969.0523218443,179.94819028334638,1.0337753231868863,1.3311606714521724,1.0,Severe Erosion,-79.3592658736577
754,4.469954228619956,499.9999999999895,292.2218777707338,123.8825114428424,71.93798088552846,476339.2203129341,1507052.3516816176,179.94844133959128,1.4632005138177846,1.22859188680649,1.0,Accretion / Land Gain,80.69933310264658
755,499.9999999999032,499.99998690154433,198.059903915116,-3.274589715829279e-06,-75.4850240211968,476421.252661795,1507170.3517586326,89.9486284061417,1.740351598192579,1.1307234657134528,7.817809961909298,Severe Erosion,-70.8066320554595
756,295.9601829193761,325.10872683132243,0.7384542434600627,7.28713597798658,-73.80543216897901,476426.8947351942,1507306.5295089765,179.94862392382828,1.3910919368754402,1.1973684547755494,1.0,Severe Erosion,-67.44765669400822
757,500.0000000000608,23.13475551669556,19.235433429383846,-119.21631112084133,-120.19114164266924,476554.4604314783,1507319.2531289335,89.94894107418413,1.708250650778126,1.2013112642918773,8.18985021765953,Severe Erosion,-116.58278132245306
758,142.35114248398543,23.1348593928702,19.23553773315192,-29.804070772778807,-30.778901187708374,476664.9687084032,1507229.742482124,89.94916636379409,1.430642076887575,1.2376417497651464,8.283033580193038,Severe Erosion,-36.42416004379452
759,82.74307888464485,112.547129348918,108.64780807269904,7.45101261606829,6.476182297013551,476745.64674464735,1507110.4546697903,89.94932911445925,1.521321803634645,1.090423444147727,8.47129801055142,Accretion / Land Gain,3.853580965614683
760,500.0000000000079,587.4468344464497,88.98436860511794,21.86170861161044,-102.75390784872248,476776.3547899252,1506941.284892608,-0.050604421237456655,1.2730528987234548,1.2470782922006605,1.0,Severe Erosion,-100.30703504258288
761,231.7633956007545,231.763378206436,228.99603382923505,-4.3485796297204615e-06,-0.6918404428798723,476733.6593069188,1506842.2285618735,-90.05069380403604,0.6166809852311301,0.9832551995394168,7.449743233187016,Moderate Erosion,-6.8024794873396
762,500.00000000001455,33.61485729276133,30.684515682200526,-116.59628567681332,-117.3288710794535,476601.3657903599,1506834.2403268488,-0.05097909127819329,1.3065938633758252,1.149210145934813,1.0,Severe Erosion,-113.76387892859157
763,201.9593672095173,52.939081458364086,49.0397599492467,-37.2550714377883,-38.22990181506765,476690.15633252304,1506723.0507539236,89.94921488216868,1.563951033146815,1.1604566437780557,9.177216191518152,Severe Erosion,-39.43152880585832
764,266.80599743987034,587.4477430703474,1.5323668101576189,80.16043640761927,-66.31840765742818,476834.4112928117,1506667.2274649155,-0.050466133198348626,1.1434245588390914,1.250140440478849,1.0,Severe Erosion,-68.19251169517617
765,52.939083313271205,261.5675483577725,258.8002032271893,52.15711626112533,51.46527997847952,476815.72999554896,1506544.1153497172,-90.05062045951507,0.9066441513427327,1.2011802900454263,8.94771179808042,Accretion / Land Gain,55.02007981949698
766,201.9593418876168,201.9593418876168,199.19199700066423,0.0,-0.6918362217381357,476645.56053817755,1506574.0699341884,-90.05084368139042,0.8666396542149716,1.086951066876789,8.55817048303836,Moderate Erosion,1.529480335692063
767,350.97967633204945,350.9796683419971,348.2123226782143,-1.9975130811644703e-06,-0.6918384134587825,476623.1812094585,1506693.3061215226,-90.05091112953507,0.745855233037332,1.120695761440666,8.096717670418418,Moderate Erosion,-2.496669242554182
768,62.76070405813197,150.20855453238983,146.4722265826065,21.861962618564466,20.927880631118637,476542.889313764,1506634.3137309738,179.94890033982688,1.374256213384013,1.215341690291736,1.0,Accretion / Land Gain,26.724529647939875
769,52.93890009551742,23.13482084427562,20.3674761049194,-7.45101981281045,-8.142855997649505,476372.1752523077,1506663.726340481,-90.05129115234027,0.6378406611364285,1.1931460665736084,7.985364778521,Severe Erosion,-13.548172635648992
770,52.93891233365854,112.54709561363468,78.84364750059412,14.902045819994036,6.476183791733893,476474.37204423477,1506574.222666264,89.94880707168896,1.6923901813785065,1.1530663150248108,7.30487496039874,Accretion / Land Gain,9.555861826455212
771,354.25297317604964,121.05770540532004,30.67913353621149,-58.2988169426824,-80.89345990995953,476630.2445288648,1506529.9952600743,-0.05090570673624941,1.288609799865773,1.1608905323148324,1.0,Severe Erosion,-77.92795362011762
772,142.35133852948255,201.95945227062023,198.06013115213608,14.90202843528442,13.927198155663383,476725.21937486687,1506424.9789705272,89.94928822668972,1.5535678774269657,1.2549531666185996,8.484266687498163,Accretion / Land Gain,12.379465959093432
773,179.35380248464986,150.20414674094627,147.2738131858067,-7.287413935925898,-8.019997324710793,476746.64311035856,1506304.7891298954,-0.05064336800516208,1.248566395975959,1.1577242902424443,1.0,Severe Erosion,-6.389332213500204
774,62.752830107448816,62.75283031175783,59.82249892678035,5.1077254425990766e-08,-0.7325827951671169,476804.81745921454,1506163.0372194706,-0.05051297070515968,1.0119803165263797,1.1919392692026494,1.0,Moderate Erosion,-6.988150677093632
775,499.9999999999261,23.1353893442413,19.23606769621488,-119.2161526639212,-120.1909830759278,476734.0565174006,1506067.3223542804,89.94933176916273,1.738603896474036,1.3724710253744363,8.340633290217298,Severe Erosion,-115.5708479798933
776,500.00000000000864,295.95050989161075,30.67080050907868,-51.01237252709947,-117.33229987273248,476863.02278923517,1506055.7929506868,-0.05038258341057793,1.171912942792411,1.0849677958772546,1.0,Severe Erosion,-118.25681055494742
777,499.9999999999546,649.0201945158238,168.25620431576274,37.25504862896732,-82.93594892104795,476955.12761884317,1505947.9116068548,89.94984347325959,1.5215913936583358,1.050582869346092,7.819475788986369,Severe Erosion,-85.54956402364314
778,82.74328100587553,82.74328100587553,79.97593561587175,0.0,-0.6918363475009457,476951.7190366923,1506037.3267270129,-90.05015944824824,0.9573515371571966,1.2615274785314312,7.592832338175871,Moderate Erosion,4.553209781683501
779,291.37170045414393,440.391893570525,49.04005471353038,37.25504827909526,-60.58291143515339,476971.78229113284,1506156.5254068936,89.94986840612765,1.494348293307115,1.1446877888980767,7.671130695094821,Severe Erosion,-64.10462988786719
780,500.0000000000145,500.0000000000145,496.2636663620783,0.0,-0.9340834094840602,476950.65251836576,1506261.1662286879,179.94980200185586,0.9890812536388429,1.173634903017277,1.0,Moderate Erosion,-7.976389891301858
781,112.54734784213495,142.35140591838135,138.45208489779566,7.451014519061598,6.476184263915176,476900.36123536667,1506395.0205103871,89.94970189352225,1.3665054698411319,1.136738139864747,7.639817532843137,Accretion / Land Gain,-1.3069616037043428
782,142.35139517218863,142.35137970314756,138.45205833446508,-3.867260268464179e-06,-0.9748342094308882,476981.2494471147,1506514.1658652232,89.94988846981602,1.6909013397129071,1.1785589664501621,8.567779212540362,Moderate Erosion,2.05521554729731
783,500.0000000000037,587.447773625367,117.32337131836906,21.861943406340814,-95.66915717040864,476980.1487155675,1506657.0940091296,179.94985186425694,1.008285697113839,1.3273491011065048,1.0,Severe Erosion,-102.07130393289006
784,201.95932922855667,52.938996501608486,50.17165149944872,-37.25508318173705,-37.946919432276985,476875.73778816644,1506752.6909936767,-90.05034156890918,1.0632192816944193,1.2637115366208158,8.050580599688983,Severe Erosion,-29.172948522355163
785,499.9999999999716,441.7020459268182,117.32700784429812,-14.574488518288348,-95.66824803891836,476834.6264433399,1506911.4760569406,179.94952799377052,0.8880629498473869,1.268631459709109,1.0,Severe Erosion,-106.07789507833698
786,354.2559033716568,412.5535408152355,29.88261004663535,14.574409360894675,-81.09332333125536,476834.7512790533,1507053.1781556592,179.94952212073935,1.4548208572749275,1.0864423618049148,1.0,Severe Erosion,-72.61104148980517
787,142.35123475674706,529.8040642912206,525.9047431475565,96.86320738361836,95.88837709770236,476977.5513148594,1507050.6424187114,89.94971217883062,1.631652466013139,1.1076467815828686,8.524461837296371,Accretion / Land Gain,96.94346443371545
788,500.0000000000317,440.3918598117936,436.4925382929664,-14.902035047059528,-15.87686542676633,476998.8834567075,1507229.4482279813,89.94986513777417,1.5854928800880053,0.9727048942186216,8.345624930226862,Severe Erosion,-16.360430986118292
795,4.473829447115315,4.473830521338101,0.737512121599126,2.685556965698055e-07,-0.9340793313790472,477738.51970307564,1507236.1151531641,179.95148454687805,1.118600838696213,1.1350837694457803,1.0,Moderate Erosion,-3.658674765423796
796,261.56754405586975,82.74324524271965,19.23584063484521,-44.70607470328753,-60.582925855256136,477826.7015524442,1507347.953292181,89.95173536965652,1.659870275233114,1.276417483865874,7.90757334686971,Severe Erosion,-58.58724528349578
797,440.3918855826584,678.8243248053559,20.36766743957737,59.60810980567437,-105.00605453577026,477889.64610573405,1507258.488073751,-90.0481665263807,0.794354935979616,1.2411999825144209,7.523247291456632,Severe Erosion,-105.1942280478945
798,499.9999999999887,616.5949045097097,263.8798231519473,29.148726127430265,-59.03004421201035,477825.8694662726,1507122.2036073788,-0.048321129501602625,1.365157937219234,1.1820572783060088,1.0,Severe Erosion,-53.51353480192775
799,499.99999999998,441.702298439318,438.7719537258732,-14.5744253901655,-15.307011568526704,477913.22106921783,1507009.5763993354,-0.04812636565462048,1.2167981619237376,1.1979310848972096,1.0,Severe Erosion,-14.735873325216506
800,499.9999999999834,91.9138504342631,1.5364639644772362,-102.02153739143009,-124.61588400887652,477913.10204799665,1506867.874357098,-0.0481226337286547,1.2222093048974623,1.1445134600523148,1.0,Severe Erosion,-123.86437520156713
801,499.9999999999832,410.5877802900879,19.23596381536364,-22.35305492747382,-120.19100904615487,478026.75869556336,1506781.5082570105,89.9521659385299,1.5454580287690622,1.2159435232940563,8.423823441072171,Severe Erosion,-122.00907010722415
802,325.10594791673424,33.6158968163742,29.879572745948025,-72.87251277509,-73.80659379269656,478146.2892452032,1506861.9449905583,179.95238590538204,1.1917905654921555,1.2608904930453375,1.0,Severe Erosion,-74.0913219113019
803,142.3513483252021,142.35138855276327,79.97594346722396,1.0056890289433795e-05,-15.593851214494538,478161.25458535465,1506960.2204593974,-90.04758557323227,0.8461704032881325,1.0704139592774526,8.41520225183991,Severe Erosion,-14.054842370034242
804,62.7686434986893,325.1074454410956,321.3711247764741,65.58470048560157,64.6506203194462,478146.4763287629,1507087.051475943,179.95237851490137,0.9438072017470924,1.2237312692992801,1.0,Accretion / Land Gain,56.09977835616308
805,62.7705082547432,62.7705082547432,59.034189361853,0.0,-0.9340797232225492,478117.4212547918,1507199.6296693224,179.95230990949608,0.9981051262856465,1.2744120036962143,1.0,Moderate Erosion,-7.675006833751114
806,23.135198409845145,142.35136385540042,138.4520431021123,29.80404136138882,28.82921117306679,478199.2437603783,1507317.837697068,89.95243511744559,1.7114894762690251,1.1666613200933884,7.812258656741675,Accretion / Land Gain,32.54553164318036
807,52.9392869741525,23.13524816839338,19.23592720472445,-7.45100970143978,-8.425839942357012,478250.1001147884,1507168.7752727917,89.95278910012453,1.62562967992873,1.2558582200585606,7.485651677278891,Severe Erosion,-7.571512751717303
808,295.9594479444248,295.9594479444248,0.7366639430633155,0.0,-73.80569600034038,478438.040800077,1507180.6895655068,179.95301051772336,1.172730547982138,1.4249804058741755,1.0,Severe Erosion,-74.72561268210377
809,440.3918990008498,559.6080984207258,20.367774371559904,29.80404985496901,-105.00603115732248,478345.2759472081,1507287.9128900913,-90.04721455509514,0.8027652257712975,1.1915095481509754,8.08353870078396,Severe Erosion,-104.91386149199552
810,69.60776556753335,69.60778045003781,65.59334244058213,3.720626114755987e-06,-1.0036057817378037,478408.4056306403,1507317.6650233418,56.15252049608349,1.5843465343958323,1.2313338374280713,6.6674706626656555,Moderate Erosion,0.7343027450705515
811,91.91968937497798,150.2168819930337,147.286533745059,14.57429815451393,13.841711092520251,478525.5309493394,1507234.7622911194,-0.046800274634076884,1.1187093204366465,1.1407890521486275,1.0,Accretion / Land Gain,11.142912690973443
812,412.554165814198,412.554165814198,146.48036895497913,0.0,-66.51844921480472,478554.66331971996,1507214.8656547484,179.9532646088496,1.0835805657345852,1.214324515983498,1.0,Severe Erosion,-70.40997284181628
813,499.999999999999,4.472488367017449,1.542141318840451,-123.8818779082454,-124.61446467028964,478671.2115899597,1507157.900234807,-0.04647859529595847,1.2290523064923933,1.2366184573035786,1.0,Severe Erosion,-123.63523839480123
814,33.61866999707521,412.5535094267474,59.83716163135446,94.73370985741803,6.554622908569813,478729.3942825233,1507016.150676805,-0.04634840811240274,1.052920510463187,1.215306403434442,1.0,Accretion / Land Gain,1.6627590204946534
817,441.701659829376,33.61322746391175,30.68288725395098,-102.02210809136606,-102.75469314385626,478845.74138613266,1506707.5463082779,-0.04608540572315278,1.2609161765650683,1.1179308286110656,1.0,Severe Erosion,-100.7134293652839
818,441.70164103589065,558.2983608657985,437.96531447799634,29.14917995747696,-0.9340816394735754,478787.43625063077,1506699.144810962,179.95378713850332,0.9449350859652974,1.2160087781783055,1.0,Moderate Erosion,-9.446999660662778
820,321.1757748441551,559.6080561472656,20.36800044082032,59.60807032577763,-75.2019436008337,478675.3216840699,1506870.386403698,-90.04643962185021,0.954373476988769,1.3166016974171355,8.22897549466359,Severe Erosion,-70.05616541420548
821,150.21236460346597,441.7020550914025,117.32707419427103,72.87242262198413,-8.22132260229873,478554.3983051909,1506889.937454804,179.95327412375985,1.2712158304803056,1.2355301266375258,1.0,Severe Erosion,-5.8583351902335155
822,354.2557705989886,441.7023070740679,146.47754581045194,21.861634118769828,-51.94455619713416,478583.6389362251,1507002.4669466265,179.95333265729985,1.2387302596243681,1.276669825556891,1.0,Severe Erosion,-50.66440752556478
823,321.17574008881274,321.17574615591565,50.1719501064979,1.5167757254630487e-06,-67.75094749557871,478519.93169714115,1507079.1412359276,-90.04679528539266,0.9474037810019877,1.1807941406400053,8.158146804271052,Severe Erosion,-62.837492575851144
824,231.7636319065772,201.95961664329448,79.97604231450899,-7.451003815820677,-37.94689739801705,478467.5683448557,1506989.7719566808,-90.0470148653759,1.0498213013344997,1.2596951893069335,7.874926438836427,Severe Erosion,-29.61952517570417
825,201.9595179400065,321.1757185010252,50.17190749065801,29.804050140254667,-37.94690261233713,478327.22555851645,1507049.4953030646,-90.04720724465582,0.9521556455221548,1.2220798522127159,7.681601720607793,Severe Erosion,-32.875052287246476
826,321.1756675652054,321.17567713082286,50.1718454962221,2.3914043651984684e-06,-67.75095551724583,478216.7115552358,1507138.998801879,-90.04746407052842,0.5238690025509845,1.1237142315881028,7.900407792873103,Severe Erosion,-76.95532667390405
827,150.2138284062299,91.91612654028192,88.98578182900563,-14.574425466486996,-15.307011644306067,478263.0070082519,1507009.1526636253,-0.04736419231782728,1.0077327905859081,1.2251965351285272,1.0,Severe Erosion,-21.704896477984576
828,52.93948711638334,321.175777628614,317.27645716792654,67.05907262805766,66.0842425128858,478354.292662148,1506900.4527689347,89.95279734437909,1.506277077602608,1.1203105564290106,7.873564100690007,Accretion / Land Gain,62.9601496244074
829,91.91404118067769,179.36102404343333,0.7307375546104158,21.86174571568891,-22.795825906516814,478292.03984988685,1506868.6204760182,179.9527034492564,1.2042438497082502,1.1489943924086319,1.0,Severe Erosion,-22.665370655462645
830,295.9563593579408,325.1054522540352,147.28054706218148,7.287273224023593,-37.16895307393983,478175.3781200309,1506789.472124102,-0.047549201128362986,1.2773168970619193,1.2147149421797283,1.0,Severe Erosion,-34.58065797159422
831,354.25392875978173,150.20940761389446,88.98062933503046,-51.01113028647182,-66.31832485618781,478262.7323304399,1506676.84713276,-0.04735500424282923,1.0908078277680857,1.2232616013620627,1.0,Severe Erosion,-69.94704392195514
832,23.13553317195733,23.13553317195733,19.236211928950148,0.0,-0.9748303107517956,478388.31169314287,1506602.384296008,89.95299699407767,1.6280148800743781,1.1042818494764122,8.513115295591923,Moderate Erosion,-0.040996488366404016
833,380.7838713476477,261.56773633893937,79.9760792836011,-29.80403375217708,-75.20194801601164,478464.23859120015,1506483.105840046,-90.04696761432476,0.6866926945415674,1.2836334092773152,8.031200279500224,Severe Erosion,-78.97886267777825
834,52.93943956429207,142.35153634520415,20.368054123970776,22.35302419522802,-8.142846360080323,478294.01821547694,1506453.4417134062,-90.04715717881861,0.708272465032814,1.245047336050932,7.476886664308808,Severe Erosion,-11.200435375040065
835,325.1037767732436,674.8962379716947,0.7244141187295101,87.44811529961278,-81.09484066362853,478291.7630088314,1506533.2155663474,179.95271262399118,0.9893309635976817,1.1429818420822155,1.0,Severe Erosion,-88.12814614786964
836,354.2532876763785,4.461115382637354,1.530777566396237,-87.44804307343529,-88.18062752749556,478262.6361686898,1506560.4933698166,-0.04735178925034653,1.0611844352693443,1.0763774814430036,1.0,Severe Erosion,-92.79679375805009
837,325.1042698252195,441.70142132685766,437.96509331975176,29.14928787540954,28.215205873633067,478204.3774240847,1506608.7169956262,179.95251937092624,0.9975787864429125,1.18783345475079,1.0,Accretion / Land Gain,21.4567828455514
838,500.0000000000092,295.95536713410485,118.12961167208242,-51.01115821647609,-95.4675970819817,478116.97443839663,1506662.6995490335,-0.04766835595400436,1.0532862241876273,1.1637951223257812,1.0,Severe Erosion,-100.34696334686836
839,500.0000000000092,208.50544424624567,59.827813872634536,-72.87363893844088,-110.04304653184369,478116.80804446543,1506462.699618251,-0.04766835595400436,1.357713481625403,1.2083467784470203,1.0,Severe Erosion,-104.77483754880448
840,172.15567666605787,201.95970351234547,19.236223976165352,7.4510067115719,-38.22986317247313,478071.77586749493,1506334.4098593106,89.95224335181416,1.4575900277271823,1.1701207803432767,8.15253835487159,Severe Erosion,-42.97685761663285
841,231.76379390889272,52.9397713338885,49.04045103628192,-44.706005643751055,-45.6808357181527,478212.11813716486,1506274.6852029143,89.9524674007727,1.9948571720782655,1.0385116739345985,8.546207832063645,Severe Erosion,-32.518925393965745
842,354.25134288361266,62.75399381500559,59.82366134825992,-72.87433726715177,-73.60692038383819,478116.59990958904,1506212.4954690265,-0.04765725689276405,1.2736649747523987,1.1679736619622298,1.0,Severe Erosion,-71.14033087943375
843,4.455725563475875,91.90470514106138,88.16837199432867,21.862244894396376,20.9281616077132,478029.19940507883,1506270.8328404452,179.9521504405318,1.22805947145874,1.174654625577716,1.0,Accretion / Land Gain,21.85234222618757
844,500.0000000000101,62.75319776025248,59.82286605220671,-109.3117005599394,-110.04428348695086,477999.9623285921,1506166.3152918047,-0.04790886007174533,1.0709118660721415,1.2496831331484468,1.0,Severe Erosion,-114.33607238785693
845,500.0000000000211,150.20069327944682,30.670580478233,-87.44982668014356,-117.33235488044704,478058.14370492706,1506024.5664804778,-0.047778659545297975,1.3047129239815052,1.1429689352113062,1.0,Severe Erosion,-113.83080548340209
846,500.00000000003854,142.35173857056196,138.4524176022033,-89.41206535736914,-90.3868955994588,478150.75171321415,1506036.3037514554,89.95244304153499,1.5136541882758732,1.3331330486574688,7.691120289109034,Severe Erosion,-93.26508473064767
847,500.000000000008,62.75072899132443,59.01439186489584,-109.3123177521709,-110.24640203377804,478320.47859550564,1506006.8040047258,179.95279261193687,1.2186310419007034,1.0458720647796182,1.0,Severe Erosion,-109.63635296055124
848,500.000000000018,150.20168347786293,146.46534762052576,-87.44957913053878,-88.38366309487307,478320.5473123512,1506090.204356259,179.95279078099196,1.5843422632266209,1.3037964262296908,1.0,Severe Erosion,-75.5832404035291
849,4.453465192602239,4.45346525424432,0.7171302890693774,1.5410520415315432e-08,-0.9340837258832152,478466.34097051213,1506144.335471923,179.9531054333723,1.1859184008403305,1.1810199144054077,1.0,Moderate Erosion,-1.4143832245064645
850,500.0000000000207,201.9598450844071,198.06052396756212,-74.5100387289034,-75.48486900811463,478478.0077395351,1506274.4663119805,89.9531657344913,1.7723908653103388,1.267874781667088,7.249994372360975,Severe Erosion,-69.73850237668626
851,91.90406081790458,91.90406081790458,88.16772707911083,0.0,-0.9340834346984366,478612.15229720046,1506220.952607313,179.95342057933928,1.0948487218969776,1.2054347620980221,1.0,Moderate Erosion,-4.449965560327874
852,499.99999999990587,23.1357110838607,227.86451490866963,-119.21607222901127,-68.03387127280905,478728.9632107109,1506244.4581977143,89.95364276733365,1.5947515955013212,1.2902404958724478,8.42088184390013,Severe Erosion,-68.20881372529387
853,499.9999999999498,261.56786735010314,257.66854699282834,-59.60803316246167,-60.58286325178037,478839.47902446217,1506154.9569738987,89.9539311428167,1.8656199660450108,1.1679885060059227,8.038971058112606,Severe Erosion,-51.72886007360282
854,441.70047200178,441.70047200178,437.9641375163266,0.0,-0.9340836213633424,478961.9104513475,1506172.8335564365,179.9541850538467,1.1062747899605496,1.1111079196084088,1.0,Moderate Erosion,-4.0689189103021794
855,383.4014557425994,733.1971103134777,467.1140297731493,87.44891364271956,20.928143507637472,478874.55157295405,1506285.4544498425,179.95399104039342,1.4721884867972401,1.3127598897287154,1.0,Accretion / Land Gain,29.990386297622116
856,325.10253313875194,616.598319898919,321.3662009773563,72.87394669004178,-0.9340830403489092,478728.84729617496,1506339.8239209251,179.95367046829548,1.3064862314307355,1.190097162122181,1.0,Moderate Erosion,2.6046766369284677
858,325.1025426384437,150.20506927306673,88.97557336615857,-43.724368341344245,-59.03174231807128,478903.7458468001,1506341.1052543635,-0.04594681086823008,1.1153092143980632,1.2169015908147047,1.0,Severe Erosion,-61.84407619754262
859,470.8503688885079,820.6459729513723,554.5629303189282,87.4489010157161,20.928140357605088,478962.0034920777,1506289.1836700086,179.95418149867874,1.2951810343067893,1.2979036043401053,1.0,Accretion / Land Gain,24.090179052882693
860,295.9516961003192,266.8019379407692,59.82328478424371,-7.287439539887501,-59.03210282901888,479020.21318187384,1506176.8267304278,-0.04568532593020366,1.3455642237348744,1.1164455947707759,1.0,Severe Erosion,-54.16933058088523
861,499.9999999999718,62.75029206676059,59.81996303193422,-109.3124269833028,-110.0450092420094,479020.05371001543,1505976.826794006,-0.04568532593020366,1.2929525506234443,1.246405681296849,1.0,Severe Erosion,-106.93595943092342
862,23.135782748216865,82.74380729669605,79.97646109253296,14.902006137119796,14.210169586079022,478969.79283299285,1505827.0082398977,-90.04577342472639,0.5644664196636988,1.151382040829933,7.900845399423187,Accretion / Land Gain,6.35904598662674
863,470.8497404486138,529.1502594121108,467.1133991423986,14.57512974087426,-0.9340853265537844,478961.5501022106,1505722.1233662944,179.9541979471669,1.0912491822426578,1.1878568046059288,1.0,Moderate Erosion,-4.569771205678127
864,350.979975077546,23.135851142333976,20.368504667393136,-81.961030983803,-82.65286760253821,478954.4631540127,1505618.3923869652,-90.04586240397703,0.7628723328112926,1.204064258151768,7.99581138549854,Severe Erosion,-83.89046078029573
865,500.0000000000221,23.13568913727745,20.3683430370847,-119.21607771568615,-119.90791424073436,478843.8512176569,1505588.6770441823,-90.04608359812369,0.788835115018068,1.0782204462050096,7.546328954227382,Severe Erosion,-120.28008138623458
866,499.9999999998929,23.135810422834943,20.368464003528484,-119.21604739426448,-119.90788399909113,478733.1912075644,1505499.354179358,-90.04627128164448,0.893100945071693,1.1357964350135552,8.411669565669358,Severe Erosion,-116.80452351133773
867,500.0000000000748,23.136114283845025,19.236794670608514,-119.21597142905745,-120.19080133236658,478833.7084839476,1505469.4691471504,89.95391997705464,1.6266550207769874,1.3061430255024593,7.2823400082605465,Severe Erosion,-119.3022963277003
868,500.000000000058,142.35206683627052,138.45274646854045,-89.41198329094686,-90.38681338287938,478884.56883548305,1505320.4082487733,89.9540513381766,1.3996982175669874,1.2687137620170759,8.215903232601391,Severe Erosion,-97.0635351764299
869,23.136091948648566,261.56802536597706,257.66870532431074,59.60798335433213,58.633153343915545,478995.1806250277,1505350.1237918285,89.95424078260523,1.657029550082854,1.1928559904243807,7.869383107625364,Accretion / Land Gain,60.53414259894536
870,499.9999999999751,91.88783548330667,88.95751871792781,-102.02804112916712,-102.76062032051182,479019.41415251215,1505174.4778728816,-0.04565872553658623,1.2912691037891597,1.217021294891273,1.0,Severe Erosion,-99.70769159409271
871,142.3520550303846,172.15607223586883,169.38872581983202,7.451004301371057,6.759167697361853,479001.290519138,1504992.470853136,-90.04568511248672,0.8839686943448499,1.173705424802135,8.080950805135597,Accretion / Land Gain,9.558119937017052
919,499.999999999981,995.5694755292706,146.4499806228836,123.8923688823224,-88.38750484427436,477911.4849011175,1504941.2550452421,179.95193850782516,1.3624526413065934,1.3056759018325983,1.0,Severe Erosion,-82.98360121650126
921,500.0000000000285,172.1557574163971,169.38841236462616,-81.96106064590785,-82.65289690885058,477945.98930079973,1505142.3536929442,-90.04800505638299,0.925088463579609,1.1814870577048124,8.015882720742386,Severe Erosion,-78.48328613610606
922,499.99999999994617,172.1557349093365,169.38838891874826,-81.96106627265242,-82.65290277029948,477835.4264421176,1505172.250554966,-90.04819630174715,0.8688771534024129,1.2161149127505542,7.43084640651243,Severe Erosion,-80.35700237415729
923,499.9999999998908,172.15578621894494,169.38844144115936,-81.96105344523647,-82.65288963968285,477754.5420073886,1505053.1026811786,-90.04844631077206,0.7894752862713544,1.2890383101497187,8.184505973924102,Severe Erosion,-83.0037181969761
925,410.5879823932464,917.2563090962587,49.040608394552166,126.66708167575308,-90.38684349967356,477676.9412194084,1505023.364326746,89.9513643381735,1.3508557158625192,1.1351119851984681,7.630254184346212,Severe Erosion,-98.69164816725352
927,231.7637263751384,231.76376645648264,228.99642025831776,1.0020336063121247e-05,-0.6918265292051515,477488.45317120675,1505112.936883864,-90.04898740335618,0.8644428790719653,1.322166416881077,7.819599469146727,Moderate Erosion,1.4562645664577776
928,91.88627886830324,937.2648047004956,58.99895063426703,211.34463145804807,-8.221832058509053,477386.8937724962,1505092.2660616536,179.95079105230644,1.2314966962957092,1.0749895221077292,1.0,Severe Erosion,-7.183393622693497
929,261.5677663340459,142.35158280952894,139.58423741914172,-29.804045881129248,-30.495882228726053,477297.1072958131,1505142.9052116517,-90.04946412939186,0.8407369746407908,1.3278876038808038,7.69098017403341,Severe Erosion,-29.137988042749186
930,380.7838840073139,201.9598182848217,19.23637356667216,-44.706016430623045,-90.38687761016044,477325.7013541086,1505202.4886832808,89.9505973823542,1.4084875649359727,1.1678058141846754,7.976811426313064,Severe Erosion,-96.77062048926199
931,499.99999999997846,704.0554117621117,0.7006056469124937,51.01385294053331,-124.82484858826648,477445.35898681,1505282.7972549878,179.95091172791965,1.0381842196856026,1.1783401561262123,1.0,Severe Erosion,-130.23013129030778
932,500.000000000006,820.6574776479157,88.15421846158881,80.16436941197742,-102.9614453846043,477562.03310882,1505366.0946710766,179.9511636112476,1.3583138702700577,1.0466922855474157,1.0,Severe Erosion,-97.69568111793978
933,500.0000000000039,112.5476317057406,109.78028561807184,-96.86309207356584,-97.55492859548302,477406.8912155124,1505411.0470794167,-90.04925071258153,0.7940668746994869,1.1615816925674483,8.705962566660604,Severe Erosion,-97.75270436476629
934,500.0000000000946,410.587954826138,79.97618685382001,-22.353011293489143,-105.00595328656864,477236.6696358144,1505381.3897188755,-90.04947181335753,0.9022252537136937,1.1147332734082869,9.116880565007982,Severe Erosion,-101.59844979970552
935,499.99999999988745,19.021216619699768,16.516789463146356,-120.24469584504692,-120.87080263418528,477096.22610975313,1505321.9034184623,-60.9597153878625,0.8545363077128237,1.1492092222458832,7.030696232801484,Severe Erosion,-120.72921075353298
936,499.9999999999857,499.9999603489118,79.97614512759007,-9.912768462072565e-06,-105.0059637180989,476985.6122393939,1505292.1958619833,-90.0501033793106,0.8044635738635358,1.186786856687898,8.315278597535395,Severe Erosion,-104.85718302062017
937,500.00000000007776,500.00000000007776,497.23265421873487,0.0,-0.6918364453357242,476875.05056696024,1505322.0967803947,-90.05032641442111,0.9407427252002212,1.274444577451413,7.287746644760573,Moderate Erosion,3.999582584544264
938,499.99999999996095,142.35143568303488,20.36806125732739,-89.41214107923152,-119.9079846856584,476764.38395644043,1505232.7820937445,-90.0505772505476,0.7225934466132059,1.2142799726008475,8.601090613605994,Severe Erosion,-122.48820832674528
939,500.0000000000264,499.9999997979876,497.0696848991425,-5.050969775766134e-08,-0.732578775220972,476716.4105052829,1505080.6634503463,-0.05066749712525728,1.2140643907278181,1.2220197688508587,1.0,Moderate Erosion,-0.2519748905160552
940,500.00000000001,500.00000000001,1.501457396695466,0.0,-124.62463565082864,476628.91052375414,1505027.8021564744,-0.05085632124742628,1.130303662640376,1.1096682750096132,1.0,Severe Erosion,-126.93601209435386
941,499.9999999999933,499.9999999999933,497.0696876850596,0.0,-0.7325780787334253,476541.35708504624,1504915.3333505532,-0.051042657419394316,1.134469220959913,1.1266399031957186,1.0,Moderate Erosion,-2.9050592158950033
942,142.35161000331263,142.35161000331263,139.58426428036637,0.0,-0.691836430736565,476411.1007636181,1504845.6436835555,-90.05135731982442,0.7536243421699088,1.3408644373999732,7.898206355537767,Moderate Erosion,-2.2376970480797618
943,52.93951915817037,52.93951915817037,50.17217334085326,0.0,-0.6918364543292768,476417.03799786925,1504756.2262369993,-90.05132260857567,0.8333202262181214,1.1379742923945615,7.816786717332889,Moderate Erosion,0.41883240383928744
944,354.2431441708724,354.2431441708724,350.50678738615665,0.0,-0.9340891961789451,476278.854990826,1504758.5571322236,179.94839099027112,1.1285480055591424,1.3292916874509004,1.0,Moderate Erosion,-3.327832304496332
945,261.56771005361026,23.135378901554944,20.36803348077171,-59.60808278801383,-60.29991914320964,476195.9698858191,1504875.6413047535,-90.05177058645721,0.9883635821227501,1.1775794989303583,7.574654934333433,Severe Erosion,-54.02113851534204
946,231.76364192916373,82.74344690969201,79.97610121404982,-37.25504875486793,-37.94688517877847,476025.74704312213,1504845.9917061946,-90.05199158052005,0.6658090693508217,1.1971501464294765,8.40864661208503,Severe Erosion,-42.41992168987599
947,142.35148317002353,142.35152245043218,139.58417726797865,9.820102164326272e-06,-0.6918264755112205,475974.68584205676,1504756.6260786618,-90.05230564929003,0.7719694200551835,1.2824203862550665,7.577600741641514,Moderate Erosion,-1.6261846963180155
948,499.9999999999253,499.9999999999253,497.23265410081694,0.0,-0.6918364747770909,475893.79302054737,1504637.4838009307,-90.05246012902373,0.7340405089242583,1.298300343587453,7.579974730763035,Moderate Erosion,-2.8904917661479654
949,211.8442662523857,275.878651880326,48.86816568400444,16.008596406985077,-40.74402514209531,475870.51606328925,1504518.9766055902,-24.478987491245135,1.2513028834972737,1.187434333076763,2.9510000677523918,Severe Erosion,-33.50913572032665
950,62.72385206608853,62.723851313172105,59.793546654675005,-1.882291069676967e-07,-0.732576352853382,475753.83276631654,1504435.6905025602,-0.0527378256892874,1.2291150370492763,1.1650592931108619,1.0,Moderate Erosion,0.25019752970449116
951,291.3720032997685,291.3719239803881,198.0603854137332,-1.982984510107144e-05,-23.32790447150883,475711.29684192035,1504429.0231362542,89.94716654495164,1.75477651086008,1.1916304592051539,7.753286454187809,Severe Erosion,-18.168681774165655
952,383.393584401717,383.3935844828003,117.2928156263489,2.0270817913115025e-08,-66.52519219384203,475724.7931184779,1504557.3293595929,179.94719209814093,0.9775346126956626,1.2234176695130987,1.0,Severe Erosion,-73.95299405902689
953,237.637279678604,208.48586804301905,204.7495106904053,-7.287852908896234,-8.221942247049682,475754.1019905228,1504728.150983386,179.9472514154242,1.2404257944190142,1.2680383728834035,1.0,Severe Erosion,-6.886690917703389
954,23.135258958557685,649.0201977788006,228.9962580736126,156.47123470506074,51.46524977876373,475700.77137062105,1504816.4854874609,-90.05284679526726,0.9334447894896206,1.1972479551253592,7.987179648805702,Accretion / Land Gain,55.91340375688091
955,499.9999999998888,708.6282645151044,586.6447616265997,52.15706612880391,21.66119040667772,475619.8773493877,1504697.3440393347,-90.05303294468204,0.812342769738187,1.2461826474166242,7.5276075795967765,Accretion / Land Gain,22.072610353054838
956,142.3517981885632,142.35161672400702,138.45229473211816,-4.536613904804199e-05,-0.9748758641112616,475619.12558139686,1504578.1285391324,89.94693946774521,1.7598218847346148,1.3274937898030337,7.539324125882502,Moderate Erosion,4.352526011215494
957,121.02889122218455,121.0288909833002,118.09858464846997,-5.972108851892699e-08,-0.7325766434286507,475666.47819893016,1504544.684299279,-0.05293370679342883,1.1220371855499818,1.2268589898328068,1.0,Moderate Erosion,-3.3190188939305116
958,179.3307698492926,179.33076906331425,1.4899485862973787,-1.9649458948833853e-07,-44.46020531574881,475637.22249496693,1504432.1663441376,-0.052992490468105787,1.411032158705582,1.2210432298222407,1.0,Severe Erosion,-37.41346811482091
959,237.6328492781872,295.93666455869584,30.63917873863897,14.57595382012716,-51.748417634887055,475578.787667775,1504290.523892247,-0.05311621099363047,1.5444638974887939,1.0742808861649553,1.0,Severe Erosion,-40.253927016790804
960,440.3921547412439,440.3920727794674,347.0805327259559,-2.049044412899548e-05,-23.32790550382201,475708.7714100246,1504280.005253867,89.947203377296,1.545574046110865,0.985311289750649,7.85310180321656,Severe Erosion,-25.142098306020305
961,295.937387264894,33.5712073394398,29.8348446721999,-65.59154498136355,-66.52563564817353,475812.0820909192,1504376.68845902,179.9473905238914,1.133541905168612,1.2270582706491175,1.0,Severe Erosion,-68.7531482551774
962,261.5678709388078,201.9597322149597,198.06041136970927,-14.902034680962023,-15.876864892274632,475930.0021712532,1504339.410290452,89.94767687502336,1.8180075047768716,1.18831870288024,8.248535360171969,Severe Erosion,-8.609942506686128
963,142.3517228470431,52.93976027247642,49.04043939742704,-22.35299064364167,-23.327820862404018,476040.67155112926,1504428.7214889263,89.9478323419329,1.8369356560585166,1.1549208179947095,8.379253864167014,Severe Erosion,-15.429960133750455
964,380.783887398764,112.5476284206997,109.7802826820792,-67.05906474451608,-67.75090117917121,476027.42759343976,1504309.5173855019,-90.05213190628086,0.7215711615009226,1.2153194260026408,7.877614915909104,Severe Erosion,-70.36520131493755
965,150.17649222711012,208.48041528993056,205.550113574886,14.575980765705111,13.843405336943968,475899.41027759993,1504237.5857773174,-0.052414165299810564,1.136606057582992,1.190839717964833,1.0,Accretion / Land Gain,11.742471251464682
966,440.3920219082116,291.37184941379473,108.64843238642683,-37.25504312360421,-82.93589738044619,475904.455987799,1504160.609390373,89.94765127514349,1.5577321417168906,1.285714351577372,8.509772752058895,Severe Erosion,-84.34482042474873
967,412.0520831533184,118.89194556402052,115.1533121127539,-73.29003439732446,-74.22469276014112,476016.0285510331,1504249.0157120016,173.88412561180783,1.0409482468903506,1.2025873156296314,1.0,Severe Erosion,-80.9469453153125
968,410.5879241132574,440.3919582514232,50.17227819183014,7.451008534541458,-90.1039114803568,476081.17591713934,1504160.4483703221,-90.05203174791862,0.6622023729656771,1.1357376882053378,8.69212542717673,Severe Erosion,-94.69717121277779
969,172.1557638839068,172.15577140759936,20.3682803001118,1.8809231434602225e-06,-37.94687089594875,476000.3378665624,1504100.913840644,-90.0523149874432,0.6493790517260972,1.2745630702981336,7.101762306195785,Severe Erosion,-42.967574729709085
970,91.86980754497552,616.6086080413619,147.2438281207952,131.1847001240966,13.84350514395492,475840.94388092885,1504060.416275953,-0.052535347847547216,1.0844635993683247,1.1778815988761866,1.0,Accretion / Land Gain,10.004517318434278
971,440.3919483179212,172.15575796942656,19.23635403538083,-67.05904758712367,-105.2888985706351,475757.71885721514,1504130.9399612658,89.94733529872043,1.594797097916401,1.237544484058747,8.767439154038847,Severe Erosion,-105.462323007569
972,291.3717600699649,291.3717425522455,20.368133484528123,-4.3794298534294285e-06,-67.7509066463592,475785.31955905067,1504250.130731587,-90.05263708702655,0.8351323786789048,1.1575081636794002,7.858690969856202,Severe Erosion,-66.5798329836766
973,23.13564601553919,231.7639110773386,109.78040554238412,52.157066265449856,21.66118988171123,475615.09626188036,1504220.4839064516,-90.05292136709095,1.03257524454874,1.1436461703198175,7.909799218133578,Accretion / Land Gain,29.413692345781616
974,499.9999999999336,499.9999908359483,79.97613871616247,-2.2909963206529937e-06,-105.00596532094278,475474.7597745138,1504280.2220800312,-90.05339894692987,0.6502470676092869,1.2025036555836417,8.118201202234026,Severe Erosion,-109.99773552463674
975,350.9798292112901,231.76367633107944,228.99633060903065,-29.804038220052668,-30.495874650564872,475364.08838269993,1504190.9131868775,-90.05361772652213,0.9476485349179982,1.1965895523231371,7.776478169515803,Severe Erosion,-25.574262658181954
977,136.5097494208541,106.21888122134868,103.46078053771932,-7.572717049876353,-8.26224222078369,475404.49040862307,1504041.855207036,-79.76749326058851,0.7742636811208872,1.2335931394907287,7.747931072084635,Severe Erosion,-9.332186441911235
981,208.48018109133525,150.1762231735288,146.4398579755607,-14.575989479451614,-15.51008077894364,475258.05260974314,1504222.4309411463,179.94619155503574,1.1929560973089175,1.1741451892161372,1.0,Severe Erosion,-15.757399327205805
982,112.54758405667964,649.0201864961336,168.25636891997965,134.1181506098635,13.927196215825004,475370.33718593925,1504310.1235309741,89.94637811132952,1.701222748651287,1.0489296038059561,7.749028202755376,Accretion / Land Gain,17.301293676658023
983,62.72404109271153,179.33095259228713,175.59459085082943,29.1517278748939,28.21763743952948,475316.5674599652,1504447.4648993728,179.94630948590756,1.0319665272099985,1.1615226178353957,1.0,Accretion / Land Gain,22.604027331717987
984,500.0000000000953,23.13521449569493,20.36786883863081,-119.2161963761001,-119.90803279036614,475247.63564062334,1504578.475034909,-90.0538215250491,0.8573616384080963,1.2599312184033709,8.1844276833088,Severe Erosion,-117.99598405944589
985,499.9999999999608,440.3918914462972,20.367822114216583,-14.902027138415889,-119.90804447143604,475137.07582529605,1504608.3832159692,-90.05410792621382,0.8249680095956601,1.1726983703747151,8.100247725567288,Severe Erosion,-119.07578343037076
986,470.8482450132727,470.8482450132727,1.489791411849378,0.0,-117.33961340035584,475112.49138163816,1504432.8249089792,-0.05413649095812602,1.27348974565238,1.1764017753688303,1.0,Severe Erosion,-114.8773570803151
987,470.19595487823614,470.19595487823614,78.84411236997327,0.0,-97.83796062706573,475074.783446365,1504489.2258585244,89.9457377407904,1.64337511720352,1.2751454360029053,7.894254079065562,Severe Erosion,-96.39211740752664
988,23.13512026459513,440.3918928315964,20.367783784816563,104.31419314175032,-0.6918341199446418,475041.1637648659,1504638.2779946062,-90.05429923829725,1.1682952006138643,1.1395927352728643,7.6903148801142365,Moderate Erosion,11.58466657960983
991,500.00000000002507,121.03182431166174,29.84128501903169,-94.74204392209084,-117.53967874524834,475025.33998351946,1504753.3258587646,179.94566535676094,1.1047183296744145,1.0733603243238452,1.0,Severe Erosion,-120.72837866650492
992,500.00000000001546,325.09234465640986,58.9945414917222,-43.7269138359014,-110.25136462707331,474996.2954535512,1504865.8994411998,179.94559770850924,1.1207302563355168,1.184155143785194,1.0,Severe Erosion,-112.9063494020824
993,321.17565426018666,52.93908253949845,50.17173734528664,-67.05914293017206,-67.750979228725,474984.7346502152,1504936.3722062693,-90.05446836559668,0.7065291017842376,1.1584061164152928,7.576311701691794,Severe Erosion,-70.86668186084883
994,500.00000000000864,266.79151681886407,29.846714167421663,-58.30212079528614,-117.53832145814674,474967.3292233721,1505060.563036004,179.94552634834145,1.1170587298994794,1.1200697028503213,1.0,Severe Erosion,-120.31570705394802
995,500.0000000000972,82.74324741671364,78.84392643370968,-104.31418814584588,-105.28901839159688,475082.89865539985,1505085.2994756997,89.94568494020278,1.5043917511720988,1.1833836804216635,7.793549748612955,Severe Erosion,-108.47595402812948
996,499.99999999999727,325.09435900849576,321.35800819922474,-43.72641024787538,-44.66049795019313,475084.03484832204,1505167.6362251753,179.945777457958,1.378731024364602,1.2368799640553845,1.0,Severe Erosion,-38.71541529465537
997,4.436210930651904,500.000000000026,350.5095798654854,123.89094726734352,86.51834223370838,475171.59377336287,1505280.1007907158,179.9459646312382,1.4134528751815263,1.1970084629018898,1.0,Accretion / Land Gain,93.62086347365765
998,172.15523762619026,23.134892190813016,20.367547126619616,-37.25508635884431,-37.94692262489266,475074.84685456887,1505383.3478585882,-90.0542304427868,0.7143882351099324,1.2224794330102535,7.928148527990669,Severe Erosion,-40.80065409364004
999,82.74297623719201,112.54703912797068,109.77969422528408,7.451015722694667,6.759179497023016,474994.1762988431,1505502.6406795485,-90.05452017900826,0.6751468451263569,1.3431810616694733,8.690273895286083,Accretion / Land Gain,2.5974016315018726
1000,440.3918482095694,231.7633490338316,227.86402817480723,-52.15712479393445,-53.13195500869054,474965.1692505598,1505562.2764601882,89.945572869021,1.670712152983571,1.1707685605510634,8.048734176165185,Severe Erosion,-50.77487722675852
1001,33.59291209980239,62.743350827593424,59.0070069042597,7.2876096819477585,6.353523701114327,475113.60755387624,1505613.7461643456,179.9458251225612,1.117544755294768,1.220543027846316,1.0,Accretion / Land Gain,3.59240847970947
1002,295.94752157640613,295.9475220087147,292.2111792991929,1.0807714545535418e-07,-0.9340855693033064,475055.3857274903,1505697.1996253342,179.94569504208374,1.2953188927328825,1.1576582344390154,1.0,Moderate Erosion,2.2305735194742473
1003,500.00000000000153,500.00000000000153,496.1006785986356,0.0,-0.9748303503414916,475211.5551692144,1505681.259605445,89.94601286947066,1.6304382755594964,1.1306639075696836,7.733063096149439,Moderate Erosion,0.03978475391500702
1004,500.00000000010914,500.00000000010914,497.2326549959587,0.0,-0.6918362510376141,475226.61975298176,1505800.461706149,-90.05392784659549,0.572638559928848,1.1517453936510644,7.103230082627776,Moderate Erosion,-8.270556826023775
1005,500.0000000001066,499.9999858230423,497.2326407853679,-3.5442660646367585e-06,-0.6918398036846725,475175.78057363175,1505949.5300332473,-90.05402829844563,1.0321259580386202,1.1604316376673711,8.0821787180323,Moderate Erosion,7.045686202965635
1006,499.9999999999216,500.00001012177256,497.2326652005869,2.5304627371269817e-06,-0.6918336998336798,475124.7727566999,1505919.7741260603,-90.05418592647537,1.0693818298426474,1.2274527024787747,7.689753780592662,Moderate Erosion,8.28755466564393
1007,354.2495419965062,441.69981921510646,88.96835648030675,21.862569304650066,-66.32029637904986,475026.46331397473,1505937.4095835635,-0.05437685836279764,1.1077020743982016,1.3866431026943136,1.0,Severe Erosion,-69.3842398314718
1008,23.134656613010662,23.134656613010662,20.36731177293786,0.0,-0.6918362100182005,474933.4296716731,1505949.7597946883,-90.05456781693127,0.7418449474181962,1.1414491373291233,7.800401469436478,Moderate Erosion,-2.6303440096981214
1009,499.99999999997647,325.1001173353244,321.36377978847594,-43.72497066616302,-44.65905505287513,474880.8083359106,1506037.496736499,179.9453036600611,1.243261661039027,1.1655104853433826,1.0,Severe Erosion,-43.22972809925061
1010,380.78368805464544,380.7836804801956,257.6680527150029,-1.8936124632773497e-06,-30.77890883491064,474931.4008261127,1506068.9780929494,89.94539623117777,1.65016833685034,1.1938282167251637,8.961931383947311,Severe Erosion,-29.106624884975517
1011,121.05144039407456,121.05144697328949,117.31511070820348,1.6448037314376052e-06,-0.9340824214677674,475084.9320059265,1506115.3452392174,179.9457432369607,1.2991604245069175,1.2305961450451506,1.0,Moderate Erosion,2.358638941896385
1012,33.604288840284774,33.604288840284774,29.867954770794803,0.0,-0.9340835173724926,475026.76675061433,1506257.1007919798,179.94561258618876,1.5019103765349917,1.2201736423463325,1.0,Moderate Erosion,9.116939176459255
1013,500.0000000000249,500.0000000000249,496.263667500073,0.0,-0.9340831249879784,474939.42479660903,1506369.7348902896,179.94541631154286,1.173838981850836,1.3019333370262187,1.0,Moderate Erosion,-1.8188192624582253
1014,412.5513563560215,412.5513561153327,234.72371897885608,-6.017219789100636e-08,-44.45690934429136,474852.03414442384,1506430.644535177,-0.054775754264493805,1.0798730064726119,1.0051537971370739,1.0,Severe Erosion,-48.44839556698363
1015,440.39181457036887,470.19591759983774,49.03934541820215,7.451025757367219,-97.83811728804169,474783.8078495994,1506456.572475302,89.94509672991397,1.3931019321519695,1.0083353949808405,8.71315856710903,Severe Erosion,-104.73471342811432
1016,500.0000000000258,500.0000000000258,496.2636703797255,0.0,-0.934082405075074,474823.0075690127,1506559.1345227652,179.9451564940966,1.090743373850785,1.159712819429999,1.0,Moderate Erosion,-4.588732604784669
1017,23.134335249853752,529.8040860305982,527.0367415857239,126.66743769518612,125.97560158396756,474729.1384089938,1506665.2537006794,-90.05506948921935,0.795031138828437,1.2872567090172333,7.048397888508576,Accretion / Land Gain,125.80996671959858
1018,137.39946525091958,107.19467422370164,104.43493910249296,-7.551197756804484,-8.241131537106654,474648.3281901985,1506784.4066518007,-99.39795970783285,1.0745524887321005,1.0743131092416234,8.160643684637561,Severe Erosion,0.7316577804822852
1019,412.5521455116864,412.5521455116864,409.6218068122904,0.0,-0.7325846748489937,474619.07069712406,1506672.1649210344,-0.0552928078273124,1.1219722885847871,0.958867699994263,1.0,Moderate Erosion,-3.320641170029851
1020,321.17538180081084,499.9999999998872,318.40804413836486,44.706154549769096,-0.6918344156114955,474602.0172776449,1506605.7679227842,-90.05532133922165,0.8335683791991316,1.2451176738858032,7.365658014779722,Moderate Erosion,0.4271053425829969
1021,295.9552735149279,325.10451870592084,321.3681912976914,7.287311297748232,6.353229445690872,474502.5065526469,1506706.256349649,179.944452640775,1.197924359252045,1.2189980188667369,1.0,Accretion / Land Gain,6.271114965327111
1022,441.7016647979259,441.7016647979259,1.5337416938801764,0.0,-110.04198077601144,474502.5777741782,1506779.7181002602,-0.05554951367044919,1.3778711823133951,1.1123448163713605,1.0,Severe Erosion,-104.10001440877102
1023,82.74241460967782,82.74241460967782,79.97507058875483,0.0,-0.6918360052307477,474533.4826049275,1506844.2671308003,-90.05545694255241,1.1790400512495267,1.1207647898219304,7.970753331826755,Moderate Erosion,11.94282612413736
1024,499.9999999999041,350.9794364048374,348.2120920348943,-37.25514089876668,-37.946976991252455,474422.9816412641,1506933.7867531944,-90.05565070924057,0.7203698727420544,1.1220886022593635,7.683687858763806,Severe Erosion,-40.601320855854055
1025,295.95667441513086,295.9566745664707,292.22034993439564,3.78349653828991e-08,-0.9340811201838052,474298.64165994676,1506890.3937680826,179.94400160128217,1.1269750261334153,1.208482397115121,1.0,Moderate Erosion,-3.3812783327749156
1026,410.5876557621468,380.7835377422397,288.6038256506013,-7.451029504976788,-30.49595752788637,474142.1986194785,1506934.0613562437,-90.05638109960378,0.9566243252256458,1.1495630545272908,7.838644228306828,Severe Erosion,-25.27515314254101
1027,499.9999999999721,470.1958820947506,378.01616692218494,-7.451029476305379,-30.49595826944679,474148.2947706702,1507023.4677479244,-90.05635263157498,0.9022839169137093,1.2392484482355635,7.4059216655247715,Severe Erosion,-27.08650082131523
1028,500.0000000000174,237.66104390605688,233.92472306828952,-65.58473902349013,-66.51881923293197,474065.69615369657,1507140.8350004174,179.9434847478119,1.477400649687737,0.9714179029439509,1.0,Severe Erosion,-57.285282604251805
1029,500.00000000006463,500.00000000006463,258.79966182822994,0.0,-60.30008454295867,473957.01170128136,1507113.0689297377,-90.05676877972923,0.887589424136646,1.1312253568345398,8.504335881244693,Severe Erosion,-57.380443616328854
1030,499.9999999999916,499.9999999999916,109.77896521169782,0.0,-97.55525869707344,473816.6199214983,1507113.2083517448,-90.05705462061897,0.7461063847018612,1.1096892633337578,8.246661624190045,Severe Erosion,-99.35171915100874
1031,112.54627202118716,112.54627202118716,109.77892794200076,0.0,-0.6918360197966038,473706.1214797038,1507202.7310754096,-90.05724852071461,0.888598424274037,1.1793114389425474,8.035185425447851,Moderate Erosion,2.2614381336649427
1032,142.35038677152448,142.35038677152448,139.58304286731806,0.0,-0.6918359760516068,473653.9206519036,1507292.1957791175,-90.05737889468367,0.9663057376680936,1.156814955858222,7.823886133646529,Moderate Erosion,4.851681926862932
1033,500.0000000000253,500.0000009720937,146.48146570575628,2.4301709800056415e-07,-88.37963357356725,473599.5537952165,1507378.1888437208,179.94246060913036,1.3234740278401909,1.2637200944710825,1.0,Severe Erosion,-84.27722266758043
1034,500.0000000000208,500.0000000000208,175.6313359731063,0.0,-81.09216600672863,473512.22168601566,1507490.8313645732,179.94226442452037,1.2764941749529422,1.0511829562049548,1.0,Severe Erosion,-78.55579585119214
1035,350.9793163007697,261.5669076542898,257.66758459903565,-22.35310216161997,-23.327932925433515,473584.2510052426,1507560.5030350212,89.94242046840851,1.7600010014525216,1.2035883222412649,7.827413702459017,Severe Erosion,-17.994559477487748
1036,231.76281195440248,231.76281195440248,227.8634890623892,0.0,-0.9748307230033147,473665.03431176406,1507560.4219718848,89.94261108681118,1.7753941379161433,1.2446158975241226,7.151961100937783,Moderate Erosion,4.871647229225049
1037,500.00000000002495,500.00000000002495,496.2636858712148,0.0,-0.934078532202534,473658.0643585409,1507591.2282806349,179.94257709259577,1.4077247361086263,1.348488261138375,1.0,Moderate Erosion,5.976716422985102
1038,441.7034803676399,441.7034803676399,437.967166591956,0.0,-0.9340784439209812,473599.79040507437,1507613.7736925124,179.9424505672798,1.2977082539043396,1.1614202887624911,1.0,Moderate Erosion,2.309470994027232
1039,325.110593523678,325.110593523678,321.3742801216226,0.0,-0.9340783505138576,473483.22142877383,1507637.6897145337,179.9421947252059,1.1753358448320816,1.225923317906789,1.0,Moderate Erosion,-1.7696687520981293
1040,499.9999999999954,500.0000424939379,497.2326983427743,1.0623485621863438e-05,-0.6918254143052707,473501.65660188324,1507739.4111779402,-90.05780863652954,0.8220072565614227,1.0556751476529147,7.984025342722167,Moderate Erosion,0.04174301786134349
1041,470.8519022644303,470.8519022644303,88.99622978284883,0.0,-95.46391812039536,473395.905048914,1507764.5114031616,-0.0580003988574917,1.3805714258743969,1.0086310084686099,1.0,Severe Erosion,-89.43137328785357
1042,500.0000000000227,529.1480297755704,525.4117191743878,7.287007443886935,6.352929793591287,473308.5243470334,1507827.1688908695,179.94180727185454,1.0778659111648101,1.2675760586428773,1.0,Accretion / Land Gain,2.268251438655107
1043,201.95843489852848,201.95843489852848,20.3661218116091,0.0,-45.39807827172984,473170.045440473,1507888.768441436,-90.05848154391144,0.8553012046947749,1.1995533854822702,8.423263870252846,Severe Erosion,-43.55471172736533
1044,172.1541021456742,172.15405284864897,169.386707974668,-1.2324256303486436e-05,-0.6918485427515435,473089.201195977,1507829.242739257,-90.05870169756535,0.7409993880864587,1.2942753003872116,8.188199740240163,Moderate Erosion,-2.658542604388347
1045,500.0000000000277,500.0000000000277,496.26369040097046,0.0,-0.9340773997643056,472958.82160478854,1507898.9255396305,179.9410412530656,1.204723333070323,1.0901264262072605,1.0,Moderate Erosion,-0.7903532850902182
1047,295.964419545906,295.964419545906,292.2281102162037,0.0,-0.9340773324255878,472754.8037700722,1507916.2757150808,179.9405963867328,1.392182494772434,1.2415914452101586,1.0,Moderate Erosion,5.458181980610906
1048,500.0000000000058,500.0000000000058,497.0696430750313,0.0,-0.7325892312436366,472579.89568351896,1507896.7934798799,-0.05978493012821545,1.228247482729199,1.349503995802586,1.0,Moderate Erosion,0.22290610885588014
1049,500.0000000000916,470.1956157816671,467.428273315846,-7.451096054606126,-8.142931671061405,472417.0768548148,1507859.743774182,-90.06013271634745,0.8069657025192823,1.2335730210632259,8.671894546971409,Severe Erosion,-7.91074893028066
1050,500.0000000000254,500.0000001195259,497.06964400906185,2.987512459640129e-08,-0.7325889977408906,472288.3645637073,1507848.1874858034,-0.06041752672232038,0.9955997850242937,1.2221222946813808,1.0,Moderate Erosion,-7.531869702640487
1051,441.7037155134912,441.7037155650051,379.6711213234446,1.2878473398814094e-08,-15.508148547511652,472200.81211014325,1507745.7855265648,179.9393947596977,1.3123611392200791,1.20066954145007,1.0,Severe Erosion,-11.776880717375548
1052,500.00000000002575,412.5251641705496,409.5949498401389,-21.86870895736904,-22.601262539971728,472084.1836338843,1507712.0486851092,1.4466795775712986,1.3069212828016228,1.0743095716943118,1.0,Severe Erosion,-19.373841634266352
1053,350.9791362439965,350.9790754579348,348.2117329246663,-1.5196515420257128e-05,-0.6918508298325463,472091.0674299425,1507621.6544645445,-90.06085411546002,1.124488434109067,1.308409109179785,7.5383301338232185,Moderate Erosion,10.124422786694755
1054,266.8130205515576,529.1483697537813,293.0310437380679,65.58383730055591,6.554505796627581,471967.4130500911,1507545.3590347723,-0.06110590879213297,1.1534066651175818,1.1510764979737655,1.0,Accretion / Land Gain,5.015614621862577
1055,412.554977867266,383.4066380275207,0.7419588291424608,-7.287084959936322,-102.95325475953088,471879.9968470001,1507572.4277444242,179.93870347279238,1.2333004795558855,1.2403106307831868,1.0,Severe Erosion,-101.85750312121118
1056,499.9999999999838,708.6292501839171,20.365530483532197,52.15731254598332,-119.9086173791129,471789.0459319309,1507562.3685288727,-90.06151891202482,0.837407783126179,1.0749067294928,8.525508259237409,Severe Erosion,-118.66169896055912
1057,499.9999999999322,708.6291688123799,20.365728029788865,52.157292203111936,-119.90856799253584,471648.59020189795,1507502.9112286007,-90.06177068201471,1.0366182244251894,1.1055766548140409,7.993806694495943,Severe Erosion,-112.02130159371846
1058,295.9599233166253,33.62263847560176,30.69229015771348,-65.58432121025588,-66.31690828972795,471588.28700587025,1507363.128499762,-0.061924107896352144,1.1852733583984592,1.3146939954266856,1.0,Severe Erosion,-66.79338595166271
1059,383.4058297939346,33.623376282030144,29.887058728892548,-87.4456133779761,-88.3796927662605,471500.8788236824,1507397.8227780194,179.9378846967207,1.2422868754038456,1.1721154819412534,1.0,Severe Erosion,-86.98458513740881
1060,295.9599139144466,325.10849584534805,204.77785287105124,7.287145482725364,-22.79551526084884,471384.2457306151,1507362.138466922,179.937631179159,1.2916198928811964,1.3161486692275104,1.0,Severe Erosion,-19.756032712266144
1061,499.9999999999925,559.60836616808,556.8410230119774,14.902091542021878,14.210255752996233,471295.55701272,1507413.881770087,-90.0626247629891,0.827991607406862,1.1936468184149434,7.548558952093021,Accretion / Land Gain,15.143301368778022
1062,500.0,499.9999997691482,497.06965061555167,-5.77129526391218e-08,-0.7325873461120835,471151.1182888167,1507418.0914173129,-0.06287889420340455,1.1325959804119918,1.0525548922079373,1.0,Moderate Erosion,-2.964755418864725
1063,500.0000000000222,616.5943635424417,613.6640152208652,29.14859088560486,28.41600380521073,471005.3158805961,1507363.994635355,-0.06319471727248485,1.228672316669688,1.271252736713133,1.0,Accretion / Land Gain,29.38645376970227
1064,172.154036648932,172.15399615849418,19.233720050406603,-1.012260945287835e-05,-38.23007914963135,470961.33681866055,1507295.0320517248,89.93671305510722,1.7610445184659744,1.152668580107302,8.145196833662606,Severe Erosion,-32.861920400332494
1065,112.54564149879414,112.54565300529148,108.64632952546904,2.8766243360678345e-06,-0.974827993331278,471071.8913556288,1507265.1059416279,89.93703189973698,1.4460224635278691,1.255742272126543,7.311564160406379,Moderate Erosion,-6.107404490386579
1066,500.0000000000008,500.0000000000008,147.28519993110535,0.0,-88.17870001722386,471209.24434535956,1507261.9198462712,-0.06274574545521751,1.2195074032696642,1.2018626409041082,1.0,Severe Erosion,-87.51385164648948
1067,321.17483778252995,321.1748947185041,318.40755248172354,1.4233993539392031e-05,-0.6918213252016017,471124.0529945829,1507205.4401877674,-90.06280683032824,0.6949821180838414,1.076370522152252,7.5099952380416335,Moderate Erosion,-4.192425399897468
1068,410.5874406722799,649.0208722019752,78.8422112918136,59.60835788242382,-82.93630734511657,471200.0716926633,1507086.140045986,89.93722980191927,1.7792567542942672,1.2129025355848326,8.470608500625923,Severe Erosion,-76.96107420049236
1069,52.93726279045965,23.13308401800629,20.365741383691294,-7.45104469311334,-8.142880351692089,471165.6445137982,1506996.7651664396,-90.06279830592686,0.5715222045419198,1.3754052647580033,7.766506341385238,Severe Erosion,-15.758814875610963
1070,112.54563047046886,23.133085732559763,20.36574297929803,-22.353136184477275,-23.044971872792708,471084.7302794693,1506877.637228125,-90.063015724853,0.7161619648352698,1.239069878270184,7.5656960771672175,Severe Erosion,-25.83958110915065
1071,112.54568022762344,500.0000331373904,109.77832231569234,96.86358822744174,-0.691839477982775,470974.24133815634,1506967.1716376087,-90.06327344458877,0.8565820251685753,1.1950878280806083,8.011913587870625,Moderate Erosion,1.1942198973398293
1072,499.9999999999486,500.000014013568,318.4075565345668,3.5034048408988383e-06,-45.39811086634546,470833.8498217812,1506967.3268992943,-90.06355925883214,1.0348288505025602,1.285716817206724,7.743933294917971,Severe Erosion,-37.57049072017376
1073,500.000000000055,500.000000000055,348.2118156148951,0.0,-37.94704609628998,470693.4582130053,1506967.483094031,-90.06394034893916,0.7901377099166618,1.2165429195616613,8.593492582529283,Severe Erosion,-38.27579740165492
1074,500.00000000001006,4.46722500997158,0.7309012492641758,-123.88319374750962,-124.81727468768648,470538.5443779289,1507012.691757426,179.9358037322504,1.1171682453981377,1.2164797015592974,1.0,Severe Erosion,-127.59327232115247
1075,470.195805452323,410.5874277874613,287.4713367839638,-14.90209441621542,-45.6811171670898,470459.78212409164,1507116.7655131384,89.93564058134001,1.8821733080628338,1.1124454544671112,7.440303649245053,Severe Erosion,-36.27533181988685
1076,441.7023133844607,383.4046286329981,204.77526953709008,-14.574421187865653,-59.23176096184265,470392.95303544117,1507149.204741701,179.9354792713797,0.9832483545024471,1.218500163475626,1.0,Severe Erosion,-66.47183046392388
1077,62.76679251570157,62.76679279375964,59.83644855415064,6.951451858583368e-08,-0.732585990387733,470334.6242366859,1507121.6651991094,-0.06464589658544563,0.8697277931054153,1.2826135292205507,1.0,Moderate Erosion,-11.726615773488142
1078,499.9999999999396,499.9999999999396,407.82000848050586,0.0,-23.04499787985843,470287.05446088716,1507087.155925305,-90.06473929481282,0.8660024228490342,1.1328745393613833,7.775222847636139,Severe Erosion,-20.844925629591767
1079,440.39160870207047,500.0000000000271,318.40733986218646,14.90209782448916,-30.496067209971,470234.6638785924,1506997.802544022,-90.0649260712577,0.724692123163614,1.3136677059293205,7.428433021065196,Severe Erosion,-33.00633833173406
1080,383.4036373645156,383.40363711323295,380.4732957448063,-6.282066067342384e-08,-0.7325854049273204,470217.8129173745,1506931.1932396137,-0.06489116656741183,1.046362051722418,1.192329945850842,1.0,Moderate Erosion,-5.838749490580886
1081,33.61527871554127,33.61527871554127,29.8789541384309,0.0,-0.9340811442775934,470101.2596493969,1506969.160529919,179.9348528879369,1.3067082796383696,1.128668925353677,1.0,Moderate Erosion,2.6077010922191732
1082,499.9999999999398,499.99994790358375,497.2326046080715,-1.302408901437957e-05,-0.6918488479670799,470019.6001420288,1507087.4595235328,-90.0653109633382,0.8365703669361086,1.279570244070927,7.988707651016531,Moderate Erosion,0.5271547208889142
1083,500.0000000000937,529.8041808045665,527.0368392504826,7.451045201118205,6.75920981259722,469909.0469510489,1507117.3900396742,-90.06556630852603,0.7153884672959138,1.1768322600451069,8.545725259539884,Accretion / Land Gain,3.938816658913578
1084,500.0000000000675,470.1957797982639,467.42843756557664,-7.45105505045089,-8.142890608622707,469798.49374114524,1507147.321025153,-90.06582166705539,0.6079546041498347,1.260552551734401,8.265009134350066,Severe Erosion,-14.544412601977179
1085,499.99999999993,500.0000191914742,497.2326766901063,4.797886049345834e-06,-0.691830827455945,469687.94083638606,1507177.2525311315,-90.06610880199511,0.9308688655003842,1.1764656727946536,7.670852314225376,Moderate Erosion,3.6704558139447787
1086,499.99999999998266,587.4462014984224,583.7098811489809,21.861550374609934,20.92747028724956,469576.92006174475,1507266.2571415093,179.9336967776076,1.2979930604046601,1.1950615782414193,1.0,Accretion / Land Gain,24.178476177042864
1087,412.55377684732935,500.00000050865344,496.2636800542712,21.861555915331024,20.92747580173545,469489.4661867783,1507259.6954432507,179.93350490852703,1.18558784364193,1.2393296097763675,1.0,Accretion / Land Gain,20.431596482838536
1088,470.1957803124983,410.5873537133773,406.688028895301,-14.90210664978025,-15.876937854299328,469563.127536293,1507326.4178730962,89.93369421628495,1.876995281559705,1.2231445518762198,8.158541425638044,Severe Erosion,-6.643752874060999
1089,500.0000000000403,708.6295684687051,705.862226101338,52.1573921171662,51.46555652532443,469538.6652244945,1507415.8589520697,-90.06640494158643,0.6394875537002329,1.0402634077841744,8.067893734205148,Accretion / Land Gain,46.11513269369367
1090,499.99999999999983,529.1485337263424,525.412216146623,7.287133431585644,6.353054036655792,469373.0933569866,1507450.4394131405,179.9332436802951,0.971637271285992,1.1102179330653594,1.0,Accretion / Land Gain,-1.2745718179679022
1091,499.999999999993,499.999999999993,497.0878097663244,0.0,-0.7280475584171597,469227.346313184,1507446.7928881776,-16.95354101038874,0.9795753186447614,1.2742690555068343,2.575948444263342,Moderate Erosion,-4.1875879078233815
1092,500.0000000000988,499.9999872318903,497.2326451195039,-3.19205211951612e-06,-0.6918387201487235,469087.6510573599,1507386.5811638553,-90.06735663304612,0.7931623739513735,1.1893247177080521,7.6977949186524555,Moderate Erosion,-0.9197688019262125
1093,499.9999999999456,499.9999999999456,497.232658008696,0.0,-0.6918354978123915,469036.6371009294,1507356.8369500958,-90.06748239131659,0.8365011948361887,1.1579861226383816,7.95919978940683,Moderate Erosion,0.5248617488010676
1094,62.769558825222326,91.9182595444115,88.98791275685431,7.287175179797293,6.554588482907997,468935.7078220198,1507317.4471831836,-0.0677027751340824,1.1633419368960114,1.0911832641445076,1.0,Accretion / Land Gain,5.348408193626348
1095,499.9999999999725,529.8041934713839,527.0368520146736,7.451048367852849,6.759213003675285,468845.23178208014,1507327.2588329413,-90.0679575433697,0.8528085908356327,1.1134942166512676,7.735660678506177,Accretion / Land Gain,8.519489986246768
1096,499.9999999999066,499.9999528032391,288.60296773938006,-1.1799166870218867e-05,-52.84925806513164,468704.76958811824,1507267.817150663,-90.06811371735601,0.6122693690245935,1.0381044583936974,7.370798644107651,Severe Erosion,-59.106955186083866
1097,62.770601089848284,62.77060156528896,59.034282782656746,1.1886016970663606e-07,-0.9340795767978848,468615.1444426433,1507378.1675139714,179.93159576260933,1.4170422421634556,1.1917901267684574,1.0,Moderate Erosion,6.284743443568413
1098,150.21547140450966,150.21547140450966,1.5415429200048028,0.0,-37.16848212112621,468498.471556838,1507312.848641203,-0.06865436990256643,1.1871980254355372,1.1519923130264595,1.0,Severe Erosion,-37.57923801308905
1099,33.618071631572995,33.618071631572995,30.68772725430751,0.0,-0.7325860943163711,468440.0040805483,1507171.2162729774,-0.06877608609554493,1.3671142271939245,1.1224763515668545,1.0,Moderate Erosion,4.853893063624267
1100,500.0000000000269,499.999999990248,497.06965717817735,-2.444721758365631e-09,-0.7325857054623839,468469.0179474584,1507058.628251929,-0.06870589984820907,1.2509291444044506,1.1942937460634813,1.0,Moderate Erosion,0.9810410264261367
1101,291.3703723702233,321.1746098897739,317.275285150514,7.451059379887639,6.476228195072665,468550.5711875406,1506999.7628252197,89.93142180276958,1.668512696351837,1.228826873379349,7.796356747450763,Accretion / Land Gain,8.759994290841584
1102,499.9999999999752,499.9999999999752,438.7713113452903,0.0,-15.30717216367124,468468.8194995898,1506893.1313592086,-0.06869923640692106,1.2849854810021881,1.3670972408169646,1.0,Severe Erosion,-12.45833576251022
1103,499.9999999999966,529.1492722124865,233.92025207243373,7.287318053122476,-66.51993698189071,468556.15784548287,1506801.7781565045,179.93149395002933,1.2676345463404535,1.0786269888448026,1.0,Severe Erosion,-64.28139418180413
1104,52.93644506994989,52.93644506994989,50.16910329563594,0.0,-0.691835443578487,468639.74789661256,1506910.2435544212,-90.06835192037222,0.8964086986137021,1.2924032509839167,8.122260534785626,Moderate Erosion,2.5217783557592326
1105,350.9788413294504,350.9788424500651,347.07951824344366,2.8015367092848464e-07,-0.9748307715016864,468641.81978287944,1506999.653843938,89.93161234117113,1.7993725945885695,1.2775572821044623,7.707492473848914,Moderate Erosion,5.67093187916047
1106,208.50945172101092,150.2113500039853,146.4750253090203,-14.574525429256411,-15.50860660299766,468731.2784231208,1506990.8613763321,179.9318664023772,1.229953837587014,1.1373764140318108,1.0,Severe Erosion,-14.526000754490308
1107,499.9999999998972,499.9999918547771,227.86260950884324,-2.0362800370321565e-06,-68.0343476227635,468833.29632097494,1507088.8389640828,89.93202123233613,1.706350282104015,1.216019309565914,7.7449993953847605,Severe Erosion,-64.48932883482094
1108,52.93664108881898,52.93664108881898,49.03731641456663,0.0,-0.9748311685630888,468973.6171413733,1507029.0645418046,89.93227793823917,1.5865393664449357,1.1631159554134913,7.84983143316681,Moderate Erosion,-1.4235096399992224
1109,142.34941675883002,142.34941675883002,138.45009224211802,0.0,-0.974831129178,469024.42040303303,1506879.983378656,89.93257031589573,1.8160173053128528,1.2144876391969448,7.980462525535159,Moderate Erosion,6.225754948069364
1110,499.99999999999886,500.0000002982552,59.83109295648632,7.456408468442532e-08,-110.04222676087814,469168.3186240257,1506823.7783507411,-0.06717239790445136,1.0980722029945795,1.320323970683376,1.0,Severe Erosion,-113.42418827117449
1111,321.17467601493087,321.17467601493087,318.40733381822577,0.0,-0.6918355491762753,469120.7332996778,1506671.240454104,-90.06729353379401,1.0701413408236948,1.2479260393477611,6.524648365687169,Moderate Erosion,8.312866615377803
1112,499.9999999999848,499.9999997921252,497.0696629184967,-5.196490349135274e-08,-0.732584270372044,469051.5285595262,1506659.7297247606,-0.0674211930526715,1.1935056187902169,1.2401568719733982,1.0,Moderate Erosion,-0.9333740235937611
1113,201.9578221443647,201.9578221443647,199.19047973739137,0.0,-0.6918356017433354,469133.9236542181,1506552.0080315769,-90.06735181722583,0.585384011047468,1.1649520574516323,7.843366481754079,Moderate Erosion,-7.845711112333576
1114,266.803977055859,266.803977055859,263.067646098221,0.0,-0.9340827394094902,468963.9888022615,1506582.237670623,179.93239157692477,1.2196876579609834,1.0806786492603864,1.0,Moderate Erosion,-0.2935606648555438
1115,23.132345305925494,23.132345305925494,20.36500333049527,0.0,-0.6918354938575559,468912.748945101,1506552.268498597,-90.06770103757009,0.6978425306172891,1.182699575930485,7.567993371876721,Moderate Erosion,-4.09709378123196
1116,500.0000000000223,616.5981016387735,30.677151658209034,29.14952540968781,-117.33071208545331,468818.22208158823,1506566.1405455093,-0.06792262200197338,1.3256223431031664,1.2959178588651556,1.0,Severe Erosion,-113.1274943405097
1117,500.0000000000924,499.99989302411575,496.1005683888845,-2.6743994169464717e-05,-0.974857902801986,468944.7664292466,1506492.6223169116,89.93226984072412,1.5021061236258386,1.077149893654674,8.59800653431828,Moderate Erosion,-4.23797779931394
1118,499.9999999999875,908.0944393188456,905.1641049358476,102.02360982971452,101.291026233965,469080.47587206005,1506487.785686911,-0.06734854220121571,1.1326023036029254,1.1149117202018175,1.0,Accretion / Land Gain,99.0601090678911
1119,179.3547596421708,179.3547600077152,117.31930208039697,9.138610579384476e-08,-15.50886439044346,469138.81239779916,1506519.554299952,179.932778443376,0.9170381852470693,1.2094492675867876,1.0,Severe Erosion,-24.956568045171114
1120,412.5517665262931,412.5517665262931,408.8154368435188,0.0,-0.9340824206935708,469197.2774461243,1506661.1867969541,179.93289827192362,1.1326225104410346,1.1206970060136479,1.0,Moderate Erosion,-3.195614016938954
1121,150.2065879947104,121.057132448073,118.12679609480742,-7.287363886659346,-8.019947974975743,469284.68706342933,1506628.0689007991,-0.06691122636624039,0.8359509726291798,1.136040213785903,1.0,Severe Erosion,-20.139344608120524
1122,499.999999999924,499.999999999924,496.10067615211545,0.0,-0.9748309619521364,469438.2691752696,1506641.0654082801,89.93337453120017,1.3624143060406844,1.165564997645514,7.678750257689533,Moderate Erosion,-8.894345079380752
1123,33.60692380470371,33.60692380470371,30.6765890629517,0.0,-0.7325836854380032,469459.45914888947,1506520.6693292756,-0.06652441328139275,1.3135977705081054,1.0900994620443045,1.0,Moderate Erosion,3.0694895952834838
1124,500.0000000000031,500.00000093592473,497.0696682187332,2.339804012763125e-07,-0.732582945317489,469517.5940277116,1506378.9010540198,-0.06639355904185959,1.317406509418399,1.1212850259856133,1.0980351467471106,Moderate Erosion,3.196417847936672
1125,500.0000000000549,500.0000000000549,496.1006759976776,0.0,-0.9748310005943353,469563.743450989,1506402.4860471701,89.93370232714003,1.6638183664858246,1.2555121815878993,8.337776993190268,Moderate Erosion,1.1524568083304887
1126,383.4010594751983,412.5507958008904,409.6204633327803,7.287434081423029,6.554850964395499,469605.0248449776,1506362.9820256915,-0.06620180335357369,1.0544914028577443,1.0946093531972658,1.0,Accretion / Land Gain,1.7199702487494335
1127,4.454894255483601,4.454894255483601,0.7185604575447018,0.0,-0.9340834494847248,469692.4885425812,1506375.5191629955,179.9339886683376,1.1933041425092048,1.0713816514737617,1.0,Moderate Erosion,-1.1726402301946242
1128,121.05410191853514,121.05410191853514,117.31776849511604,0.0,-0.9340833558547744,469809.11463725445,1506399.1779026939,179.9342419924841,1.1999186965319133,1.1488327202042483,1.0,Moderate Erosion,-0.9520960513076164
1129,23.133179406621853,23.133149332799327,19.23382552282036,-7.518455631405629e-06,-0.974838470950373,469946.48438268027,1506402.046014231,89.93459118613417,1.4262450359714178,1.2577939592431804,8.157977975135305,Moderate Erosion,-6.766661916913087
1130,52.93734468821088,52.93732000721538,49.03799618660409,-6.170248875392304e-06,-0.974837125401697,470086.80796591984,1506342.2776532336,89.93478419246446,1.8255094861513363,1.1834243560732653,8.429166663528214,Moderate Erosion,6.542154383434056
1131,121.05443944343662,121.05443944343662,118.12410594467195,0.0,-0.7325833746911634,470188.08684197505,1506422.1758647312,-0.06493263131177289,1.3311510284000365,1.1620905437069344,1.0,Moderate Erosion,3.6542280781871934
1132,500.0000000000165,499.9999987530911,322.17059857484804,-3.117313411848955e-07,-44.45735035629211,470217.0430533927,1506251.2926657943,-0.06486473625301924,1.1664025327358603,1.2026320803147414,1.0,Severe Erosion,-45.56217122544043
1133,231.76233718414824,231.76233718414824,79.97390029969854,0.0,-37.94710922111243,470134.70178902615,1506133.5938080314,-90.0649847682336,0.8040331331302495,1.0592965988291827,8.281729338320234,Severe Erosion,-37.81268002613977
1134,172.1539444830651,172.1539444830651,169.38660128765085,0.0,-0.6918357988535604,469994.24250310124,1506074.145224431,-90.06526788776173,0.8312576807198817,1.2384606140319736,8.740810827370488,Moderate Erosion,0.35007824088420203
1135,112.54559744789732,112.54559744789732,109.77825500330545,0.0,-0.6918356111479689,470029.92381188937,1505954.8877470056,-90.06526283181765,0.4937400292238986,1.22941385275048,7.832881605243708,Moderate Erosion,-10.900509953269422
1136,500.000000000028,947.0627952125232,199.1908878413773,111.76569880312378,-75.20227803966267,469859.6941376231,1505925.2781231243,-90.06551545559995,0.7629236541222244,1.165956972846278,7.560950377083431,Severe Erosion,-76.43816495226565
1137,91.89616457687865,33.59562665216975,29.85928509544582,-14.575134481177225,-15.509219870358208,469837.6533519752,1505866.2045111635,179.9343284237824,1.0981608367919329,1.2790993681873155,1.0,Severe Erosion,-18.9191411103472
1138,499.9999999999728,499.9999939028327,496.1006699277697,-1.524285011100801e-06,-0.9748325180507748,469948.7839647592,1505895.3719176713,89.9345492844971,1.4497567375320044,1.108463635458372,8.574223177590284,Moderate Erosion,-5.982932567525353
1139,208.4968212186026,179.3465068186597,175.6101646418733,-7.287578599985728,-8.221664144182327,470041.65678627725,1505823.4860814332,179.9347733368589,1.1582903239815077,1.288801640597195,1.0,Severe Erosion,-9.627165608612101
1140,499.9999999999277,470.19579314061696,466.2964693090717,-7.451051714827685,-8.425882672713996,470169.9585598217,1505895.1202767973,89.93493012115121,1.8696527210719944,1.2110224917636163,7.1726445547189135,Severe Erosion,0.562549961533616
1141,82.74163998624091,82.74163998624091,78.84231672591258,0.0,-0.9748308150820826,470280.5122365137,1505865.1909885274,89.93531219844309,1.6961261742550489,1.1716998730189672,8.035753012872595,Moderate Erosion,2.2293834912529666
1142,499.999999999876,500.0000280426973,356.0207171619639,7.01070531761161e-06,-35.994820709478034,470390.9988945478,1505775.6538455023,34.52125220469421,1.3410079049801562,1.1969144365195168,4.356659351841854,Severe Erosion,-38.85071565839202
1143,499.9999999999847,674.9027372551311,380.4678403450574,43.7256843137866,-29.88303991373182,470391.3136311328,1505692.6632012706,-0.06445816298066821,1.2854374144288276,1.1898077012293429,1.0,Severe Erosion,-27.020126006951028
1144,410.587463210262,410.587463210262,19.234081533618323,0.0,-97.83834541916092,470378.76894228463,1505596.8425621586,89.93554558562161,1.8099030623891394,1.2958729024057438,8.378119646519131,Severe Erosion,-90.8415682362309
1145,261.56668593054127,231.76252360563467,20.36600195572431,-7.45104058122665,-60.30017099370424,470409.5570145042,1505507.3953360165,-90.06445065243587,0.9386953055061322,1.111981405850705,7.778967200168121,Severe Erosion,-55.6770025791404
1146,82.74164268806051,52.9374645099782,20.365980628937145,-7.4510445445205775,-15.59391551478084,470269.09824530745,1505447.9452518572,-90.06470196887238,0.8089448105347077,1.1370220344383346,7.250792566694118,Severe Erosion,-15.295763665179969
1147,499.9999999999366,500.0000638097767,497.23272049278336,1.5952460017842895e-05,-0.6918198767883155,470158.4097051306,1505358.6580655868,-90.06501542406333,0.7029597408680297,1.2807852704672835,8.817787472402658,Moderate Erosion,-3.926503765316185
1148,295.9434932758059,295.94349335031194,293.0131774156748,1.862650833572843e-08,-0.7325789650327721,470041.03372196265,1505276.0731265096,-0.06520387137203083,1.3042782882440993,1.150102010913624,1.0,Moderate Erosion,2.7585376030351774
1149,383.39590649940857,383.3959061187885,176.4084029938791,-9.5155016310855e-08,-51.74687587638237,469924.3348123477,1505192.809909141,-0.0654532067893458,1.258565858326865,1.2696458232553205,1.0,Severe Erosion,-49.77944894927362
1150,383.39540009330216,383.39540020971737,380.4650872854055,2.9103802035024277e-08,-0.7325782019741638,469836.7528620683,1505080.36320667,-0.06563842910104165,1.3338207404229339,1.333359975911195,1.0,Moderate Erosion,3.7433878981644977
1151,440.3916536662652,52.937443117772176,50.1700996449737,-96.86355263712326,-97.55538850532288,469745.48963313043,1505031.2831881081,-90.06585789909843,0.8952760344934313,1.165172586436307,7.846199066760673,Severe Erosion,-94.37952949691304
1152,380.7833420376346,201.9583725191028,198.05904964234887,-44.70624237963296,-45.68107309882142,469805.38410654326,1505120.6269893951,89.93426513776926,1.7574326440431616,1.2519859089539729,7.9746387940913035,Severe Erosion,-40.43330952222475
1153,354.2452559807329,266.792416707466,58.9994643763236,-21.863209818316733,-73.81144790110233,469807.80776360014,1505260.0585637575,179.93429111451655,1.1201734527251586,1.105422516286811,1.0,Severe Erosion,-76.48762395890516
1154,179.3409785089014,179.3409785089014,0.6997388942242271,0.0,-44.660309903669294,469895.38926192187,1505372.5055886016,179.93447571984325,1.3980665555169307,1.2582821323342095,1.0,Severe Erosion,-38.07333957549766
1155,441.6985660108847,441.6985660108847,234.71320830533355,0.0,-51.74633942638778,469808.0501494257,1505471.3948374584,-0.06571717643143056,1.229181148362918,1.2140141069346249,1.0,Severe Erosion,-50.75834140292578
1156,500.0000000000167,587.4521302923242,496.2636523447813,21.86303257307688,-0.934086913808855,469778.9075916372,1505478.5180551268,179.93421617581944,1.5117483885234897,1.2359143053876442,1.0,Moderate Erosion,9.442217449317472
1157,500.0000000000156,500.0000000866286,496.26365505817074,2.1653249859809875e-08,-0.9340862354612084,469749.9532558002,1505649.400817954,179.9341488844045,1.0970815546986545,1.1466812402147044,1.0,Moderate Erosion,-4.380025325909048
1158,412.5485127667293,412.5485127667293,408.81216808491166,0.0,-0.9340861704544068,469633.37869391474,1505673.3246968747,179.93389184834075,1.4608560923359308,1.0654746937624222,1.0,Moderate Erosion,7.74573284537184
1159,4.443196132962438,62.744012617034336,59.81368936855135,14.575204121017975,13.842623308897227,469546.03584157693,1505767.2616547726,-0.06630111130224099,1.229223748546716,1.2387530129348987,1.0,Accretion / Land Gain,14.832177226210467
1160,150.19369754508313,150.19370149709502,147.26338002080496,9.88002973656421e-07,-0.7325793810695416,469458.45410463505,1505654.8144888047,-0.0664869839529247,1.1018231328501251,1.0332625603524708,1.0,Moderate Erosion,-3.9896693991417833
1161,121.04194463006516,208.49379301645067,204.75744665055356,21.862962096596377,20.928875505122093,469400.0468857145,1505563.5240443072,179.9333899758425,1.127882150481653,1.1728126982024432,1.0,Accretion / Land Gain,18.509446334850484
1162,410.58743789529615,410.58743789529615,49.0379238088203,0.0,-90.38737852161896,469359.7380617807,1505687.4216862388,89.93328896701465,1.5519476326393296,1.2736759969413138,7.730832444565789,Severe Erosion,-91.98911506259056
1163,500.0000000000184,500.0000000000184,496.2636569676978,0.0,-0.9340857580801584,469400.30859662336,1505788.6209005055,179.93337833649858,1.2640899988079835,1.2138737976891634,1.0,Moderate Erosion,1.1867439739294237
1164,499.9999999999824,499.9999999999824,497.23265623681823,0.0,-0.6918359407910373,469307.8165666081,1505896.1117757107,-90.06697398210713,0.878425596478451,1.3545316898578494,8.357269873420378,Moderate Erosion,1.922341499386461
1165,500.00000000007975,500.00000000007975,497.2326571192396,0.0,-0.6918357202100367,469137.5859266118,1505866.506545313,-90.06722655253726,0.7139452747473455,1.2806345347886692,8.256752142380806,Moderate Erosion,-3.5603357399029316
1166,499.99999999997647,558.3008483371334,555.3705253127605,14.575212084289234,13.842631328196006,469050.46262814826,1505753.5994362668,-0.06738064544652655,1.1958764056232176,1.1461621946849019,1.0,Accretion / Land Gain,13.720858366891092
1167,52.93715460240635,52.93716064576272,49.0378380425814,1.5108390911677816e-06,-0.9748291399562384,469097.8068265388,1505717.5321641157,89.93262131556618,1.9213402772060715,1.2006089959443933,7.806387618837006,Moderate Erosion,9.73652265310308
1168,499.9999999999797,529.1506371142704,30.659391223833985,7.287659278572661,-117.33515219403644,469079.38282659,1505557.618569683,-0.06730934195759636,1.4586615677693877,1.194402230111031,1.0,Severe Erosion,-108.69743634353289
1169,499.9999999999932,500.00000130116825,59.80867409108387,3.252937688102975e-07,-110.04783147722732,469137.5862768902,1505474.1529346234,-0.06717721038967976,1.264979565157113,1.071490331104204,1.0,Severe Erosion,-107.86621312885715
1170,440.39164270677617,440.3916275462313,437.6242846575127,-3.790136219095075e-06,-0.691839512315866,469168.3733970578,1505359.7988762816,-90.06710919860092,0.8057007961029142,1.1226509780912193,8.299892702621653,Moderate Erosion,-0.5018221214748646
1171,4.4332774981966265,208.49018537500623,205.55987016600267,51.0142269692024,50.28164816695151,469137.32237909496,1505249.0581492635,-0.06716873267835129,1.2175357728992968,1.1528384518225714,1.0,Accretion / Land Gain,50.88180480054282
1172,499.9999999998994,499.9999265827588,497.2325844346802,-1.8354285145960603e-05,-0.6918538913047882,468975.59147374204,1505270.6127581568,-90.0673907840156,0.8920279725946156,1.0348380090852052,8.133725288120338,Moderate Erosion,2.375735972347295
1173,4.431191843829091,325.09338328463895,322.1630697163028,80.16554786020247,79.43296946811843,468962.290260266,1505142.0800074965,-0.0675448068891809,1.0461095636203268,1.2013142602324105,1.0,Accretion / Land Gain,74.3190066421264
1174,179.3364594502922,121.03398887801691,30.649966442582183,-14.575617643068824,-37.17162325192751,468874.70396991604,1505029.6368925022,-0.06772854510897994,1.1609206850527207,1.1773874329274712,1.0,Severe Erosion,-38.45850593904423
1175,383.3954803998569,529.1511343189837,29.84562281945576,36.4389134797817,-88.3874643951003,468816.50508287945,1505117.117421788,179.93214129100443,0.9501861319668583,1.0636391899917417,1.0,Severe Erosion,-96.73038476448824
1176,179.3376968517232,150.18657482350878,88.95401404039369,-7.287780507053604,-22.595920702832377,468787.37292998575,1505133.1463340914,-0.06792280543003724,1.2594092778650812,1.2298360805912936,1.0,Severe Erosion,-20.59980508980598
1177,295.94085116151666,295.94085140505763,88.95135911739483,6.088524173719635e-08,-51.74737301103046,468758.0191170138,1504962.3322211474,-0.06798162247150073,1.2966047898095774,1.2544585873665954,1.0,Severe Erosion,-48.51139331251676
1178,142.3497022919386,500.0000000000744,348.2117189303433,89.41257442703395,51.46550415960119,468636.91323129233,1504943.1676903572,-90.06823271214216,0.7275223142967077,1.2153155883634175,7.719478498851102,Accretion / Land Gain,49.04957184810432
1179,295.94114603960963,295.94114603960963,117.2972292028755,0.0,-44.66097920918354,468554.00562151236,1505000.6819454457,179.93157501189287,1.4365757109131985,1.1713345464464708,1.0,Severe Erosion,-36.79104539273337
1180,237.63947705430328,383.395316382116,233.9031236887864,36.43895983195318,-0.9340883413792298,468670.7098290747,1505083.93799704,179.93182477087734,1.0166111033239351,1.2447268869549484,1.0,Moderate Erosion,-7.062916656390936
1181,179.33851035767694,383.395812530108,29.846961836061983,51.014325543107766,-37.37288713040374,468641.69272512145,1505196.5192257904,179.93175404435175,0.9808202145067595,1.2520272067122318,1.0,Severe Erosion,-44.69476153145284
1182,380.7832135594904,857.6503207155655,705.8620223780174,119.21677678901878,81.26970220463176,468575.878906179,1505271.0868199847,-90.06837417186371,0.8336680576029174,1.2223287305708581,7.913948783553371,Accretion / Land Gain,82.39196129743162
1183,499.9999999999452,798.0419869399021,318.4074592030687,74.51049673498923,-45.398135199219126,468553.5398266852,1505390.3303767433,-90.06844292737168,0.9570650307838474,1.1319631850322533,8.616904943224032,Severe Erosion,-40.162643686158354
1184,500.0000000000232,917.2588073054188,497.2326578371884,104.31470182634892,-0.6918355407087091,468472.89924212295,1505509.6437218846,-90.06857514231942,1.0525894402143843,1.2202472398301347,8.397734878012088,Moderate Erosion,7.727802916580634
1185,354.2455507043826,354.2455507043826,351.31523418551325,0.0,-0.7325791297173367,468496.1144656566,1505344.504506165,-0.06856383314556445,1.13068869482943,1.29349644328218,1.0,Moderate Erosion,-3.027000444062037
1186,470.8488888795937,441.69777943246754,380.46524222963416,-7.287777361781536,-22.595911662489883,468495.87513278215,1505144.5046493656,-0.06856383314556445,1.3613234592744652,1.149788719141199,1.0,Severe Erosion,-17.202507495333403
1187,295.9429935380233,4.43304227514652,0.6966907202729287,-72.87748781571919,-73.81157570443759,468437.68925327744,1505241.5856279503,179.9313092779903,1.194703281165873,1.3655218112738379,1.0,Severe Erosion,-74.00411805194112
1188,499.9999999999242,499.9999999999242,228.9948057317476,0.0,-67.75129856704416,468386.7511649791,1505390.5301483008,-90.06882361730955,0.7741061935845178,1.155882010849599,7.906435108305748,Severe Erosion,-68.61443506674826
1189,500.000000000003,499.99999189283415,497.2326491002276,-2.0267922167249708e-06,-0.6918377249438521,468335.59305896866,1505241.570497154,-90.06891210300775,0.932549279941155,1.20027919954019,7.921556929366141,Moderate Erosion,3.72646196248951
1190,499.9999999999876,499.9998723386197,497.23252841054943,-3.191534197810597e-05,-0.6918678973595433,468195.2014697651,1505241.739758692,-90.06922932016847,0.897848723749884,1.1438880779463045,8.163868297741196,Moderate Erosion,2.569746494707555
1191,499.9999999999702,499.9997225031239,497.23238078707845,-6.937421157715562e-05,-0.6919048032229398,468054.8098895994,1505241.909707574,-90.06960997009196,0.5635414716599881,1.2155488808025023,7.761196660479114,Moderate Erosion,-8.573865588144187
1192,295.94288724224697,295.94288724224697,1.5023536892072409,0.0,-73.61013338825992,467912.97306707327,1505243.5292395875,-0.06983270512693907,1.4209935283275714,1.0583122250023738,1.0,Severe Erosion,-66.22743163963045
1193,500.0000000000347,499.99996018154087,497.2326181799899,-9.954623450880716e-06,-0.6918454550111903,467773.9540678614,1505182.6435342275,-90.07014651386682,1.0070140028981183,1.1539022463839563,7.935941948640811,Moderate Erosion,6.208611315726067
1194,295.9427669565088,295.9427669565088,292.20641486318226,0.0,-0.9340880233316398,467679.74678390595,1505228.886589263,179.9296617971303,1.1066566479422324,1.1102953735994538,1.0,Moderate Erosion,-4.061901530879287
1195,499.9999999999863,499.9999999999863,496.2636496026866,0.0,-0.9340875993249256,467767.33762156474,1505341.3262931546,179.92984735630063,1.259860287737855,1.2086798665273029,1.0,Moderate Erosion,1.0449300678621196
1196,383.3969600196152,383.3969600196152,380.4666417140089,0.0,-0.7325795764015766,467709.20394631027,1505478.4345312677,-0.07028567574060317,1.2736138414820126,1.2776269034144008,1.0,Moderate Erosion,1.7375713550121175
1197,500.00000000008026,529.8042201011692,527.0368782899411,7.45105502527224,6.759219572465213,467626.0199296932,1505421.258954661,-90.07044294696793,0.8391013671885947,1.2496619854120734,7.436426312623615,Accretion / Land Gain,8.062588401584748
1198,499.9999999999879,499.9999999999879,496.2636523959708,0.0,-0.934086901004278,467534.36233354965,1505529.5809930926,179.92933018585896,1.1179475951735047,1.0084168188162734,1.0,Moderate Erosion,-3.6856126702313787
1199,440.3915597755452,440.391538543004,436.4922138899712,-5.3081353001971365e-06,-0.974836471393516,467430.627920855,1505600.3254982936,89.9291046460369,1.4992561885986884,1.3616209810751267,8.340281633572184,Moderate Erosion,-4.332953311083774
1200,500.0000000000171,500.0000000000171,496.2636553811884,0.0,-0.934086154707188,467505.4535674036,1505725.5622366988,179.92925711812043,1.196660767710258,1.2220575540142127,1.0,Moderate Erosion,-1.0618565096644144
1201,500.0000000000027,558.3006041769767,554.5642621697359,14.575151044243498,13.64106554243331,467476.5142442861,1505896.4477180687,179.92918815583556,1.3764037126950845,1.1365447805079236,1.0,Accretion / Land Gain,19.50471063873013
1202,500.0000000000263,529.1502066255464,525.4138659264675,7.287551656380018,6.353466481610283,467593.21806461003,1505979.7028036136,179.92943654745974,1.2820326488959939,1.2113402073617499,1.0,Accretion / Land Gain,9.071467254582444
1203,499.9999999999971,470.8498857998074,467.11354637538864,-7.287528550047426,-8.221613406152116,467535.02059526864,1506063.1738434364,179.92930548643537,1.1449013908717764,1.212966367177075,1.0,Severe Erosion,-10.074685066582646
1204,325.1002545261387,325.1002552853418,321.3639180562462,1.89800772432136e-07,-0.9340841174731338,467476.895566677,1506204.945600648,179.92917372504888,1.3162492671492512,1.1456852454916189,1.0,Moderate Erosion,2.92440943576859
1205,470.8500301574254,616.5998769293033,438.769728218958,36.43746169296946,-8.020075484616854,467506.0325130849,1506194.3921230591,-0.07076348251955639,0.7722245847270249,1.2148548508176924,1.0,Severe Erosion,-22.262788587767233
1206,380.7830182413015,499.9999729581573,496.1006481117466,29.804238679213952,28.82940746761129,467588.5961753113,1506076.9986226605,89.92949523443724,1.772314552209969,1.1502897423327911,8.630344266883858,Accretion / Land Gain,34.57323596947181
1207,500.0000000000215,500.00000116568896,496.2636631952448,2.914168675260953e-07,-0.9340842011941676,467651.7347477161,1506155.5788675305,179.9295546117712,0.9395347346463527,1.166629206004751,1.0,Moderate Erosion,-9.632653095084665
1208,500.000000000021,499.9999997840123,496.26366396878456,-5.40021716233241e-08,-0.9340840078091048,467593.6093111499,1506297.3506757997,179.92942217003403,1.1461265848696498,1.1442296409034125,1.0,Moderate Erosion,-2.7462887148247654
1209,499.99999999999744,500.0000000605916,496.26366593684605,1.5148543752729893e-08,-0.9340835157878472,467564.5982509371,1506409.937176164,179.92935114334983,1.0325427377456198,1.0846314944834612,1.0,Moderate Erosion,-6.532432988918567
1210,500.0000000000088,500.0000000000088,496.26366805209926,0.0,-0.934082986977387,467506.47387559654,1506551.709746132,179.92922072265594,1.0062919110889206,1.2110434575326157,1.0,Moderate Erosion,-7.407490365581916
1211,500.0000000000117,499.99999975047535,496.2636695388713,-6.238408900571812e-08,-0.9340826152851064,467594.06120163307,1506664.1532241467,179.92940505119242,1.3746168636988672,1.24629575558503,1.0,Moderate Erosion,4.870051321607491
1212,500.0000000000288,499.99999999927206,496.2636711139911,-1.8918910882348428e-10,-0.9340822215094278,467710.7612944221,1506747.412204151,179.92965427991447,1.1303359254519052,1.2407279434049272,1.0,Moderate Erosion,-3.2725882280688845
1213,500.0000000000245,499.9999995127677,496.2636714101897,-1.2181419606349664e-07,-0.934082147458696,467798.2741104879,1506800.24856943,179.92984139322084,1.25246538161197,1.2651705709891998,1.0,Moderate Erosion,0.7984372611948829
1214,321.1745660504489,708.6298526623006,318.4072100928724,96.86382165296293,-0.6918389893941281,467709.42202125216,1506911.3695803073,-90.07038429000609,0.792962214979873,1.2256007255133934,8.519653891984056,Moderate Erosion,-0.9264418837900485
1215,231.76174525938976,231.76171790456243,227.8623930431207,-6.838706831047148e-06,-0.9748380540672628,467648.3055194651,1507000.857437409,89.92948456225855,1.6715558211459323,1.1570918424140753,8.267013173397281,Moderate Erosion,1.4103660820483448
1216,231.7617136512208,201.95746394304865,198.05813900348025,-7.451062427043027,-8.425893661935135,467729.1618261503,1507060.3666477234,89.92970415567422,1.611522982605331,1.2669177121502608,7.714367931732983,Severe Erosion,-8.041784206633858
1217,295.9577724736715,295.9577724736715,292.2214500219777,0.0,-0.9340806129234522,467769.56788135297,1507161.7375460977,179.92976289932065,1.0080415137144663,1.0911972534164756,1.0,Moderate Erosion,-7.349041733866301
1218,500.00000000006617,321.1744865002154,317.2751615401911,-44.706378374962696,-45.681209614968765,467862.4167011046,1507209.2248135572,89.93001495619478,1.7494397245195887,1.1277680602940523,7.880188017031364,Severe Erosion,-40.69987551773306
1219,383.40412606860207,383.40412574572383,88.98404957141823,-8.071955903687923e-08,-73.60501912429596,467886.07749606116,1507091.2983608104,-0.06998097503716626,1.1254479532760147,1.1226257711251137,1.0,Severe Erosion,-76.07380204010252
1220,500.0000000001058,500.0000000001058,496.1006750674561,0.0,-0.9748312331624192,467995.4524243285,1507179.2582536952,89.93023863171622,1.3665124187078919,1.2862118334375592,7.931177526430901,Moderate Erosion,-8.757740726461174
1221,500.00000000006247,500.00000000006247,496.10067498799305,0.0,-0.9748312530173564,468106.1483064225,1507268.5365881429,89.93048869419108,1.5357824314837414,1.2752717437473986,8.575261793030846,Moderate Erosion,-3.115407057846919
1222,499.9999999999538,499.9999999999538,497.2326583389492,0.0,-0.6918354152511483,468080.6389712547,1507357.980339445,-90.06957888737223,1.0251142635391948,1.2388694795769237,8.066090121145004,Moderate Erosion,6.8119635379204055
1223,500.0000000000511,499.9999986214598,497.2326564851408,-3.446478302748801e-07,-0.6918358787275878,468029.84145013726,1507507.0634599498,-90.06974446622112,0.9275335576665157,1.285689009520301,8.005002818742078,Moderate Erosion,3.559272831839877
1224,62.77289776426037,62.77289843708306,30.694069246428747,1.682056716134639e-07,-8.019707129457906,467915.77474385186,1507540.5268768647,-0.06993711571844723,1.1472139267846122,1.1296012135949474,1.0,Severe Erosion,-9.762967801497203
1225,500.0000000000423,500.0000000000423,497.23265783939735,0.0,-0.6918355401612359,467778.97215517703,1507596.7826874282,-90.07035215340821,0.7476116458884422,1.227845361810813,7.427452030454099,Moderate Erosion,-2.43812406175338
1226,500.0000000001025,410.5871838884023,50.16854636889377,-22.353204027925045,-112.45786340780218,467638.5074425063,1507537.3466276943,-90.07054003711323,0.7517550454663253,1.1899290361600714,7.4857542914002355,Severe Erosion,-114.06603866388909
1227,4.474400826938523,4.474400826938523,0.7380829071457935,0.0,-0.9340794799481824,467536.7411265103,1507456.9791891344,179.92924100313056,1.5120061883968685,1.2676700880348368,1.0,Moderate Erosion,9.449660437856021
1228,33.62441891365183,33.624418595663336,29.88810193061325,-7.949712355070916e-08,-0.934079245759646,467478.54722071555,1507540.4571316864,179.92910912501694,1.2577852293796894,1.1907258791034394,1.0,Moderate Erosion,0.9755980153981209
1229,500.00000000000375,500.00000005285625,496.26368541380606,1.3213124816502386e-08,-0.9340786465494232,467478.7225521415,1507682.1602248768,179.92910499955283,1.2650011874247673,1.169179662805973,1.0,Moderate Erosion,1.216129589405925
1230,500.00000000008095,499.99998924678937,497.2326477296963,-2.6883228940732806e-06,-0.6918380675961657,467342.66782456654,1507627.1254298857,-90.07121133049644,0.9545428270509886,1.2432371186183888,8.617088367987664,Moderate Erosion,4.459579202563045
1231,350.97859511664655,321.17425629028617,318.406915016658,-7.451084706590095,-8.142920024997139,467232.0437023554,1507597.458800161,-90.07143233798016,0.835818684720821,1.2700514408210215,8.097383813517828,Severe Erosion,-6.948974229864572
1232,261.56573440810274,291.370015259019,288.6026736960396,7.451070212729064,6.759234821984208,467121.3449755981,1507508.1841255797,-90.0716823337709,0.7611439911734623,1.1464673246727963,7.83833087527692,Accretion / Land Gain,5.464024092880693
1233,412.5543291924456,295.96011066597003,88.18393696078518,-29.148554631618893,-81.09259805791511,467012.0950865985,1507479.889426687,179.92809668208855,1.1710495023617573,1.1950405680253176,1.0,Severe Erosion,-82.07434730334
1234,410.5871501027453,529.8044682412818,49.036508153511534,29.80432953463413,-90.38766048730844,467037.338271081,1507538.0936462292,89.92806212090392,1.5892594958053416,1.1152679389697975,8.047076661733405,Severe Erosion,-90.74566678437876
1235,380.78284935505786,440.3914712046714,138.44926414660503,14.902155462403384,-60.58339630211321,466973.1470170465,1507627.587168236,89.92805794542055,1.594416349204374,1.0001196530169947,7.331289184285736,Severe Erosion,-60.76950748466241
1236,150.21993955783412,150.21993974177047,146.4836249300921,4.5984087648776046e-08,-0.9340786569355046,467128.92923769896,1507671.6650141831,179.9283417920236,1.3096447000812357,1.2160099781979086,1.0941380284477322,Moderate Erosion,2.7040690612493945
1237,380.7828591300676,470.1956966096909,19.232241717223733,22.353209369905827,-90.38765435321096,467254.00428009767,1507686.844362473,89.92856349986344,1.6077915719680234,1.2486883419928154,8.20794218917933,Severe Erosion,-90.12792492417447
1238,383.4070893764259,412.555318067107,409.6249647422156,7.2870571726702735,6.554468841447417,467245.64999468805,1507773.8108949289,-0.07140818550532681,1.3093974885314177,1.2209539847148327,1.0,Accretion / Land Gain,10.217669227525313
1239,499.9999999999566,500.0000068365681,497.23266666605815,1.7091528832224867e-06,-0.6918333334746052,467162.4135883775,1507776.3715485206,-90.07159951766248,0.7878928253073598,1.0440240056523797,8.246059347238488,Moderate Erosion,-1.0954162340175166
1240,91.92350455960045,208.5168029413692,205.586450935626,29.14832459544219,28.41573659400639,467041.5163111971,1507697.3209863275,-0.07185023049117006,1.211293669442728,1.1719097426177658,1.0,Accretion / Land Gain,28.808912545586843
1241,500.0000000001159,500.0000000001159,497.2326588412904,0.0,-0.6918352897063755,466911.32315852906,1507687.273537183,-90.0721672509036,0.500270214616476,1.0225081670981002,7.943772259873183,Moderate Erosion,-10.682838712366914
1242,62.77477676353486,179.36818522557243,59.84442517291683,29.148352115509397,-0.7325878976545077,466779.15832692315,1507679.2034150355,-0.07242072516177774,1.3369435592996963,1.3095506580595309,1.0,Moderate Erosion,3.8490504758579
1243,500.0000000000188,499.99980108658656,497.2324598821075,-4.972835806427156e-05,-0.6918850294778309,466660.3826231842,1507717.395014364,-90.07261346805186,0.8519735926168688,1.1130965562080877,8.239773849885282,Moderate Erosion,1.0405573500121326
1244,500.00000000008464,440.3913939510532,437.6240549650454,-14.90215151225786,-15.593986258759813,466519.9156206974,1507657.96489089,-90.07289660096555,0.9497018402210847,1.3004029306863374,8.154277861369842,Severe Erosion,-10.603935709461553
1245,500.00000000010505,589.4129011268967,497.2326584917914,22.35322528169792,-0.6918353770784051,466439.2089545006,1507717.6765130144,-90.07328069269715,0.3655620204336615,1.2756505377166014,7.676037417109939,Moderate Erosion,-15.173112268046852
1246,325.10982342521635,295.9614585411659,293.031107105353,-7.287091221012616,-8.01967907996584,466341.92521640455,1507673.3243535452,-0.07337387747121431,1.51274395955839,1.1279262822788643,1.0,Severe Erosion,2.422194443937798
1247,62.77262742806454,62.77262742806454,59.8422778179339,0.0,-0.7325874025326602,466312.6326204185,1507560.807050846,-0.07343172404495653,1.1785489057730671,1.1093262847577148,1.0,Moderate Erosion,-1.430535543308529
1248,470.1956963839864,470.1956963839864,168.25336186104923,0.0,-75.48558363073428,466226.6212161439,1507628.5358009988,89.92640585205525,1.766227092543076,1.2279943511752263,8.291921145556023,Severe Erosion,-69.9446695470467
1249,499.9999999999924,470.8516237641945,467.9212724938751,-7.287094058949464,-8.019681876529333,466167.02170260355,1507663.076060152,-0.07375513777100551,1.0434992030756298,1.1324256898903307,1.0,Severe Erosion,-13.219211512156988
1250,500.0000000000505,500.0000000000505,497.2326601965378,0.0,-0.6918349508781603,466031.2069093709,1507598.9833132424,-90.07394219439618,0.8919164188553266,1.208157027771988,8.008748866547112,Moderate Erosion,2.372034574434688
1251,499.9999999999015,500.0000250434194,497.2326842946368,6.260879473529712e-06,-0.6918289263161768,465920.581271384,1507569.3221951744,-90.07429021416993,0.6419880017628008,1.16132499909461,8.12677407801666,Moderate Erosion,-5.958906742184458
1252,499.9999999999883,499.9999999999883,497.0696513369061,0.0,-0.7325871657705534,465787.88290570857,1507502.1053505507,-0.07457325037763911,1.1059140365414184,1.0574405221582257,1.0,Moderate Erosion,-3.851431969249579
1253,500.0000000000038,499.9999999101892,497.0696525556036,-2.24536478299342e-08,-0.7325868611000601,465671.17981662386,1507418.8519548625,-0.07481941754143111,1.4865823651562602,1.021469532016779,1.0,Moderate Erosion,8.83756990823387
1254,295.9580397049745,266.8091852461539,263.8788405912589,-7.287213614705152,-8.019799778428904,465700.1055377796,1507247.9628778053,-0.07475153914367834,1.1708757758419492,1.2179743233533245,1.0,Severe Erosion,-8.973211782245638
1255,201.95688714704497,201.95689428028348,199.189553854869,1.7833096279673557e-06,-0.6918333230439941,465683.65855924535,1507122.56535014,-90.07477677217848,0.8326152716345706,1.1548539099667865,8.050212621508214,Moderate Erosion,0.3953310428546202
1256,499.9999999999073,380.7827411719517,378.0154008704511,-29.80431470698889,-30.496149782364043,465632.87479688885,1507271.653363452,-90.07494283129442,0.9305105017756232,1.155602829630415,7.617569735880441,Severe Erosion,-26.145811128920272
1257,383.4047109845333,558.2976498409088,233.92429383806265,43.72323471409386,-37.37010428661767,465554.3953472746,1507274.056216336,179.92493083010802,1.2748763647184895,1.2555201605656405,1.0,Severe Erosion,-34.891694846754646
1258,500.0000000000952,500.0000020557587,497.2326618142316,5.139158787414999e-07,-0.6918345464659126,465441.4660417007,1507242.0999292494,-90.07525902129981,0.8225631808372436,1.2937123298895623,7.437075721288896,Moderate Erosion,0.060259979251969575
1259,500.0000000000257,529.1489848390828,526.2186419757547,7.287246209764277,6.554660493932261,465350.1679780605,1507133.3749853629,-0.07550799658480264,1.2542170052617256,1.177980601753083,1.0,Accretion / Land Gain,8.379465506263388
1260,500.0000000000222,500.0000000000222,497.0696589060085,0.0,-0.7325852735034459,465262.5723977732,1507020.9375612554,-0.0756934223749612,1.5599838981624377,1.172473948639863,1.0,Moderate Erosion,11.284492652687929
1261,500.0000000000172,295.95510661035905,293.0247676986642,-51.01122334741454,-51.74380807533825,465320.68369316653,1506879.1589935254,-0.07556125743237885,1.190829663506216,1.2396434367007056,1.0,Severe Erosion,-52.03190206050618
1262,499.9999999999954,46.830775687132906,42.78029341396891,-113.29230607821562,-114.30492664650662,465436.607912106,1506795.0412556452,52.03737585653153,1.545529737585863,1.0910179098290047,5.896911684580048,Severe Erosion,-113.29943141293178
1265,500.0000000000009,62.75695108676273,59.826615950015686,-109.31076222830954,-110.0433460124963,465524.41083371005,1506636.6590368894,-0.07510210023660492,1.3570738479815654,1.217301480525633,1.0,Severe Erosion,-104.79007403245824
1269,500.0000000000515,172.1526361113484,169.38529532585628,-81.96184097217578,-82.6536761685488,465277.17873765243,1506377.9906258048,-90.07562937262038,0.9658292384139125,1.2433647498964675,8.587133208594626,Severe Erosion,-77.12604650375889
1270,441.700192492065,412.5502876933068,409.6199575532702,-7.28747619968955,-8.020058734698708,465145.03398635826,1506310.2204207364,-0.07591066460236669,1.3775245895752235,1.253563730988249,1.0,Severe Erosion,-2.0849072068968066
1271,470.850042449445,587.4498796934645,117.31426275495656,29.149959311004864,-88.38394492362212,465115.818335619,1506260.6559168797,179.92402658631457,1.296339927634067,1.0441531463506863,1.0501370466236237,Severe Erosion,-85.1902938134762
1272,499.9999999999983,4.450082581426902,1.5197537860430268,-123.88747935464284,-124.6200615534888,465057.48417437833,1506234.9120816202,-0.07609743108685772,1.0280180029567065,1.1381573535116802,1.0,Severe Erosion,-130.3350861171412
1273,500.0000000000071,499.9999998331254,497.0696730028815,-4.1720426224856055e-08,-0.7325817492814082,465115.59621860605,1506093.1350300624,-0.07596530616371475,1.4444843921166044,1.1286453915296868,1.0,Moderate Erosion,7.434575912224071
1274,201.9569666356287,52.93549432322621,50.16815386879826,-37.255368078100624,-37.947203191707615,465221.28394948016,1506020.4125670106,-90.07577045883858,0.6280485408187632,1.206810831680272,8.466604339057074,Severe Erosion,-43.67893015680106
1275,499.9999999999778,499.9999924783772,497.0696690616608,-1.8804001484795665e-06,-0.7325827345792533,465173.5985396639,1505867.959100644,-0.07582730820696655,1.2448659454639321,1.2370872694501498,1.0,Moderate Erosion,0.7805945916159129
1276,500.0000000000286,500.0000001150472,497.06967934425313,2.8754655545526475e-08,-0.7325801639438652,465202.5229946831,1505697.0712108363,-0.07575575126730653,1.0863297477364162,1.3181319544577217,1.0,Moderate Erosion,-4.503959414040654
1277,500.0000000001037,500.0000103303427,496.1006845198759,2.5825597589346216e-06,-0.974828870056939,465308.50482260744,1505603.0370196106,89.92447223987216,1.5903789004765874,1.1586621653298008,7.883816456506263,Moderate Erosion,-1.2955206030219018
1278,412.5478128331725,412.5478128331725,29.85206248454556,0.0,-95.67393758715671,465435.5432831243,1505556.5530884531,179.92475998518535,1.2498396357896593,1.1583844871766753,1.0,Severe Erosion,-94.03012553563931
1279,500.0000000000151,529.150781910355,526.2204638964067,7.287695477584975,6.555115974097902,465552.08017470257,1505506.028082676,-0.07498327885551385,1.2476801004269817,1.2900874026012419,1.0,Accretion / Land Gain,8.161902051349267
1280,470.8491622265941,587.4525173288922,59.00115945107504,29.150838775574528,-102.96200069387976,465639.464923635,1505454.1878291715,179.92520708281472,1.2638102660518211,1.2217595091975075,1.0,Severe Erosion,-100.85239692270333
1281,470.1957141353642,619.2170858836234,79.97277739259752,37.25534293706481,-97.55573418569168,465674.75557592005,1505513.143931335,-90.07469846506024,1.0420570303033017,1.2995366524723473,8.416016357427264,Severe Erosion,-89.48717784039845
1282,499.9999999999817,529.1509223405167,526.2206062419522,7.287730585133744,6.555151560492618,465668.5157911846,1505377.5165813707,-0.07472365807432713,1.2675084758299664,1.221009795952135,1.0,Accretion / Land Gain,8.822823068062517
1283,470.1957232714324,52.93607233483253,49.03674735718968,-104.31491273414996,-105.2897439785607,465737.12413779827,1505304.432625217,89.92540686935276,1.5633761657199527,1.105222734839716,7.908884828621546,Severe Erosion,-106.51052715501393
1284,499.9999999999983,499.9999999999983,497.06968648054425,0.0,-0.7325783798635115,465668.2982778463,1505210.7247716743,-0.07471568059335344,1.344091461539399,1.0909837438446321,1.0,Moderate Erosion,4.087857461578275
1285,470.1957384622137,231.76169833301284,227.8623729457944,-59.60851003230021,-60.58334137910482,465723.4730636156,1505066.0160654634,89.92538673894728,1.7784202341692572,1.0732582815177445,7.845548106176766,Severe Erosion,-54.63598893448162
1286,499.9999999999774,499.99999619220375,497.0696874394278,-9.51943405880229e-07,-0.7325781401373916,465697.0421810858,1504898.1407388444,-0.07463846406526506,1.0153377530981997,1.2500316484467402,1.0,Moderate Erosion,-6.870617215822354
1287,142.3490171501914,112.54471618896925,108.64539093674314,-7.451075240305538,-8.425906553362065,465650.1334565567,1504768.0687854257,89.92527437424255,1.6896096702857184,1.2919017221895468,8.043186764454887,Severe Erosion,-5.438906204112775
1288,500.0000000000232,354.2409924261765,351.31068853059094,-36.43975189346168,-37.172327867358064,465667.4833092288,1504585.6336542654,-0.0746881130726552,1.304654490100218,1.344389773713106,1.0531720901882449,Severe Erosion,-33.666464155803574
1289,500.0000000000046,354.2403638324571,351.31006166422145,-36.43990904188688,-37.17248458394579,465579.8809108094,1504473.203475656,-0.07486963681695426,1.15484278597586,1.263649036872037,1.0,Severe Erosion,-38.660302100745746
1290,91.87250022506925,354.24016147378234,58.98417613794749,65.59191531217827,-8.222081021780438,465696.43381600495,1504431.054861898,179.9253861786645,1.406876924589432,1.2891356460910968,1.0,Severe Erosion,-1.3435469552223402
1291,470.8482237802269,704.0624764809498,29.83526083495709,58.30356317518074,-110.25324073631744,465725.8080754881,1504601.8648108193,179.92544379509425,1.1780121622995898,1.1500735283637127,1.0,Severe Erosion,-111.00351867148007
1292,412.5446019791623,266.78558087353065,263.8552770168633,-36.43975527640791,-37.17233124057475,465754.93542477296,1504583.0585556899,-0.0744949632701034,1.2183163952131735,1.1039221228223393,1.0,Severe Erosion,-36.54444897321704
1294,470.19581545314855,172.1532260204117,169.3858841408464,-74.51064735818422,-75.20248282807555,465846.31775740854,1504499.575225166,-90.0742052636208,0.7740395618277331,1.2642639953396637,7.9768586456426895,Severe Erosion,-76.06784194949489
1296,91.8723982971488,4.416465286559794,1.4861638178527965,-21.86398325264725,-22.596558619824,466104.55250864226,1504423.9479091596,-0.07372609276771391,1.2018221520538872,1.2295073911481176,1.0,Severe Erosion,-22.51866338191666
1299,441.6957562807199,674.9127470998009,29.829765006509632,58.30424770477025,-102.96649781855255,465929.4636298013,1504287.1549916149,179.92590209183504,1.0360760378080498,1.2043816063333863,1.0,Severe Erosion,-108.44787325302856
1300,142.3490440013331,142.34905476393865,20.36472522021146,2.69065138525093e-06,-30.49607969528041,465822.44791904464,1504201.5634292327,-90.07431764167137,0.5839927040980256,1.2265779140380493,7.682609378303214,Severe Erosion,-37.69633410825188
1301,208.4762868418684,208.47628705880845,205.54599107293728,5.4235016477832694e-08,-0.7325739422327757,465754.2680274805,1504069.6604308398,-0.07447035722601948,1.4386558584586369,1.2211293103662144,1.0,Moderate Erosion,7.239951373892085
1302,52.936300783424045,172.1532774780138,169.3859356715792,29.80424417364744,29.11240872203879,465660.72721721395,1504082.5566582032,-90.07466053880181,0.6729561373516466,1.2980109642671558,7.819912451345745,Accretion / Land Gain,24.877601980447153
1303,450.986907929844,391.0462385704716,148.7497199525131,-14.985167339843102,-75.55929699433273,465695.82550813543,1503963.8675952936,-36.68582587208771,0.8123204350768576,1.2986139858955728,4.808959623858278,Severe Erosion,-80.51625874161427
1304,23.13205643149693,142.34905439868498,139.5817126082257,29.80424949179701,29.11241404418219,465585.7724088188,1503933.6331052973,-90.07478006721395,0.4769918236470778,1.2384773928091455,8.477427800437804,Accretion / Land Gain,18.345463476163616
1305,295.93196871499094,33.55873337277018,30.628440285105118,-65.59330883555519,-66.32588210747146,465549.96460139117,1503888.6457156194,-0.07490684270341556,1.1036327895805678,1.2624908049523913,1.0,Severe Erosion,-69.52069084591896
1306,440.3916133490007,172.1534251817231,168.25410045514377,-67.0595470418194,-68.03437822346423,465587.5363875161,1503784.6094752846,89.92519550683484,1.4015361900786414,1.2356850776580905,7.87206267063982,Severe Erosion,-74.64982719050172
1307,380.7830690785571,380.7830690785571,376.8837440047523,0.0,-0.9748312684511972,465668.2416855874,1503724.8956899755,89.92538855322447,1.8463019348675105,1.1575105410230053,8.057717224715137,Moderate Erosion,7.235244532230649
1308,440.3915933717792,440.3915933717792,49.037342506966674,0.0,-97.83856271620311,465808.5555125234,1503665.104773176,89.92554990323993,1.7514722257137256,1.2547709553345703,7.266510939194838,Severe Erosion,-92.78947726948994
1309,470.8472773935141,470.8472783808334,0.6674464251628303,2.468298276880887e-07,-117.54495774208782,465928.7623923847,1503744.845598716,179.9259265678117,1.097294578191262,1.0828968594701653,1.0,Severe Erosion,-120.98570946797643
1310,470.19578425918695,470.19578425918695,466.296459923695,0.0,-0.974831083872985,465970.12181930966,1503664.8956616027,89.9260252421162,1.9378650374122557,1.278556547924711,7.728037916317712,Moderate Erosion,10.287347942848559
1311,410.587352864346,410.587352864346,50.16927670969781,0.0,-90.10451903866203,465863.33910291473,1503605.4253455857,-90.0742253806792,0.9472651587009694,1.0985237263456824,7.681605137415193,Severe Erosion,-85.19569160370406
1312,440.3914931707312,410.58730702294025,407.81996482353753,-7.451046536947743,-8.142882086798423,465722.94761481736,1503605.6074549295,-90.07457394739771,0.7512756312858235,1.2169503166813533,8.07674904176632,Severe Erosion,-9.767039004341536
1313,179.31970686470197,150.16695867042645,146.43058284099536,-7.288187048568879,-8.222281005926654,465637.2022594289,1503719.8250345185,179.92529566524098,0.8256106772640195,1.1267784595551142,1.0,Severe Erosion,-20.71930958029452
1314,33.556871199667,33.55687146299884,29.82049644342084,6.583296041640098e-08,-0.934093689061541,465491.5096054989,1503774.251679186,179.92497367223953,1.5441651683169653,1.238804297001556,1.0,Moderate Erosion,10.520619173892168
1315,354.2369491327799,354.2369491327799,233.89014742322613,0.0,-30.08670042738844,465433.3119222707,1503856.414258029,179.92484398191024,0.9920888178223388,1.19203070015261,1.0,Severe Erosion,-37.034562761206416
1316,295.9328451312073,354.23774440041325,146.4342390272045,14.576224817301494,-37.37465152600069,465491.80265935225,1503998.032536228,179.92496419067484,0.9537140365785721,1.0675191616847215,1.0,Severe Erosion,-45.60164526078515
1317,499.9999999999919,4.40867860966685,1.4783834596410088,-123.89783034758128,-124.63040413508772,465433.53425811586,1504025.9031642657,-0.07516551299468235,1.3528608106776836,1.228824010791193,1.0,Severe Erosion,-119.51755197503951
1318,499.9999999999753,62.71214448494363,59.78185065136777,-109.32196387875793,-110.05453733715188,465375.11987901235,1503942.589693261,-0.07528790955649946,1.5654372523386664,1.1487284895786258,1.0,Severe Erosion,-97.85577530545552
1319,500.0000000000428,559.6084897335802,556.8411479491028,14.90212243338435,14.210286987265007,465302.84930477024,1503814.7870330405,-90.07543978134531,1.0076412695018595,1.2651297963601267,8.230821939028417,Accretion / Land Gain,21.131651079817598
1320,383.38891321787327,266.77781499890165,263.8475245487136,-29.152774554742905,-29.88534716728992,465258.21316315833,1503717.6593309424,-0.0755275200038132,1.2840590866005872,1.1944911275226853,1.0,Severe Erosion,-27.06580156702812
1321,500.00000000004303,345.9120766942059,343.1631757522016,-38.52198082645928,-39.20920606196036,465228.99176028144,1503665.6583474062,-104.50700265618897,0.9019663385091128,1.2258809361611744,7.806998391959743,Severe Erosion,-36.23543435363393
1322,4.402979563712184,4.402979563712184,0.6666035871772431,0.0,-0.9340939941337352,465141.6033598996,1503718.7068538542,179.924216761226,1.3285414004765563,1.1177823152376465,1.0,Moderate Erosion,3.3329837997678036
1323,499.99999999998033,291.370171932898,288.60283108212883,-52.15745701677058,-52.84929222946288,465008.10115230276,1503725.764084071,-90.07622764168812,0.913839642473209,1.1472598246625016,8.047028371850994,Severe Erosion,-49.054649280529055
1324,33.55596026241138,33.55596026241138,29.81958444761033,0.0,-0.9340939537002626,464820.9494171836,1503738.8440579376,179.92351660952204,1.2427126682316,1.157749652578129,1.0,Moderate Erosion,0.4718631661466164
1325,208.47285275390675,179.32013371448966,176.3898424954709,-7.288179759854273,-8.020752564608962,464908.46170102054,1503779.3490672929,-0.07629324557980105,1.2150975384172193,1.2630826208768025,1.0,Severe Erosion,-7.499747044849582
1326,500.00000000000864,367.6303903271456,365.1301294130394,-33.092402418215755,-33.71746764674231,464996.0064182066,1503844.4778653027,-137.2790456492066,0.9192396711154842,1.328904409581095,5.0688801748616745,Severe Erosion,-34.03043328623992
1327,499.9999999999481,201.9577220450489,199.19038083201409,-74.5105694887248,-75.20240479198351,464796.5265178277,1503845.263173773,-90.07642371631606,0.6869056674986966,1.130302510124085,7.820514610378242,Severe Erosion,-78.9722277363169
1328,354.23650619934284,325.0838060420398,322.1535145684336,-7.288175039325765,-8.020747907727312,464762.71981373895,1503795.6589500213,-0.07661089634973328,1.1573638936756734,1.280736543851465,1.0,Severe Erosion,-9.424123292061182
1329,237.62547118804065,62.70915183715631,58.97277642281103,-43.72907983772109,-44.663173691307406,464675.2261494467,1503769.181754824,179.9231996991332,0.9465926449567943,1.0209457964360718,1.0,Severe Erosion,-53.12795776228433
1330,500.0000000000145,4.405821897325682,0.6694482110950615,-123.8985445256722,-124.83263794722986,464646.22442965704,1503881.7627481068,179.92313033996723,1.1857857072847795,1.0992739960549023,1.0,Severe Erosion,-125.32433608120361
1331,499.9999999999808,208.47555704174275,204.73918547013488,-72.88111073955952,-73.81520363246148,464646.41454267624,1504023.4574966212,179.9231236164937,1.0522480321700118,1.1184597805466359,1.0,Severe Erosion,-78.75815916821607
1332,142.34881434008656,440.3914591677079,287.4708035480379,74.51066120690534,36.28049730198784,464668.2218238721,1504143.4774708368,89.92311763340271,1.434461242305171,1.0872506617365028,8.113530624671828,Accretion / Land Gain,30.762550715908986
1333,500.0000000000072,295.9343823199804,292.1980136633299,-51.01640442000671,-51.95049658416933,464559.2208308128,1504219.508844145,179.92292370321303,1.2275222165723982,1.0689429813479308,1.0,Severe Erosion,-51.05102582840194
1334,4.414800292833371,33.56686495685427,29.830498541719003,7.288016166005224,6.353924562221408,464559.4114539768,1504361.2043804927,179.92291696306418,1.4093384839061394,1.2289935165192076,1.0,Accretion / Land Gain,13.313935993944405
1335,91.87092536424775,121.02299741042395,117.2866308899121,7.28801801154405,6.353926381416088,464646.85864725517,1504354.4135145063,179.92310568723101,1.33828431431275,1.178812962827632,1.0,Accretion / Land Gain,10.945509411427652
1336,295.93567375198955,266.7836242717794,263.8533238135548,-7.288012370052542,-8.020587484608697,464705.2064014465,1504386.9103166407,-0.07676898802319487,0.9638889609751127,1.2263634103959207,1.0,Severe Erosion,-15.873090502724583
1337,179.3279371552342,150.1759287271757,147.24562770300454,-7.288002107014627,-8.020577363057413,464821.8623114325,1504422.579486702,-0.07651609737488002,1.0510215965412435,1.2513277329893326,1.0,Severe Erosion,-12.9687180459091
1338,500.00000000001546,500.00000000001546,496.2636331592781,0.0,-0.9340917101843472,464909.2004523787,1504334.043167775,179.9236785798649,1.341648502069122,1.217141898354908,1.0,Moderate Erosion,3.769764229756732
1339,500.0000000000493,23.131847857692463,19.23252242852044,-119.2170380355892,-120.1918693928822,465031.87321675493,1504351.622337908,89.92393146717552,1.4526265384403365,1.24855316678788,7.922549145007457,Severe Erosion,-125.10430636057374
1340,385.3563510663564,499.999982144424,497.3215374981339,28.660907769516896,27.991296607944378,464997.47074074246,1504470.8851822878,-120.27818869266628,0.8208700070294817,1.190632992767165,7.206534968808545,Accretion / Land Gain,26.868130857959255
1341,499.9999999999813,33.571521306502085,29.835158936776157,-116.6071196733698,-117.54121026580128,465055.3296466247,1504611.8726090519,179.92397936191824,1.2830385388715635,1.1015362667964181,1.0,Severe Erosion,-114.79094977067852
1342,499.9999999999087,499.9999999999087,497.23265876182336,0.0,-0.6918353095213376,465042.3603243362,1504798.6728308687,-90.07605899456364,0.6547486842109698,1.2814997012078506,7.8918859094441425,Moderate Erosion,-5.533557583839514
1343,142.34875933661414,142.3487718454515,138.4494466341052,3.127209339481851e-06,-0.9748281756272306,464974.58886163094,1504739.1542768604,89.92381711476683,1.61580597233228,1.149627229348413,8.08708020864259,Moderate Erosion,-0.4479506448974311
1344,175.83298845503987,175.83298901837182,55.07489899938602,1.4083298793821086e-07,-30.18952236391346,464997.1635988279,1504619.907067114,-8.346301731891254,0.9418338529408028,1.1216647705439609,1.0,Severe Erosion,-36.85964983850448
1345,383.3929764956668,383.3929836977652,379.656621623428,1.8005246005259323e-06,-0.9340887180597122,464938.7629410895,1504642.3370842782,179.92372864906457,1.1103273277295624,1.182325557795146,1.0,Moderate Erosion,-3.9409269378157807
1346,325.0900192073834,325.09002485847947,321.35366405008654,1.4127740115554843e-06,-0.9340887893242212,464880.5706823677,1504725.8078011295,179.92359662085713,1.248500686173577,1.1237044837947194,1.0,Moderate Erosion,0.6648208813884636
1347,412.54529059841946,412.54529059841946,408.8089310677202,0.0,-0.9340898826748116,464938.98498241894,1504809.1236061319,179.9237182770396,0.9615834867028243,1.1635006944059543,1.0,Moderate Erosion,-8.899058550333159
1348,499.9999999999845,704.0603789144618,437.9606833889419,51.01509472861933,-15.509829152760645,464880.7931063773,1504892.5951233262,179.9235877129218,1.2666046689353214,1.2245812195413737,1.0,Severe Erosion,-13.30745546295865
1349,350.9786561760064,768.2385590889654,407.8198959261256,104.31497572823976,14.210309937529814,464911.08960104,1504947.8690273939,-90.0763835355581,0.7970546856156313,1.2250290062495826,7.974835344147387,Accretion / Land Gain,14.112120942896409
1350,231.76148177704243,23.13158708612379,19.232261342785225,-52.15747367272966,-53.1323051085643,464874.5095210122,1505007.5263241017,89.92351834708637,1.682873136794164,1.125446212638797,7.820841814659056,Severe Erosion,-50.369855336478565
1351,500.0000000000384,917.2599093541,556.8412507867138,104.3149773385154,14.210312696668836,464893.5204143469,1505096.9139282175,-90.07639095272323,0.8335874756333683,1.1584183132437766,8.263250103927643,Accretion / Land Gain,15.329883366992144
1352,91.88171400920749,62.73040019321472,59.800089542072776,-7.287828453998191,-8.020406116783677,464793.5578225035,1505056.564391092,-0.07660926550720827,1.4040862310871844,1.2833088120235217,1.0,Severe Erosion,-1.1997039669144565
1353,150.18206072454265,121.03055772458484,118.10024967410092,-7.287875749989453,-8.020452762610432,464764.17792405206,1504885.7549896839,-0.07666450735290155,1.218248456327802,1.2367558198230084,1.0,Severe Erosion,-7.394330249370896
1354,121.02853824948974,91.87688509937183,88.94657918107528,-7.287913287529477,-8.020489767103616,464822.29157360486,1504743.980343541,-0.0765324491558201,1.1350548717011415,1.3627710823259758,1.0,Severe Erosion,-10.16751747272988
1355,82.74008971554511,500.000000000074,79.97275533956449,104.31497757113225,-0.6918335939951561,464834.03429977916,1504590.3200707228,-90.07649256521778,0.8183449819249501,1.2908608991829007,7.643375474656046,Moderate Erosion,-0.08034607883373723
1356,261.5657696797834,500.0000109343345,228.99414552732543,59.60856031363778,-8.14290603811449,464783.1752790048,1504679.8009445625,-90.0766872924842,0.8814950626428089,1.2881794310498809,8.027874542024698,Severe Erosion,-5.42641589293255
1357,295.93721226875834,266.78538385143366,263.8550803297793,-7.28795710433117,-8.020532984744762,464676.32222008816,1504586.6720684953,-0.07684135540989664,1.2067925568482312,1.0854135005142955,1.0,Severe Erosion,-7.77623263311624
1358,383.3920657718232,354.24008279019944,351.3097814152736,-7.287995745405936,-8.020571089137405,464617.8282843915,1504445.0542563365,-0.07696145745771645,1.2055514615102438,1.2572480832249686,1.0,Severe Erosion,-7.817612633117993
1359,62.72257887562749,91.8744052783082,88.13804223619512,7.287956600670178,6.353865840141907,464618.00931012747,1504579.8179093678,179.92303405689154,1.0952385703150467,1.1921800246412753,1.0,Accretion / Land Gain,2.8439074011081305
1360,231.7614900065124,82.74011381983753,78.8407883601923,-37.25534404666871,-38.23017541158002,464688.1751224527,1504709.7324623207,89.9232795170356,1.5005645037698043,1.1526183362254618,7.8769642612026125,Severe Erosion,-41.54467999933476
1361,499.9999999999039,649.0214054904893,407.8198280260341,37.25535137264636,-23.045042993467447,464757.7011053297,1504769.2479384781,-90.07666003840417,0.5896095672627768,1.210257548797442,8.144083254176355,Severe Erosion,-30.058069352465914
1362,150.18137751181752,150.18137751181752,204.7481147574677,0.0,13.641684311412549,464676.6467222024,1504828.6140346345,179.9231474488061,1.4629730433399122,1.2725502081897513,1.0,Accretion / Land Gain,22.389568027347245
1363,325.09180577552337,500.0000002171847,175.5986407964837,43.72704861041534,-37.37329124475992,464647.72455962596,1504999.501476421,179.9230780462843,1.013957531073748,1.2373243486420527,1.0,Severe Erosion,-43.592607421716345
1364,23.13142810316969,291.3699751278655,287.47064943599446,67.05963675617394,66.08480533320619,464662.0476115296,1505127.0278737037,89.92313177404145,1.4960638603506062,1.1272103447057062,7.657954610636164,Accretion / Land Gain,62.62027934422665
1365,500.0000000000238,350.97852807418536,348.211187176258,-37.255367981459614,-37.94720320594146,464669.72592367535,1505246.2348336997,-90.07690592543506,0.6922392704978139,1.2570912581608609,7.517583844772882,Severe Erosion,-41.53923953378745
1366,266.7911996817703,237.64009534704107,234.70978180540723,-7.28777608368231,-8.020354469090769,464589.7526617783,1505245.5315670723,-0.07706452403818372,1.3337006448315067,1.1466863504499991,1.0,Severe Erosion,-3.5457325843685625
1367,295.94120564885753,266.7899463421308,263.85963494805094,-7.287814826681682,-8.020392675201649,464589.5620823596,1505103.834088023,-0.07705629311917794,1.1552195940086392,1.2147817378176318,1.0,Severe Erosion,-9.495141066661787
1368,499.9999999998981,52.93559221845185,50.168251502000246,-111.76610194536156,-112.45793712447446,464544.8874581084,1504948.3594730685,-90.07717642518314,0.9871616737734971,1.1728945828108224,8.21782570286871,Severe Erosion,-106.21922676110579
1369,499.99999999999767,23.13123838202186,20.363897635295007,-119.21719040449396,-119.90902559117566,464522.5680248548,1505067.60680443,-90.07724584771576,0.6989767698889797,1.1798728321255265,8.821670265991227,Severe Erosion,-123.276478712395
1370,208.48807260202744,208.48807260202744,204.75171831897205,0.0,-0.9340885707638478,464414.7300167031,1505159.789967013,179.92255707046465,1.2423897778100619,1.2588452604441491,1.0,Moderate Erosion,0.460882240355162
1371,500.0000000000095,150.18795451149992,146.45160285751427,-87.45301137212739,-88.3870992856238,464385.80996471836,1505330.6781961413,179.9224838459673,1.0752391066904892,1.1146198587862473,1.0,Severe Erosion,-92.5638345519226
1372,112.54410241861837,112.5441115393015,108.64478524843722,2.2801707828534745e-06,-0.9748292925452872,464431.64509921474,1505484.9900511745,89.92254278976,1.9217720036483463,1.353696865579436,7.742882136486787,Moderate Erosion,9.750916346321654
1373,412.5476497479879,383.39686601359296,380.46654804956165,-7.287695933598741,-8.020275424606567,464386.0862026874,1505534.8543806563,-0.07752368125490607,1.0213190199162439,1.0524706787889948,1.0,Severe Erosion,-13.95826751975413
1374,499.9999999999937,500.0000007423167,233.9073586132674,1.8558074543761904e-07,-66.52316034668158,464357.0336937418,1505607.4446782104,179.9224090973491,1.2470147930568285,1.150452473219861,1.0,Severe Erosion,-64.97405679554645
1375,291.3698074509141,291.36980940762453,20.36357861674726,4.891776086424215e-07,-67.75155720854171,464389.8741575198,1505723.4811992666,-90.07750097952628,0.8950668980706843,1.2280492026567504,8.34406573674067,Severe Erosion,-64.58267280388122
1376,499.9999999999902,499.999998822681,321.3605426327286,-2.943273074151876e-07,-44.65986434181541,464298.9568232692,1505773.0114207922,179.92227388415873,1.2626124951057773,1.2452458508367987,1.0,Severe Erosion,-42.59086885455792
1377,291.36977606154204,440.3913584624364,50.16785552662552,37.25539560022359,-60.30048013372913,464345.15293902764,1505902.3677955577,-90.07763695644427,0.7722072183844046,1.190634281376106,7.537811938151718,Severe Erosion,-61.22691842811767
1378,23.130989199626818,52.93529754893648,49.03597129377272,7.451077087327416,6.476245523536475,464334.0562908967,1506021.6002093419,89.92235702711403,1.5805265277670084,1.1942300594082154,8.29002507231945,Accretion / Land Gain,5.827142024869344
1379,172.1524972215618,142.34818424250142,347.07906310894936,-7.451078244765092,43.73164147184689,464299.62725600926,1506081.2556075398,89.92225878969354,1.60657135259392,1.2317365409251757,8.610717701371978,Accretion / Land Gain,43.95069883174244
1380,295.9483279570222,295.948327926987,293.01800241253096,-7.508788257837296e-09,-0.7325813861228028,464386.75348007353,1506027.944376075,-0.07754700663908076,1.1774083196846454,1.1803434365184227,1.0,Moderate Erosion,-1.4675913942652459
1381,237.6467451106704,208.496377768544,205.5660540343221,-7.2875918355316,-8.020172769087075,464474.0521510624,1505915.277292969,-0.07735208260043785,1.3440418482734182,1.3101433963585747,1.1568851941507499,Severe Erosion,-3.2007771851125266
1382,499.9999999999991,500.00000024627576,496.2636592151149,6.156916754207488e-08,-0.934085196221048,464474.20813038753,1506030.8089301845,179.92264041018774,1.5321185218946987,1.2659803829445293,1.0,Moderate Erosion,10.118529811735709
1383,500.000000000091,559.6086488483186,49.03600191678612,14.902162212056894,-112.74099952082622,464534.7732304532,1506170.350616991,89.92279385279487,1.5163758690968367,1.2688207231676571,9.129680907518317,Severe Erosion,-115.5284584458654
1384,500.0000000000145,4.45045253091249,0.7141151431602939,-123.8873868672755,-124.82147121421356,464532.81197796675,1506255.8296947102,179.92275837113053,0.9950688011971475,1.1217956842660115,1.0,Severe Erosion,-131.67048611210896
1385,499.99999999998647,558.2997701699877,554.5634339183016,14.57494254250031,13.640858479578782,464649.5238531688,1506339.0729516246,179.923007079621,1.1872952045700793,1.192823777964166,1.0,Accretion / Land Gain,13.199448237822507
1386,350.9784034377836,380.7827214623374,376.8833949064156,7.451079506138456,6.476247867158008,464603.93181821145,1506468.3009402787,89.9229376070628,1.9869560388472447,1.1752635087191543,8.130821713933077,Accretion / Land Gain,19.374794555429602
1387,499.9999999999913,4.455217612547934,0.7188840964074741,-123.88619559686084,-124.82027897589596,464708.0455977019,1506504.4872645894,179.92312585765154,1.0799854974009706,1.118886073052891,1.0,Severe Erosion,-128.8386518157446
1388,499.9999999999839,499.9999976794905,494.2423927319425,-5.80123355575779e-07,-1.4394018170103493,464737.34616025246,1506616.9992105768,99.49216649590112,1.8403907838966684,1.2282459469503888,8.050082917859775,Moderate Erosion,6.756182210209989
1389,4.458379190052761,4.458377402901432,1.5280418940575204,-4.467878322866881e-07,-0.7325843239988101,464708.2859282533,1506683.601254765,-0.07688309361289823,1.4511183770234772,1.1564758163807516,1.0,Moderate Erosion,7.655919746383394
1390,150.2059644508509,150.20596280514408,147.27562721146785,-4.114267042609754e-07,-0.7325843098457625,464562.5457630731,1506689.153328809,-0.07720060767658468,1.1164228019914828,1.251924215426857,1.0,Moderate Erosion,-3.5005255183857353
1391,150.207215830791,121.0578219792831,117.32149252895393,-7.287348462876974,-8.221430825459272,464475.21650680265,1506777.4903694994,179.9226036278513,1.285887790322704,1.1139445137273687,1.0,Severe Erosion,-5.376515429532896
1392,23.13082663851494,23.13082663851494,19.23150018516008,0.0,-0.9748316133387158,464566.9567769549,1506766.3942358945,89.9228591531978,1.8442591309313354,1.3370748223811233,7.97716823266863,Moderate Erosion,7.167151502303974
1393,33.60990298756299,33.60990421248609,30.679566897924357,3.062307758483485e-07,-0.7325840224096591,464679.28970630694,1506797.7510737,-0.07695107542741653,1.1425936191617179,1.1278681198916645,1.0,Moderate Erosion,-2.6282227273470946
1394,500.000000000064,470.1956790356508,466.2963527957288,-7.451080241103298,-8.425911801083814,464788.05076692527,1506706.4885851732,89.92327492799815,1.569462587344192,1.217049810436024,8.19009626907785,Severe Erosion,-9.443813601595622
1395,500.0000000000488,500.0000560708405,497.23271582944295,1.4017697935742037e-05,-0.6918210426514548,464751.3110008745,1506795.9509065817,-90.07676130405348,0.7127482218869603,1.2629221644586752,8.468257472141929,Moderate Erosion,-3.6002256123946736
1396,150.20847711421757,150.20847866341586,147.27814011590064,3.872995719689243e-07,-0.732584249579233,464650.2456013151,1506876.085362817,-0.07701906388548044,1.0472487960573607,1.1539786728003754,1.0,Moderate Erosion,-5.806367903043567
1397,266.8059569339653,266.80595706848345,263.87561795417497,3.3629532936174655e-08,-0.7325847449475873,464533.69684702763,1506912.0566984871,-0.07727460259818578,1.1020688899062456,1.267851452084924,1.0,Moderate Erosion,-3.978972470277623
1398,4.460978109452972,295.95454857308783,293.024210772468,72.87339261590871,72.14080816575375,464416.98708524625,1506828.8114828805,-0.07752564226804669,1.0158677290658904,1.101262380232404,1.0,Accretion / Land Gain,66.02110683194248
1399,91.90685809307143,91.90685809353708,88.9765225635868,1.1641176911325599e-10,-0.7325838823711592,464416.7953630523,1506687.11044998,-0.07751812171595436,1.204571341822423,1.315659696447045,1.0,Moderate Erosion,-0.562166541075029
1400,23.13059949575271,23.13058255358249,20.36324264182461,-4.235542554908989e-06,-0.6918392134820248,464286.2365133811,1506617.7521592644,-90.07773660792864,0.6845043835005552,1.2005653868875825,8.42397270471792,Moderate Erosion,-4.541705368775234
1401,52.93513400807734,589.4129882208507,19.231489144594704,134.11946355319333,-8.42591121587066,464366.1360052541,1506528.230713471,89.92236316361777,1.6350675195536868,1.151642741221254,7.522317995136759,Severe Erosion,-7.2569816569169205
1402,295.95148450954366,266.8016932365901,263.87136154016326,-7.287447818238391,-8.0200307423451,464299.85785333073,1506437.0643179223,-0.07775855593465955,0.9660727961070359,1.175336756394498,1.0,Severe Erosion,-15.799508973363235
1403,52.93499046073433,23.130651340478007,20.363311525876263,-7.451084780064082,-8.142919733714518,464217.153727373,1506379.411160383,-90.0779150201049,0.8496324046833736,1.2639288201306123,7.225820619090377,Severe Erosion,-6.488518572642232
1404,354.25166968288306,4.455749491894682,0.719416436770552,-87.4489800477471,-88.38306331152813,464183.4062253459,1506545.483741855,179.92198218011686,1.3255740112058993,1.1526146116332256,1.0,Severe Erosion,-84.2154185034835
1405,325.10275786192057,295.9532198790202,292.21688842296123,-7.287384495725092,-8.221467359739833,464212.7090054263,1506657.9951935443,179.92203508745152,0.9014839512163092,1.1395181725762964,1.0,Severe Erosion,-18.19014557259711
1406,208.5063838445512,179.3570180347768,176.42668043975144,-7.287341452443606,-8.019925851199943,464242.084388676,1506824.0793046423,-0.07790443130083584,1.2555646101134805,1.1818707762201992,1.0,Severe Erosion,-6.149643001962082
1407,231.7609109027727,231.76090613369823,228.9935663954614,-1.1922686198317931e-06,-0.6918361268278304,464275.53910396877,1506826.3972054895,-90.0778106862009,0.9841507177323466,1.1054383845097382,7.463942664511029,Moderate Erosion,5.446508835538631
1408,91.91124476817804,529.1492045937226,525.4128777742436,109.30948995638614,108.3754082515164,464271.4236120159,1506963.80216884,179.92214926310697,1.0190973477026384,1.3453306580467792,1.0,Accretion / Land Gain,102.32720315806037
1409,82.73927469511284,52.93495386816444,49.03562751640816,-7.4510802067371,-8.425911794676171,464370.5253309069,1507064.7032924204,89.92227251678561,1.8508854899527278,1.1544354794874943,7.404847957145199,Severe Erosion,-0.06304986048765393
1410,325.1050457808806,4.464219909396948,1.5338796027587875,-80.1602064678709,-80.89279154453044,464446.36810073437,1507000.1392177902,-0.0774703970595012,1.262312006169097,1.266238792617107,1.0,Severe Erosion,-78.79769649770022
1411,211.04279309658017,4.13307088803791,1.3718543056321186,-51.727430552135566,-52.41773469773701,464591.6183738907,1507004.7958748841,45.14112316639925,1.3777867351239876,1.2164698551680355,5.826297833860467,Severe Erosion,-55.94279397652905
1412,500.0000000000256,908.0882248406846,496.2636739561808,102.02205621016476,-0.9340815109611924,464679.55801343743,1506997.510795983,179.92303922289378,1.1921719257719374,1.120945139967798,1.0,Moderate Erosion,-1.2129268992497224
1413,500.0000000000014,733.1925381008485,496.26367508956105,58.29813452521178,-0.9340812276100934,464563.07390196767,1507081.07114264,179.92277917521193,1.2842881397725123,1.1992797878731867,1.0,Moderate Erosion,1.8575533349985185
1414,499.9999999999605,798.0433898690336,556.8413396521797,74.51084746726828,14.210334913054808,464435.95707983966,1507154.027810967,-90.07741438812313,0.8114011738254833,1.2625149933751405,7.971544581395435,Accretion / Land Gain,14.590361870116865
1415,500.0000000000811,499.9999735220902,497.2326334740589,-6.619497725068868e-06,-0.6918416315055538,464295.48508960876,1507094.6094278803,-90.07788777936429,0.8808137684595899,1.1847026729992196,8.034230489725116,Moderate Erosion,2.001938330726292
1416,499.9999999999841,499.9999999999841,497.06965864910205,0.0,-0.7325853377205078,464125.8147960085,1507064.4694506226,-0.07817134586963144,1.0613532222609494,1.295195950977579,1.0,Moderate Erosion,-5.335953303117339
1417,201.95647941142704,201.95650087959663,199.18916069574888,5.367042398063404e-06,-0.6918296789195395,463984.77642633126,1507005.6201090098,-90.0784866487739,0.8254044989033984,1.281433973871536,8.309131629457752,Moderate Erosion,0.15497444126085047
1418,500.0000000000266,500.0000002622525,497.0696606811396,6.555647757977567e-08,-0.7325848297217448,463834.17484410794,1506956.360490095,-0.0788019383403142,0.987392684325297,1.2731956642690112,1.0,Moderate Erosion,-7.8011573142466455
1419,499.9999999999953,470.85065494216497,467.92031707668747,-7.287336264457579,-8.019920730826954,463921.46800693934,1506843.6883040266,-0.0786053000768471,1.182767322451497,1.1628350109516068,1.0,Severe Erosion,-8.576051037570455
1420,500.0000000000201,441.7010635534008,438.7707273957638,-14.574734111654834,-15.30731815106408,464008.76192449854,1506731.0168066397,-0.07840868515969203,1.0638664580638602,1.113137312366427,1.0,Severe Erosion,-19.826856358388028
1421,499.9999999999915,470.850377124961,467.9200430959009,-7.287405718757611,-8.019989226022645,464066.86720937263,1506589.2363433172,-0.07827332522464936,1.0891240578848471,1.1503222000790878,1.0,Severe Erosion,-11.697638938971478
1422,500.0000000000088,470.8501871755834,467.91985577963766,-7.287453206106349,-8.020036055092788,464095.78359945834,1506418.3464208213,-0.07820375928288577,1.3848680112163172,1.2149526129584645,1.0,Severe Erosion,-1.8395701790406012
1423,499.9999999999824,499.9999998920652,497.0696710661301,-2.6979293465956292e-08,-0.732582233463063,464124.7003929837,1506247.45666452,-0.07813344295355279,1.363151043924021,1.2427422066826992,1.0,Moderate Erosion,4.723968369508282
1424,499.9999999999762,470.8498460697135,467.9195194150994,-7.287538482565665,-8.020120146219185,464182.80743293173,1506105.6775327474,-0.07799360403865464,1.2908262202298462,1.0251953385767978,1.0,Severe Erosion,-4.9744295416833
1425,499.9999999999769,470.8496548933351,467.9193308560567,-7.287586276660448,-8.020167285980065,464211.725188914,1505934.7883090759,-0.07792332106023273,1.0356090780601812,1.198064666243711,1.0,Severe Erosion,-13.48173110934296
1426,500.0000000000209,470.8494652380913,467.9191438178513,-7.287633690482409,-8.020214045542417,464240.64334687736,1505763.8992853293,-0.07785229102929123,1.1519952211895526,1.211135374152503,1.0,Severe Erosion,-9.602256294016426
1427,499.9999999999831,499.9999983957204,497.0696795145791,-4.01065676669532e-07,-0.7325801213510061,464269.5619082587,1505593.0104614813,-0.077781277673764,1.3814216394069398,1.176041068240161,1.0,Moderate Erosion,5.332908378544911
1428,500.0000000000158,470.84912415482825,467.918807444149,-7.287718961296889,-8.020298138966695,464327.6712583587,1505451.2331622315,-0.0776422992045711,1.2207154917079064,1.3013306350299694,1.0,Severe Erosion,-7.3117135707671705
1429,500.00000000002393,470.8489356831674,467.91862159610713,-7.287766079214137,-8.0203446009792,464356.59078062314,1505280.3448707587,-0.07757131919995336,1.5473578811926336,1.2314943620217018,1.0,Severe Erosion,3.5763030989292712
1430,499.9999999999951,470.8487468970339,467.9184354184515,-7.287813275740305,-8.0203911453859,464385.51070672926,1505109.4567791075,-0.07749959547789288,1.2584566268301174,1.3022724497343157,1.0,Severe Erosion,-6.0538019484140415
1431,499.9999999999725,470.84855838901103,467.91824951115154,-7.287860402740364,-8.020437622205236,464414.4310353051,1504938.568921024,-0.07742638432082039,1.2282668295042953,1.1798673309529004,1.0,Severe Erosion,-7.060192039755078
1432,500.0000000000125,470.8483740494194,467.9180677644836,-7.287906487648271,-8.020483058882235,464443.3517644806,1504767.6813302357,-0.07735319317420268,1.153092503370546,1.2718114049479714,1.0,Severe Erosion,-9.566065379894741
1433,500.00000000006014,440.3914334447995,436.4921079523209,-14.902141638815166,-15.876973011934822,464466.2764162272,1504590.8136480206,89.92268303554286,1.6200307715221114,1.3272569927186488,7.872729315448208,Severe Erosion,-15.209268488023412
1434,499.9999999999986,470.8479948967206,467.9176938267231,-7.288001275819496,-8.020576543318867,464501.1944412797,1504425.9067816292,-0.07721134655797424,1.1765904878191331,1.3010327177748378,1.0,Severe Erosion,-8.782925725221586
1435,500.00000000000347,470.8478045465818,467.9175060761535,-7.288048863355414,-8.020623480962499,464530.1163831211,1504255.0198237675,-0.07713894915513864,1.3056777702082647,1.1083409700804607,1.0,Severe Erosion,-4.480080097519546
1436,499.99999999997226,470.8476169494173,467.917321093176,-7.288095762638747,-8.020669726699069,464559.0387278245,1504084.133099331,-0.07706730881021696,1.3429673163676694,1.175015329302064,1.0,Severe Erosion,-3.237158142726148
1437,500.0000000000166,470.8474275293357,467.9171342868818,-7.288143117670231,-8.020716428283691,464587.9614771507,1503913.246574551,-0.07699643219330074,1.0815640445839731,1.1672754486501529,1.0,Severe Erosion,-11.95066373082344
1438,499.9999999999712,470.8472371756206,467.9169465467152,-7.288190706087647,-8.020763363314003,464616.88463014655,1503742.360249406,-0.07692482186412761,0.999778020560457,1.233590319885406,1.0,Severe Erosion,-14.676928131102894
1439,500.0000000000215,499.9999962638428,497.06970816407096,-9.340446780470302e-07,-0.7325729589876318,464645.80818578,1503571.4741576065,-0.07685173077006015,0.924032667900268,1.2489017280654338,1.0,Moderate Erosion,-9.913599824504114
1440,499.99999999999375,499.9999996406776,497.0697141538009,-8.982904375898215e-08,-0.7325714615482042,464674.73214152834,1503400.5883328507,-0.07677865301635496,1.2756626830811502,1.126407704414942,1.0,Moderate Erosion,1.8073851730145143
1441,499.9999999999813,500.00000078648407,497.0697179123356,1.9662569172851366e-07,-0.7325705219114269,464703.65650207753,1503229.7027413747,-0.07670633899066372,1.0339594979648723,1.1984540968231527,1.0,Moderate Erosion,-6.2494035527807945
1442,499.9999999999779,500.000003574339,497.0697232976765,8.935902826578968e-07,-0.7325691755753496,464732.58126534394,1503058.8173831499,-0.0766347853312467,0.8765313994864132,1.030922985208409,1.0,Moderate Erosion,-11.497022140337764
1443,499.9999999999988,499.9999999999988,497.0697223060898,0.0,-0.7325694234772442,464761.50643395085,1502887.932224435,-0.07656249801292403,1.2577522837691641,1.307345224201806,1.0,Moderate Erosion,1.2103235991775763
1444,499.9999999999397,499.9999999999397,496.1006752140722,0.0,-0.974831196466866,464786.0874499493,1502712.714382803,89.9235060473988,1.9739495711318797,1.150440417410034,8.339826682757874,Moderate Erosion,11.490166390697087
1445,499.99999999999824,500.0000021604356,497.0697297338008,5.40109340363415e-07,-0.7325675665493634,464819.35797394055,1502546.1624717747,-0.0764261509071136,1.198555808240056,1.1953506859721976,1.0,Moderate Erosion,-0.76292212424883
1446,500.00000000000085,470.1957742370598,466.2964496220631,-7.4510564407352575,-8.42588759448445,464857.8037283041,1502384.771893064,89.92368072430607,1.725773261310934,1.1655618776300773,8.967504014589142,Severe Erosion,-4.233433722226241
1447,500.0000000000599,500.0000000000599,496.1006753347903,0.0,-0.9748311663174009,464878.74028104567,1502205.9185064805,89.92375296162471,1.612274049596759,1.2813908007653558,8.598176214389667,Moderate Erosion,-0.5656843735795758
1448,500.00000000000034,500.00000000000034,497.0697353765886,0.0,-0.7325661558529362,464906.13830762345,1502033.5092206749,-0.07621018933872145,1.1846345046872016,0.9620872009465823,1.0,Moderate Erosion,-1.2270144218086494
1449,500.0000000000168,500.0000034810709,497.06974143867046,8.702635199142605e-07,-0.7325646403365909,464935.0658881192,1501862.625292297,-0.07613798539751994,1.3373299291921954,1.1871259713479898,1.0,Moderate Erosion,3.8628177746022523
1450,500.0000000000129,500.0000019225555,497.0697424682172,4.806356486142249e-07,-0.7325643829489366,464963.9938735347,1501691.741563277,-0.07606653512579284,1.1559277739322895,1.179338973499256,1.0,Moderate Erosion,-2.1839371038921933
1451,499.99999999997686,500.0000015087791,497.0697446494818,3.772005641167198e-07,-0.732563837623772,464992.9222610662,1501520.8580672813,-0.07599436114698502,1.2395783065403547,1.1508458790155984,1.0,Moderate Erosion,0.6043977327357428
1452,500.000000000016,500.000001095776,497.06974683128783,2.73940003125972e-07,-0.7325632921820358,465021.8510508344,1501349.9748042775,-0.0759222005618722,1.247724634134449,1.324549918969876,1.0,Moderate Erosion,0.8759257387980324
1453,499.9999999999994,499.9999972683695,497.0697455984442,-6.829074692404902e-07,-0.7325636003887865,465050.7802461912,1501179.0917742325,-0.07584857586052372,1.0992569091555184,1.1147631833556326,1.0,Moderate Erosion,-4.07301586860403
1454,500.00000000001495,499.9999991644432,497.0697500814428,-2.0889294205517217e-07,-0.7325624796430361,465079.7098388576,1501008.2090444532,-0.07577349040467027,1.3482773538273654,1.246773770060341,1.0,Moderate Erosion,4.227649268039578
1455,499.9999999999082,529.8041865633722,525.904862939499,7.451046640866011,6.476215734897707,465105.9286523774,1500834.6225937626,89.9242640523232,1.5737556870426705,1.2127818846853684,8.448379820385387,Accretion / Land Gain,5.6014169514206635
1456,500.00000000000375,470.8438541087874,467.91361029643525,-7.289036472804085,-8.021597425892125,465137.5702294348,1500666.44438453,-0.07562928257386503,1.0861102342326634,1.2844612721879312,1.0,Severe Erosion,-11.800323223356349
1457,499.99999999999017,499.99999999999017,497.0697586908319,0.0,-0.732560327289562,465166.50102895754,1500495.5623869998,-0.0755571986689806,1.2799489879323038,1.129393834139176,1.0,Moderate Erosion,1.9499888905624556
1458,499.9999999999946,499.9999999999946,497.0697612766791,0.0,-0.7325596808288708,465195.43223037943,1500324.6806222734,-0.0754843943920738,1.0647028223973827,1.123343686599389,1.0,Moderate Erosion,-5.224899589784057
1459,499.9999999999946,499.9999999999946,497.06976442589104,0.0,-0.7325588935258907,465195.16874021536,1500124.680795841,-0.0754843943920738,1.2037001932714075,1.2687232898842553,1.0,Moderate Erosion,-0.5916531066802494
1460,499.9999999999959,499.9999999999959,497.0697669964716,0.0,-0.7325582508810697,465224.1005989194,1499953.7992971942,-0.07541013603078865,1.1981056885901191,1.2142389601575805,1.0,Moderate Erosion,-0.7781532341020875
1461,500.00000000000193,499.99999874702274,497.0697683138974,-3.1324479721206444e-07,-0.7325579215261371,465253.0328554422,1499782.918098563,-0.0753351606325489,1.3623583963880561,1.0557770217083715,1.0,Moderate Erosion,4.696919907631753
1462,499.9999999999961,500.0000015167147,497.0697736610389,3.791796530094871e-07,-0.7325565847392994,465281.96550941246,1499612.0371998975,-0.07526094229219346,1.2706793145866269,1.1353696194825222,1.0,Moderate Erosion,1.6409345796604646
1463,499.9999999999217,529.8041513080971,525.9048282787816,7.451037827043834,6.47620706971496,465303.28757460247,1499433.5655305383,89.92477579668669,1.5962456114417312,1.2085107225051301,8.540808851459786,Accretion / Land Gain,6.35107227598924
1464,500.0000000000129,500.0000030505043,497.06978090455954,7.626228466506291e-07,-0.7325547738633418,465310.63611190673,1499241.156739724,-0.0751874710045446,1.322140037460585,1.2436156690071543,1.0,Moderate Erosion,3.3562767221380936
1465,499.9999999999747,500.0000009048717,497.069781321018,2.262242446704477e-07,-0.7325546697391871,465339.5698248798,1499070.276373262,-0.07511401972736464,1.4080067377193484,1.1213454270518972,1.0,Moderate Erosion,6.21848307534738
1466,500.0000000000136,499.99999955827553,497.0697825434337,-1.104345130897855e-07,-0.7325543641449741,465368.50393959566,1498899.3962730106,-0.07503985141322085,1.2831476691115993,0.9416162747238479,1.0,Moderate Erosion,2.056497167614337
1467,500.0000000000019,499.9999969571938,497.0697825111769,-7.607020222621941e-07,-0.7325543722062378,465397.43845179136,1498728.5164725434,-0.07496423901989303,1.2010295440089624,1.2156710778915842,1.0,Moderate Erosion,-0.6807912729893347
1468,499.9999999999821,529.1584952819587,526.2282838701935,7.289623820494157,6.5570709675528605,465397.17677730037,1498528.5166437272,-0.07496424238163263,1.002701216156462,1.0750625008870165,1.0,Accretion / Land Gain,-0.002110194197937787
1469,500.000000000001,499.99999647185695,497.0697877466134,-8.820360193340093e-07,-0.7325530633469128,465426.11194574327,1498357.6371762585,-0.07488865330714338,1.03971012925852,1.0103221517035228,1.0,Moderate Erosion,-6.058121378723776
1470,499.99999999997465,499.9999991898978,497.0697930324331,-2.025192173960022e-07,-0.7325517418853877,465455.0475128735,1498186.7580084696,-0.07481308093475246,1.1536940006608642,0.9441280982225122,1.0,Moderate Erosion,-2.258675263658726
1471,500.0000000000539,589.4123505976153,585.5130281256852,22.353087649390343,21.378257031407827,465470.81661815324,1498002.74663379,89.9252250554323,1.5085728290351468,1.234743070066088,7.68793563462568,Accretion / Land Gain,18.330696020611413
1472,500.0000000000156,529.1592803640506,526.229079799886,7.28982009100875,6.557269949967605,465483.7225890922,1497815.8793440561,-0.07473753521625032,1.1714325382744077,1.1787884900738699,1.0,Accretion / Land Gain,5.622413435040375
1473,500.00000000001006,529.1594594897193,497.0697945345289,7.289864872427316,-0.7325513663702878,465512.6592106684,1497645.0008087237,-0.07466200622652665,1.2079762497481634,1.1494006783965365,1.0,Moderate Erosion,-0.449301741884752
1474,500.0000000000262,500.00000318101945,497.0698078614464,7.952483116469011e-07,-0.7325480346449496,465541.59622402285,1497474.1226065003,-0.07458722759787863,1.2789331962199761,1.2775133610876421,1.0,Moderate Erosion,1.9159157371387043
1475,499.99999999993327,619.2163986482832,615.3170764546802,29.80409966208748,28.82926911368673,465554.5858282883,1497287.338294574,89.92544942466898,1.5894248446913588,1.2161987075965544,8.412093105592277,Accretion / Land Gain,28.476775223391275
1476,499.99999999999415,529.1600278281359,526.229837609731,7.2900069570354304,6.557459402434219,465599.47146537795,1497132.3668318437,-0.07444935971267623,1.2724554921389943,1.2935245561892328,1.0,Accretion / Land Gain,8.989967621565228
1477,500.00000000002007,499.9999993239374,497.0698117891896,-1.6902066590773757e-07,-0.7325470527076163,465628.4096877803,1496961.4891922355,-0.07437826298633937,1.2091519041349483,1.0516927906664326,1.0,Moderate Erosion,-0.41017497865701513
1478,499.9999999999725,499.9999981179428,497.0698131559472,-4.705074161392986e-07,-0.7325467110063357,465657.34831291204,1496790.6117848766,-0.07430499847365625,0.9031612684427077,1.1592230991198447,1.0,Moderate Erosion,-10.609879542775692
1479,499.99999999997925,500.0000047546177,497.0698223508813,1.1886596098520386e-06,-0.7325444122744784,465686.28733227303,1496619.7346768635,-0.07423175397142318,1.0585814556656348,1.0315101271625902,1.0,Moderate Erosion,-5.42922138136825
1480,499.99999999997374,499.9999984006587,497.0698185336005,-3.998287638751208e-07,-0.7325453665932997,465715.2267554297,1496448.8578010306,-0.0741599768939969,1.1778691324783168,1.1413412690952192,1.0,Moderate Erosion,-1.452983145201377
1481,500.00000000000966,470.8390402922271,467.9088631071926,-7.290239926945645,-8.022784223204269,465744.1665790465,1496277.9811573555,-0.07408821649196135,1.018028555392089,1.138631940589174,1.0,Severe Erosion,-14.071257937409808
1482,500.0000000000127,470.83884960343545,467.908674954525,-7.290287599144307,-8.02283126137192,465773.1068021694,1496107.1047458074,-0.07401935758884397,1.2894725570431158,1.2074644333952946,1.0,Severe Erosion,-5.023187611390897
1483,499.9999999999986,470.8386873729887,467.9085149478569,-7.290328156752466,-8.022871263035427,465772.9237868252,1495965.4272961796,-0.07400778494421975,1.4290959531874732,1.1599857443325172,1.0,Severe Erosion,-0.36911710131693987
1484,499.9999999999986,499.9999975095236,497.06982808465,-6.226187423408192e-07,-0.7325429788371451,465772.6654509861,1495765.4274630232,-0.07400778494421975,1.382297606090516,1.2047914048728579,1.0,Moderate Erosion,5.361266279649438
1485,499.9999999999893,499.9999917300125,497.06982484755497,-2.067494207835807e-06,-0.7325437881085861,465801.6065023406,1495594.551584834,-0.07392666637507089,1.1674674640103617,1.2099630483316564,1.0,Moderate Erosion,-1.799758142759626
1486,499.9999999999893,499.99999172995433,497.0698279855325,-2.067508745540181e-06,-0.7325430036141967,465801.3484496673,1495394.551751312,-0.07392666637507089,1.4230928151773856,1.3246224466519194,1.0,Moderate Erosion,6.721087680635564
1487,499.9999999999976,500.0000019956488,497.06984080008,4.989127972976348e-07,-0.7325397999793921,465830.2901413323,1495223.6763395206,-0.0738491863522463,1.221784554142361,1.12574127202852,1.0,Moderate Erosion,0.010797486031165704
1488,499.9999999999806,500.0000051658567,497.0698465189286,1.2914690188381428e-06,-0.7325383702630006,465859.232237697,1495052.8011932103,-0.07378038748051184,1.1489220202006731,1.0744053728294547,1.0,Moderate Erosion,-2.4179682258531976
1489,500.0000000000263,500.0000010714557,497.06984464661895,2.678573451930788e-07,-0.732538838351843,465859.0498157845,1494911.1260383772,-0.07376884482476523,1.1074745969201103,1.1683033651609762,1.0,Moderate Erosion,-3.7995521560565417
1490,500.0000000000263,529.1626931378013,526.2325397112438,7.290673284443741,6.558134927804375,465858.79231401294,1494711.1262041451,-0.07376884482476523,1.154114543478032,1.0829061003134681,1.0,Accretion / Land Gain,5.045786495363733
1491,500.0000000000086,529.1628685391961,526.2327176534669,7.290717134796878,6.558179413364584,465887.73524732277,1494540.251523785,-0.07369213522685067,1.141259009203644,1.264324113699276,1.0,Accretion / Land Gain,4.617295320658441
1492,500.0000000000082,500.0000030798363,497.0698548724881,7.699570261365807e-07,-0.7325362818800158,465916.67856617505,1494369.3772093314,-0.07361617268162271,1.2250484956593224,1.1217742717033876,1.0,Moderate Erosion,0.11954482999742266
1493,500.000000000008,529.1632930994208,526.2331478679996,7.290823274853196,6.558286966997898,465916.42159733106,1494169.3773744141,-0.0736161726549423,1.223572159460665,1.097604405478453,1.0,Accretion / Land Gain,7.3611568722472205
1494,499.9999999999824,499.9999991312905,497.0698565776176,-2.171729676092582e-07,-0.7325358555911947,465945.36557796807,1493998.5033584477,-0.07354095046561075,1.1999434904757142,1.1037790433780272,1.0,Moderate Erosion,-0.7173057548241224
1495,500.00000000001967,500.0000013297165,497.0698612800618,3.324242072721973e-07,-0.7325346799894561,465974.30995418096,1493827.6296747497,-0.07346143272420809,1.2650278680527582,1.1975775065292233,1.0,Moderate Erosion,1.452156168742293
1496,500.00000000001967,499.9999837611168,497.06984684565583,-4.059725711158535e-06,-0.732538288590959,465974.0535254775,1493627.6298391388,-0.07346143272420809,1.378084083808757,1.1258512878468874,1.0,Moderate Erosion,5.220693085340748
1497,500.0000000000167,500.0000154925804,497.0698810662248,3.873140926202723e-06,-0.7325297334479757,466002.99853319273,1493456.756654752,-0.07338050758930356,1.3419208278705612,1.0857275276836622,1.0,Moderate Erosion,4.015240943758643
1498,500.0000000000167,499.9999979388237,497.0698666458469,-5.152982538447759e-07,-0.7325333385424528,466002.7423869696,1493256.7568187793,-0.07338050758930356,0.976753012286877,1.26862114224543,1.0,Moderate Erosion,-8.15702318079197
1499,500.0000000000207,500.000009707844,497.0698808750638,2.426955830969746e-06,-0.7325297812392222,466031.6880544719,1493085.884033113,-0.07330176691624728,0.816400087032219,1.0654597278391085,1.0,Moderate Erosion,-13.502135455748997
1500,500.0000000000207,500.00000970790217,497.06988400745337,2.4269703686741195e-06,-0.7325289981418308,466031.43218310585,1492885.8841967885,-0.07330176691624728,1.3396362439534033,1.1350964717940948,1.0,Moderate Erosion,3.9390705580545378
1501,499.9999999999951,500.0000001934775,497.0698769601136,4.8370594640800846e-08,-0.7325307599703876,466060.3785005384,1492715.0118097682,-0.07322520403492086,0.9944569870145077,1.1829669989329332,1.0,Moderate Erosion,-7.566924252047493
1502,499.9999999999724,470.8349485596557,467.9048280011276,-7.291262860079172,-8.023792999711205,466089.32521701406,1492544.1397212483,-0.073149381536162,1.1657745108333868,0.9987938256483093,1.0,Severe Erosion,-9.147620009174622
1503,500.0000000000096,499.99999652151695,497.06987892162834,-8.696231645899388e-07,-0.7325302695953155,466089.06987757084,1492344.1398842437,-0.07314938487121259,1.0239723671851024,1.1659703781609936,1.0,Moderate Erosion,-6.583095399892113
1504,500.00000000001353,470.83452342356105,467.9044084978239,-7.291369144113119,-8.02389787554742,466118.01725271845,1492173.2681607464,-0.07306856979371922,0.929192819652219,1.0416307873300836,1.0,Severe Erosion,-17.03380006344752
1505,500.00000000001353,499.9999950043953,497.0698830293232,-1.248904553108332e-06,-0.7325292426725838,466117.76219536277,1491973.2683233821,-0.07306856979371922,1.28070929451994,1.190078143712338,1.0,Moderate Erosion,1.9747843983513564
1506,500.0000000000161,470.8341357145518,467.9040264130245,-7.291466071366074,-8.023993396747898,466146.7101961731,1491802.3971320973,-0.07298492658887361,1.3133637432738732,1.0457055601798622,1.0,Severe Erosion,-4.228217595234663
1507,500.0000000000161,499.99998725380857,497.06988090242254,-3.1865518792528742e-06,-0.7325297743983867,466146.45543078653,1491602.397294361,-0.07298492658887361,1.1130139091194684,1.1763231133091876,1.0,Moderate Erosion,-3.6150817780319837
1508,500.0000000001139,440.3920871346676,436.4927676907415,-14.901978216361584,-15.876808077343114,466158.9977584382,1491415.1619977846,89.92705652148723,1.2113433320196156,1.2076525988093874,8.831104550906419,Severe Erosion,-28.832019538067662
1509,499.9999999999824,500.00000029882096,497.06989957661256,7.470964646927315e-08,-0.7325251058424556,466175.1495906616,1491231.5267635759,-0.07290346451081632,1.117554370702734,1.1864038218501172,1.0,Moderate Erosion,-3.4637473471048694
1510,499.9999999998936,410.588157791331,406.688838724898,-22.352960552140644,-23.327790318748896,466200.8952177217,1491057.460970358,89.92713653615088,1.6587702773625095,1.135972575575808,7.798533426892312,Severe Erosion,-21.368770291736162
1511,499.9999999999906,500.0000102659095,497.06991515744176,2.56647972207702e-06,-0.7325212106372163,466203.8446714984,1490860.6566640437,-0.07282703169734767,0.9776548362257562,1.0955145459908406,1.0,Moderate Erosion,-8.12707905450786
1512,500.0000000000076,470.8328954600207,467.90280302299175,-7.291776134996724,-8.024299244253967,466232.7946451928,1490689.7866673174,-0.07274848112345111,1.2269961078947638,1.0662871523959156,1.0,Severe Erosion,-7.107499645358189
1513,500.0000000000076,499.9999972337445,497.0699077517463,-6.915657735362402e-07,-0.7325230620653258,466232.54070515727,1490489.7868285314,-0.07274848112345111,1.1971956425519412,1.2281747227610444,1.0,Moderate Erosion,-0.8090723079303036
1514,500.0000000000017,470.8324932980111,467.9024064867744,-7.291876675497647,-8.024398378306827,466261.49130496895,1490318.9173634956,-0.07266567835330993,1.286386422939976,1.0528888548681035,1.0,Severe Erosion,-5.127940880301385
1515,499.9999999999804,499.9999968254485,497.0699129826303,-7.936329780022788e-07,-0.732521754337526,466261.2376539617,1490118.9175243427,-0.07266568168836901,1.2174297532386524,1.0239448074968098,1.0,Moderate Erosion,-0.13461991226675973
1516,500.00000000002416,499.9999972168808,497.0699154363823,-6.957858431633213e-07,-0.7325211409104639,466319.39369904046,1489977.17939422,-0.07252437870143465,1.0535333433244505,1.158756384179009,1.0,Moderate Erosion,-5.597865845318242
1517,500.0000000000029,500.0000021855277,497.0699235303173,5.463812016159864e-07,-0.7325191174214041,466319.1405412632,1489777.1795544422,-0.07252438203649372,1.3789794096830743,1.0398708534127292,1.0,Moderate Erosion,5.250338390901053
1518,500.0000000000292,500.000001868322,497.0699257517039,4.670731925671135e-07,-0.7325185620813244,466348.0925881335,1489606.310916188,-0.07245019371633296,1.1757147664111218,1.0258656994184285,1.0,Moderate Erosion,-1.5251664272161745
1519,500.0000000000218,500.0000001821537,497.0699266122388,4.5532971171269316e-08,-0.732518346945767,466377.0450317236,1489435.442542424,-0.07237815984245295,1.195399024329585,0.9846803374179265,1.0,Moderate Erosion,-0.8690410444954263
1520,499.99999999998073,470.8313335861643,467.9012626848936,-7.292166603454106,-8.024684328771784,466405.9978871918,1489264.5743997088,-0.07229904230983085,1.0595050637392311,1.0598228319886183,1.0,Severe Erosion,-12.691024124137764
1521,500.0000000000175,499.9999851243974,497.0699172036527,-3.7189050203778606e-06,-0.7325206990911965,466405.7455159868,1489064.574558937,-0.0722990456448815,1.133002919898201,1.0898195394301768,1.0,Moderate Erosion,-2.948931955048748
1522,499.99999999998073,499.9999978694621,497.0699329599765,-5.326296559360344e-07,-0.7325167600010616,466405.49314478174,1488864.574718165,-0.07229904230983085,1.0667748504961754,1.1138505582223983,1.0,Moderate Erosion,-5.156530330135566
1523,500.0000000000187,499.9999965320034,497.0699342030695,-8.670038198488328e-07,-0.7325164492373091,466434.4468876586,1488693.707172991,-0.07221711999527708,1.1735539205368903,1.1687589580187863,1.0,Moderate Erosion,-1.597246748854424
1524,500.0000000000188,499.9999992391277,497.0699394764905,-1.9022277797375867e-07,-0.7325151308820921,466463.4010153013,1488522.839992258,-0.07214231135521582,1.4562526238091718,1.1330471224114886,1.0,Moderate Erosion,7.826027269829625
1525,500.00000000003575,559.6077677187805,555.7084497700886,14.901941929686174,13.927112442513206,466485.3075158522,1488344.9427595933,89.92789402074429,1.3942145118025593,1.0737830375862645,7.706823249601839,Accretion / Land Gain,7.067606727856424
1526,499.9999999999189,380.7844895772545,376.8851716629754,-29.803877605666106,-30.77870708423588,466506.2592767729,1488166.092981205,89.92796525753923,1.3579654741863212,1.0713337323584349,7.7039007763371625,Severe Erosion,-38.84651407361959
1527,499.99999999997743,499.9999983230717,497.069946736574,-4.192264384528244e-07,-0.7325133158508663,466521.0591575206,1487981.1065481007,-0.07199700630279661,1.420172915331693,1.1260630777445273,1.0,Moderate Erosion,6.623338321617176
1528,500.0000000000069,470.8297552069188,467.89970628615134,-7.2925611982720255,-8.025073428463884,466550.0147302529,1487810.2401930955,-0.07192367175781512,1.168099326606174,1.1852549011267535,1.0,Severe Erosion,-9.071691814223215
1529,500.0000000000081,587.5111854803246,584.5811386121253,21.877796370079125,21.145284653029307,466549.8369100729,1487668.5810183373,-0.071915897742435,1.0991370216527896,1.092053729406722,1.0,Accretion / Land Gain,17.799920959729725
1530,500.00000000002734,704.1938330193645,701.2637882262708,51.0484582548343,50.31594705656086,466608.0001648592,1487526.8489766954,-0.07178411634249461,1.3554845555681938,1.0429100338320476,1.0,Accretion / Land Gain,55.515470493541244
1531,499.99999999996703,589.411590152888,585.5122726049077,22.35289753823025,21.37806815123517,466702.03561035136,1487539.9658612632,89.92849666534987,1.5091573575543777,1.0011510677354853,7.2751980352733225,Accretion / Land Gain,18.34999045255085
1532,500.0000000001068,470.1961443626925,466.2968266492643,-7.450963909353575,-8.42579333771063,466842.3535625999,1487480.183153407,89.92875031636092,1.8739011477529528,0.9643260989172349,7.619717537052145,Severe Erosion,0.7042552300240512
1533,500.0000000000172,470.82928237786655,467.8992399942839,-7.292679405537669,-8.025190001433344,466928.67751267116,1487366.5408335037,-0.07108802014043944,1.3011925928241503,1.1320284359642336,1.0,Severe Erosion,-4.635560644736999
1534,500.000000000057,470.19615348460377,466.2968361915075,-7.450961628863311,-8.425790952137376,467033.46767313103,1487271.3189833385,89.92913631572735,1.5268129828410546,1.1239433323496404,7.945198050180624,Severe Erosion,-10.865347992865889
1535,500.0000000000269,529.1709591482914,526.2409200715493,7.2927397870661395,6.560230017880613,467103.42403879354,1487141.3493541623,-0.0707006734127878,1.523102648301313,1.1224947798612135,1.0,Accretion / Land Gain,17.34677108420813
1536,499.9999999999519,499.9999999999519,496.1006828944777,0.0,-0.9748292763685528,467224.5831185352,1487062.4562902877,89.92955357123378,1.5091424592046043,1.0651609136450284,8.023956055820681,Moderate Erosion,-4.003403891385245
1537,500.0000000000941,500.0000000000941,497.2326506921997,0.0,-0.691837326973598,467279.9131285148,1487092.1921720714,-90.07029109520629,0.9113146068144268,1.1883298202341337,7.349945476186373,Moderate Erosion,3.0186395330729368
1538,4.096086571758676,4.096087507389342,0.3594619242249384,2.339076665691664e-07,-0.9341561618834344,467249.4265904872,1487261.5353425618,179.9296072622975,1.2453853209543042,1.0388704196862302,1.0,Moderate Erosion,0.5623067401490252
1539,500.0000000000574,499.9999929271228,497.232643317073,-1.768233659049656e-06,-0.6918391707460927,467236.65909322817,1487390.2839338642,-90.07043031377647,0.9952614956164042,1.1554027313137514,7.834027444620178,Moderate Erosion,5.816867276247898
1540,499.9999999999881,499.9999997141299,496.26337779410215,-7.146455516249263e-08,-0.9341555514714912,467162.22728332883,1487515.78940601,179.92940667205625,1.4347195137853614,1.0772231153673233,1.0,Moderate Erosion,6.873400432162772
1541,499.9999999999878,499.9999996672143,496.2633798874416,-8.319337041484688e-08,-0.9341550281365584,467162.4018264964,1487657.4483170258,179.92940181618826,1.2052934905365262,1.0331623142534956,1.0,Moderate Erosion,-0.7741342828077252
1542,500.0000000000038,499.9999876585733,497.2326383985125,-3.085357633381136e-06,-0.6918404003728256,467081.58712753415,1487718.3176140587,-90.07075915028202,0.686987624483227,1.1298786704918407,8.314132140501021,Moderate Erosion,-4.458929752103742
1543,410.5884325430323,410.5884325430323,407.8210835239212,0.0,-0.6918372547777807,467000.94991565513,1487837.6328865793,-90.07089015127593,0.86899612760653,1.11650959739845,7.869348364422263,Moderate Erosion,1.6080234599178014
1544,500.000000000069,500.000000000069,497.2326508858496,0.0,-0.691837278554857,467007.15280987165,1487927.0368407215,-90.07095705249651,0.6983430012809951,1.1132393851709312,8.794146023227894,Moderate Erosion,-4.080414127315388
1545,499.9999999999913,559.6077649848465,556.8404151909242,14.90194124621381,14.210103797733224,466866.83453088294,1487986.8187762343,-90.07117939400133,1.1020083957981586,1.0918127998016862,7.378779715480767,Accretion / Land Gain,24.27704003536634
1546,175.6134525916825,175.6134672477665,172.91907516259113,3.664021001270612e-06,-0.6735943572728402,466696.6756216387,1488016.8347768267,-50.935935107490046,0.9099035774992849,1.0825944202263458,5.650110991437048,Moderate Erosion,0.009082298140846934
1547,295.8088318580892,266.6386654386848,263.7086154932343,-7.292541604851095,-8.025054091213732,466754.2881739082,1487875.6542573057,-0.07148813013027495,1.1447026861339284,1.2752097694311026,1.0,Severe Erosion,-9.851661847774276
1548,261.56897831741946,350.9806559829423,258.80171671998335,22.352919416380715,-0.6918153993590295,466768.1701657344,1487778.3143969101,-90.07142049186159,0.8277023566434824,1.1778521891500315,8.901609028293525,Moderate Erosion,0.23158612996551264
1549,142.35351871814058,470.1961217661233,139.5861700866624,81.96065076199568,-0.6918371578695428,466687.5345662242,1487897.6306333647,-90.07164564815584,0.5979313692967732,1.1421978934717665,7.919058182727411,Moderate Erosion,-7.427468605518025
1550,237.46962979893297,470.8299546463858,233.7330149230237,58.3400812118632,-0.9341537189773136,466579.4098673384,1487989.5265208087,179.92812916219825,1.0547596471941427,1.0942829181099034,1.0,Moderate Erosion,-5.792223911530571
1551,500.0000000000105,470.8301453357669,321.2442556032725,-7.292463666060911,-44.6889360991845,466550.45433007553,1488160.3930112838,179.92806077687638,1.3805643165816386,1.1677023935745177,1.0,Severe Erosion,-38.68686655946237
1552,354.1516504156925,354.1516522165808,350.4150424471701,4.502220889435194e-07,-0.9341519921305804,466521.49918648496,1488331.2597326217,179.92799026045364,1.1019685808413786,1.130350225286295,1.0,Moderate Erosion,-4.218623386987559
1553,201.9612474985389,261.56898519080084,257.6696672345483,14.901934423065484,13.927104934002344,466588.58849238127,1488285.2052047558,89.92814781849444,1.4429630380658873,1.0905280216031228,8.381264211095305,Accretion / Land Gain,8.692550020592645
1554,172.1573726337279,142.35350518826215,138.45418727567954,-7.450966861366439,-8.42579633951209,466699.0646969115,1488195.6552107467,89.92830890170215,1.6804975997559688,1.0632130089502483,8.315623818097478,Severe Erosion,-5.742532576875659
1555,499.99999999997846,529.16969252428,0.3787601140045402,7.292423131075381,-124.90530997149348,466667.32217613305,1488310.9025318825,179.92830256509592,1.3783561655905412,1.082225616618433,1.0,Severe Erosion,-118.9767891981785
1556,500.0000000000057,500.0000000000057,29.55092096492575,0.0,-117.61226975876998,466667.4994485385,1488452.5632792807,179.92829622515464,1.3083435832519568,0.8365347009368423,1.0,Severe Erosion,-114.01750320544465
1557,82.74555183272193,172.15722850624826,20.370415510500997,22.352919168381582,-15.593784080555237,466598.17032876605,1488523.624429794,-90.07186346732814,0.9494074675015091,1.1077514554664287,7.482744807225279,Severe Erosion,-10.613545651526156
1558,354.15256526772856,470.8305116445436,467.0939043664724,29.16948659420376,28.235334774685956,466492.5404344191,1488498.9426264116,179.92791689922808,1.0869839715592353,1.0515703431543262,1.0,Accretion / Land Gain,24.451359331838653
1559,499.99999999999056,587.508091164849,496.26339410959474,21.87702279121461,-0.9341514725989556,466580.1899859384,1488611.3243346075,179.92810162130638,0.987230345231009,1.2192211744556678,1.0,Moderate Erosion,-8.043204806308175
1560,52.94171910802488,52.94171910802488,49.04240124053029,0.0,-0.974829466873647,466601.05316813773,1488732.2482057598,89.92818941331865,1.825199733625557,1.094597350302473,7.5290271145449665,Moderate Erosion,6.531838792903787
1561,324.98490442475594,324.98489889933114,322.0548352729065,-1.3813561992037648e-06,-0.7325172879623665,466609.56658711063,1488776.5876944237,-0.07184409065320105,1.1510964579331155,0.9983869424363502,1.0,Moderate Erosion,-2.3459164821730454
1562,324.9848704378499,441.66161854376367,321.2482673494626,29.16918702647844,-0.934150772096828,466492.8831810671,1488771.357177147,179.92790485967612,1.16287836642826,1.0894600615383896,1.0,Moderate Erosion,-2.188315854372065
1563,82.74551597886737,142.3532896273176,138.4539713149994,14.901943412112557,13.927113834033005,466494.8706726735,1488911.205081893,89.92789848971927,1.799228804558884,1.0111889511701166,7.784802254101725,Accretion / Land Gain,20.568084543278296
1564,499.9999999999851,529.1691058074482,525.4325038494071,7.292276451865774,6.358125962355501,466580.4852231412,1488846.578272266,179.92809032213688,1.2839365255354067,1.1320921211614319,1.0,Accretion / Land Gain,9.1392760093588
1565,499.9999999999802,354.1550929606764,350.41849272381427,-36.46122675982595,-37.39537681904149,466551.4574548955,1488959.1077084418,179.92802190346438,1.2688856675896145,1.1186419962856753,1.0,Severe Erosion,-35.11593795863345
1566,499.9999999999754,383.3244269939728,379.5878279607837,-29.16889325150065,-30.103043009797915,466434.88665390236,1489042.5786534087,179.92776514751222,1.525254646005812,1.172840978951383,1.0,Severe Erosion,-19.278031285292496
1567,500.00000000000585,499.9999999338238,496.2634025918031,-1.6545513403798395e-08,-0.9341493520506958,466522.5347222757,1489154.961987425,179.9279492292604,1.1039752745816074,1.0340804302609201,1.0,Moderate Erosion,-4.151740503951411
1568,380.7843838658216,23.137474294540365,20.370126431518777,-89.41172739282031,-90.10356435857572,466494.87062909454,1489268.8521371426,-90.0720871161793,0.9391763358042156,1.1012192865827484,7.603382851717546,Severe Erosion,-85.46436371816954
1569,499.99999999997976,62.472236679908825,58.735642898947965,-109.38194083001774,-110.31608927525797,466522.81766924215,1489379.9499732815,179.92793932414423,1.209055047023893,0.9904117830598458,1.0,Severe Erosion,-110.03102365077254
1570,52.9412856904778,82.74521225236514,20.370035125056127,7.450981640471834,-8.142812641355418,466450.2762973307,1489507.3397554772,-90.07219262400932,0.8402891593489347,1.1570058060315642,8.06023464674893,Severe Erosion,-6.7998512470391335
1571,499.99999999998624,33.30864845898342,29.572058935199195,-116.6728378852507,-117.60698526619676,466406.50128066,1489663.423217995,179.92767469078942,1.4297751897390842,1.1439469306949828,1.0,Severe Erosion,-109.96464313413409
1572,62.47869116995553,33.3106084510604,29.574020633053077,-7.292020679723782,-8.226167634225614,466377.47522215894,1489775.9555612968,179.9276026569156,1.2766807921115553,1.1432141256907056,1.0,Severe Erosion,-5.686988852777496
1573,201.96084369196151,261.56868119250345,257.6693624751408,14.901959375135483,13.927129695794813,466428.93203579367,1489924.621791512,89.92766191419003,1.6807440930571622,1.1051414926961445,7.647420141903546,Accretion / Land Gain,16.618610091042978
1574,324.992324486117,324.99232341899534,322.06224271786976,-2.6678041820105136e-07,-0.7325204420618121,466494.3138035422,1489907.885738859,-0.0721475340795138,1.3603724159228257,1.1380296158979302,1.0,Moderate Erosion,4.630016244487199
1575,499.99999999998937,500.0000214316013,168.2576702327051,5.357902978175844e-06,-82.93558244182107,466591.6975309501,1489864.8090596548,89.9280416036398,1.5452567751061501,1.2327718200901017,8.46575838696577,Severe Erosion,-84.76034608953549
1576,380.7843545322663,410.5882640285242,20.37000883309404,7.450977374064465,-90.10358642479306,466637.4090417122,1489775.3398900924,-90.07185997218953,0.6741188644991818,1.0807361101510278,8.370264411084893,Severe Erosion,-94.2996347614881
1577,179.15107943637713,179.15107943637713,175.41449164341034,0.0,-0.9341469482416968,466727.48805586185,1489772.3571414065,179.92836055171313,1.0437787584652964,1.1146058400001548,1.0,Moderate Erosion,-6.158192918346865
1578,179.15172493349374,179.15172493349374,175.41513795531586,0.0,-0.9341467445444708,466756.72219236667,1489825.208582673,179.9284198423371,0.9055462352357329,1.0171450050208521,1.0,Moderate Erosion,-10.76592969142448
1579,33.31356755129788,33.31356735356631,29.576982096239107,-4.943289155789898e-08,-0.9341463637646932,466669.35908788495,1489937.813999929,179.92822790319906,1.5089321331201018,1.0356804361714584,1.0,Moderate Erosion,9.346889285936918
1580,62.481011082020494,62.48100976949493,59.550928914153246,-3.281313905034722e-07,-0.7325205419668119,466756.83741449704,1489917.434957861,-0.07158437317358272,1.0340189920698208,1.1127665419940895,1.0,Moderate Erosion,-6.248562370575227
1581,470.1960939923264,470.1960939618256,20.370079644483138,-7.625189368809515e-09,-112.4565035869608,466844.1455185371,1489804.8854260915,-90.07142173250239,0.7668122672366771,1.1921496224976569,7.752647776491492,Severe Erosion,-113.56277170488967
1582,500.0000000001042,410.5882094660356,406.6888914487829,-22.352947633517147,-23.32777713783034,466896.3971993798,1489715.4086842781,89.92877087364538,1.5584776959160178,1.0824492972981419,7.68203635918644,Severe Erosion,-24.711843637274942
1583,91.64681759041416,62.478738287310414,58.74215050277994,-7.292019825775936,-8.226166771908554,467048.3260698807,1489763.3507449802,179.92905138185978,1.2466063193392978,1.0845520323425475,1.0,Severe Erosion,-6.68913328286305
1584,120.81652622795364,120.816526863116,117.0799408101102,1.5879058778978108e-07,-0.9341463544608644,467135.96920547605,1489875.7383794216,179.92923423630225,1.3228546199849742,1.0719812860371618,1.0,Moderate Erosion,3.1445397082356195
1585,237.48946966468208,237.48946966468208,0.4102376753938408,0.0,-59.26980799732206,467165.2759726207,1489988.1985506671,179.92929148920598,1.3295646616576755,1.0628541527051363,1.0,Severe Erosion,-54.96744055552333
1586,261.5687298838525,589.4116837975853,586.6443357535093,81.9607384784332,81.2689014674142,467109.5857338887,1490132.399193164,-90.07080897601642,0.7125386896795518,1.1306389682447164,8.454470440559165,Accretion / Land Gain,78.3535142745695
1587,208.3247265239976,208.3247270004277,204.58814690624396,1.1910752562016569e-07,-0.9341449044384192,467107.2906430186,1490271.599791816,179.92915196380943,1.175426355406033,0.9886106908488964,1.0,Moderate Erosion,-1.7697534733704767
1588,23.137314355743435,23.137314355743435,20.36996600167704,0.0,-0.691837088516599,467094.8226164779,1490400.6528488258,-90.07091573782449,0.8423872989599576,1.212111249607436,8.533685549934823,Moderate Erosion,0.7210626639248994
1589,82.74508997086849,82.74507686528717,79.97772934436348,-3.2763953292658243e-06,-0.6918401566262524,467044.02684653306,1490549.735418014,-90.07101693675963,0.7626966383342508,1.0578319977879762,7.721048163597873,Moderate Erosion,-1.9352957875439878
1590,500.0000000000915,529.8038753350471,527.0365269528609,7.450968833738898,6.7591317381923375,466963.3904864179,1490669.05122949,-90.07114819121853,1.0411021448016018,1.16995585248943,8.455253964414986,Accretion / Land Gain,14.795859618292301
1591,321.17642229711583,321.1764338187492,318.40908616863925,2.88040834561798e-06,-0.6918340321191465,466882.7545158549,1490788.367315922,-90.0713423048112,0.8736465528294438,1.0117357075662368,7.788427246684014,Moderate Erosion,1.7630407260721102
1592,383.3328428091287,383.3328428091287,379.5962728859572,0.0,-0.934142480792886,466903.96326016175,1490951.013508599,179.92868211780308,1.310729560522858,1.1683765546150549,1.0,Moderate Erosion,2.740246449456201
1593,470.1960672786972,470.1960714330976,78.84570098258739,1.038600089486863e-06,-97.83759157402746,466794.9648278123,1491026.9084279612,89.92848935490733,1.6994318787513238,1.169336874813255,7.416490412011964,Severe Erosion,-94.52318523069039
1594,33.335367155401826,33.33536751209867,29.598801076953627,8.917421112641932e-08,-0.9341415196120496,466845.91030523763,1491176.08555615,179.92854800853547,1.3765199074967682,1.1477099274855038,1.0,Moderate Erosion,4.933227767814575
1596,82.74492495679063,112.5488600825202,108.64954161409295,7.450983781432395,6.476154164325585,466862.7647911685,1491384.4713355463,89.92856682158578,1.6271529229313968,1.0393490347234093,7.206118605938454,Accretion / Land Gain,7.38126195784412
1597,325.00335312547634,325.00335312547634,321.26679261324705,0.0,-0.9341401280573224,466875.5701112923,1491571.8837745413,179.92859336529568,1.0059737200309171,1.140586868134564,1.0,Moderate Erosion,-7.418299867836555
1598,499.9999999999954,499.99999889044005,496.2634404402969,-2.773888354568044e-07,-0.9341398899246228,466817.4148202005,1491713.6243899348,179.92845640121993,1.260452661176078,1.0272691878309825,1.0,Moderate Erosion,1.0642998688385852
1599,500.0000000000136,500.0000001647996,496.2634443474991,4.1196500433215994e-08,-0.9341389131286206,466846.7938917192,1491884.421929545,179.92851508152856,1.1027955246788896,1.1032364031081943,1.0,Moderate Erosion,-4.190923382087766
1600,500.0000000000028,500.0000009010581,496.26344720265865,2.252638324762302e-07,-0.9341381993360328,466846.9706611684,1492026.090393606,179.9285045727674,1.1212066298501366,1.2070814116114057,1.0,Moderate Erosion,-3.577221608084817
1601,500.00000000002746,529.1654250113397,525.428873922778,7.291356252828066,6.357218480687649,466876.34924487735,1492196.8883505606,179.9285618690278,1.288453334922818,1.189985074806403,1.0,Accretion / Land Gain,9.289038574463115
1602,112.54845830378795,112.54845830378795,109.78111108717164,0.0,-0.6918368041540788,466817.8187511793,1492338.254558147,-90.07160379987425,0.9857427730760524,1.128712374760564,7.958608636841087,Moderate Erosion,5.4995785530141
1603,380.7841520160857,410.5880930338967,407.8207456558115,7.450985254452746,6.759148409931441,466737.1091595538,1492397.9634904277,-90.07176388255822,0.8031910502696517,1.0500380174258408,7.804165466002883,Accretion / Land Gain,6.86550629361175
1604,383.3392444940278,383.3392444940278,379.60269669121016,0.0,-0.9341369507044136,466672.46370017366,1492414.162860971,179.9281095820849,1.2468268415554555,1.1798116693616416,1.0,Moderate Erosion,0.6100281122904053
1605,62.52410201650739,62.52410201650739,58.78755603905606,0.0,-0.934136494362834,466760.0999956578,1492526.5578331847,179.928291295942,1.4558328627598516,1.1306979117532059,1.0646800780695538,Moderate Erosion,7.576938228813356
1606,441.6702474034015,441.6702474034015,437.93370390779705,0.0,-0.9341358739011127,466789.47866679844,1492697.3562360436,179.9283493025695,1.2366131930255129,0.9450047520822493,1.0,Moderate Erosion,0.2696300235417286
1607,237.5178363515409,237.5178363515409,233.7812955368809,0.0,-0.934135203665008,466818.8569900006,1492868.154800132,179.92840381072332,1.5907523026908827,1.1947098013216895,1.0,Moderate Erosion,12.074280367236966
1608,261.5681686853782,261.5681686853782,258.8008219335042,0.0,-0.6918366879685038,466774.64165930956,1493023.8003569685,-90.07169900905048,0.8848267600369628,1.1314882766548704,8.17421226375232,Moderate Erosion,2.135711540189217
1609,91.69966597527876,91.69966597527876,87.96313033643875,0.0,-0.9341339097100024,466760.9554089248,1493209.8983893124,179.92826390512772,0.9363863984150009,1.2311956293097044,1.0,Moderate Erosion,-9.737947705489091
1610,500.0000000001771,829.4103259052315,826.6458420774393,82.3525814762636,81.66146051931554,466819.46106882655,1493351.4968271295,-95.82274753044007,0.9150650395174865,1.0485637461481225,7.0002911576316995,Accretion / Land Gain,85.42816862483821
1611,208.3603343148927,120.8684457320422,117.13191486740938,-21.872972145712623,-22.80710486187083,466790.51068385126,1493522.3690070163,179.92831140966422,1.2576742383768216,0.8834676709289516,1.0,Severe Erosion,-20.90131293745694
1612,82.74419677474837,82.74419677474837,78.84487685724535,0.0,-0.9748299793757552,466775.28006598714,1493679.487706043,89.92827009499152,1.793462599650206,1.1612230086263104,7.807763965474892,Moderate Erosion,5.473933791037973
1613,383.34536864743416,383.34536864743416,0.4813690260257366,0.0,-95.7159999053521,466790.8652458563,1493805.713691291,179.92829456429678,1.3014778009376569,1.1632511798900604,1.0,Severe Erosion,-92.35009314900232
1614,441.6729998966496,441.6729998966496,408.7729751533297,0.0,-8.225006185829983,466849.3695166084,1493947.313509844,179.92841070094883,1.1797313898634465,1.005818559835447,1.0,Severe Erosion,-8.917286105748852
1615,383.3468769435658,383.3468769435658,379.6103555153339,0.0,-0.9341303570579812,466849.6194103386,1494147.3133537266,179.92841070094883,1.0168550520176078,1.0643949289586154,1.0,Moderate Erosion,-7.05562153850481
1616,172.15599429631663,172.15599429631663,168.2566741460459,0.0,-0.9748300375676848,466834.7317821925,1494245.6897219326,89.92836939961644,1.5686461988122187,1.3638735442710155,7.984664213823502,Moderate Erosion,-2.0199463239978113
1617,470.8368711436819,470.8368711436819,467.1003517872264,0.0,-0.934129839113865,466937.2789962502,1494283.4535790288,179.92858845942845,1.0729204783422868,1.1193059259717617,1.0,Moderate Erosion,-5.186732110160365
1618,470.8368607320883,470.8368607320883,88.78582438563951,0.0,-95.5127590866122,466966.43030918244,1494273.9467596046,-0.07134855137089217,1.1124233758028461,1.202156374844714,1.0,Severe Erosion,-98.41537633563581
1619,383.34681272519606,354.18351179349423,351.2533668365374,-7.290825232925457,-8.023361472164666,466966.25389654917,1494132.273275362,-0.07134226812559297,1.2877886978019395,1.0905022579918786,1.0,Severe Erosion,-5.080469450061618
1620,295.85652504914805,295.8565230722978,292.92637887886764,-4.942125571005818e-07,-0.7325365425701023,467053.67801709636,1494079.2624487425,-0.0711512261193868,1.4499889465153348,0.9749075220928997,1.0,Moderate Erosion,7.6169859791869285
1621,142.35203480762243,112.54804471119095,109.78069825137176,-7.450997524107869,-8.142834139062671,466955.6327261198,1493977.302648251,-90.0713660770896,0.8592010397638363,1.1276931554893865,7.227167730784231,Severe Erosion,-6.169476489947765
1622,354.1821456290206,354.1821456290206,351.2520044501514,0.0,-0.7325352947173087,466965.9441803708,1493883.5156223625,-0.0713290046083143,1.0201195704303172,1.1193086842319178,1.0,Moderate Erosion,-6.7119506048932305
1623,412.50881798563,383.3450907590399,380.41495175984215,-7.290931806647521,-8.023466556446962,466907.44040771655,1493741.9156693642,-0.07145145118548664,1.2661915751309079,1.1074162880825864,1.0,Severe Erosion,-5.800453215346259
1624,500.0000000000837,499.9999565464015,496.10063710973486,-1.0863420541795676e-05,-0.9748407225872028,467044.84356336656,1493738.7596605395,89.9288025166556,1.7794944141707738,1.130209529335659,7.6444499442642515,Moderate Erosion,5.008316710641052
1625,179.1977209726714,179.19772152331632,59.61218747722637,1.3766123174718814e-07,-29.89638337386125,467082.28979387996,1493634.6160445674,-0.0710666824529751,1.1080364254403985,1.1596698715898446,1.0,Severe Erosion,-32.94529789545816
1626,23.13642315507377,23.13642315507377,19.23710316191236,0.0,-0.9748299982903532,467089.46054797684,1493500.272202398,89.92897105703925,1.5798971176333787,1.1254119399801503,7.594328165435538,Moderate Erosion,-1.6449158316549417
1627,440.3920624629101,321.1761337469593,318.4087869688704,-29.80398217898769,-30.49581887350992,467139.07111362705,1493410.7987477176,-90.07093033202894,0.8022035357222116,1.035558766474158,8.13558422721066,Severe Erosion,-30.422377899863932
1628,150.0294429396266,120.86522978229206,117.9350975778178,-7.291053289333632,-8.023586340452194,467169.3637594603,1493296.9841762995,-0.07086114296009662,1.0817705490612266,1.1746247401901742,1.0,Severe Erosion,-11.948077905863395
1629,172.1562868483817,52.940364967868405,50.17301842610203,-29.803980470128327,-30.49581710556992,467123.6315035095,1493142.5818893437,-90.07094931516691,0.8972423717534974,0.9784827712098816,8.004212151158038,Severe Erosion,-27.254414936350624
1630,52.940547473782935,52.940547473782935,49.04122771271307,0.0,-0.9748299402674672,467120.363968424,1493023.3699780046,89.92902477811914,1.581857470807911,0.9693946513944199,8.456094083050044,Moderate Erosion,-1.579570683306375
1631,52.9405814488135,52.9405814488135,49.04126185266544,0.0,-0.9748298990370152,467172.58622167667,1492993.5013563074,89.9291835134378,1.6629295610563581,1.1923037935429743,7.527901195725932,Moderate Erosion,1.1228323204981234
1632,23.136517488220584,23.136517488220584,20.3691710225349,0.0,-0.6918366164214209,467113.0212508356,1492904.163149778,-90.07090673317366,0.6668764796385946,1.1729691327698792,8.167475705138756,Moderate Erosion,-5.129297505431921
1633,499.9999999998933,499.9999999998933,497.232652120674,0.0,-0.6918369698048394,467032.08938087,1492785.0476482,-90.07124728239889,0.73438156420973,1.1267944502965705,7.99440452344474,Moderate Erosion,-2.8791284714218914
1634,499.9999999999841,499.9999999999841,497.2326529999871,0.0,-0.6918367499992399,466861.8563055399,1492755.455407971,-90.07149758501376,0.9083575151091668,1.0194954425016458,7.866599258912096,Moderate Erosion,2.920070039139617
1635,383.34019374993744,383.34019374993744,30.430583149257004,0.0,-88.2274026501701,466906.05146300123,1492627.7053805431,-0.07139620931960285,1.1435765877448,1.0733941165506573,1.0,Severe Erosion,-90.09156841062894
1636,499.99999999989353,500.0000019414696,496.1006818056944,4.853940112070632e-07,-0.9748295485497778,466995.1766665096,1492516.8574847546,89.92882819658584,1.859044269081675,1.108043077547919,8.35159948975609,Moderate Erosion,7.659989707617248
1637,500.0000000000965,500.0000000000965,496.1006806964263,0.0,-0.974829825917567,467105.801613303,1492546.5242270401,89.92901554668452,1.5400542651770481,1.0016498866976027,7.6213975419893965,Moderate Erosion,-2.973010753990579
1638,500.0000000000631,500.0000000000631,496.10068066712086,0.0,-0.9748298332355604,467216.3529140312,1492516.583560372,89.92926861072289,1.6337024040669308,1.0699381352533246,7.927129670539788,Moderate Erosion,0.1485937955238693
1639,440.39209699329257,410.5881445323109,407.8207971770132,-7.450988115245423,-8.142824954069852,467244.2713188653,1492367.5292388161,-90.07066153986753,0.9398889289751224,1.1799416704994417,8.112478589150447,Severe Erosion,-3.479870794704402
1640,500.00000000001415,500.00000000001415,496.1006805836232,0.0,-0.9748298540977344,467319.37012270524,1492337.6327635157,89.9295285716553,1.3872448375005242,1.241676694983559,7.890791249600543,Moderate Erosion,-8.066658518762893
1641,325.0084565123876,325.00845685645334,322.0783389914257,8.601642775829532e-08,-0.7325293802404786,467401.5014046032,1492338.8772268028,-0.07031485080888394,0.9353877880622383,1.0939484401834652,1.0,Moderate Erosion,-9.536573440144359
1642,499.9999999999989,499.99999938794497,497.06988362648434,-1.5301348810226045e-07,-0.7325290933786448,467401.3275540857,1492197.2079795413,-0.07030796058356356,0.9706607107766515,1.1867708225207676,1.0,Moderate Erosion,-8.360810666229119
1643,499.99999999999466,470.83446759638304,467.90435351370405,-7.291383100902905,-8.023911621572651,467488.6860389527,1492084.5972997558,-0.07011375361365467,1.388898129295647,0.9721258658244865,1.0,Severe Erosion,-1.710991104436741
1644,499.99999999998175,499.99999999998175,497.0698867559332,0.0,-0.7325283110121461,467401.12303683744,1492030.532429866,-0.07029969631525312,1.1167304937737323,1.177524170665472,1.0,Moderate Erosion,-3.49181904047438
1645,82.7449728704293,82.74495880023012,78.8456408301979,-3.5175497927752986e-06,-0.97483301005785,467433.75066835695,1491979.8447575811,89.92970238142455,1.9837295917813331,1.0599985840195043,7.95101958272295,Moderate Erosion,11.816163418283411
1646,500.0000000000039,470.8341933312659,467.9040830412659,-7.291451667184503,-8.023979239684508,467488.38011977,1491834.5848819115,-0.07010482566927022,1.1148734363117248,1.1475959547891075,1.0,Severe Erosion,-10.84521723297145
1647,499.999999999973,500.0000002089386,497.0698915837131,5.2241404091546435e-08,-0.732527104064971,467517.4083849133,1491722.0468633543,-0.07003438262067505,1.227193763374774,1.1021699118363089,1.0,Moderate Erosion,0.1902294119202138
1648,500.00000000001,529.1660539342208,526.235947067187,7.291513483552706,6.5589867667942485,467488.10484381014,1491609.5806320757,-0.07009176892580588,1.4308271601487115,1.2266002350883105,1.0,Accretion / Land Gain,14.269536529633626
1649,499.9999999999868,500.0000679169696,497.2327207539704,1.6979245700099455e-05,-0.6918198115041179,467335.105172938,1491562.710575593,-90.07037265733139,1.100914234935864,1.050584335317631,8.13851904985004,Moderate Erosion,9.338644629291498
1650,499.9999999998908,499.99996926110015,497.2326220917304,-7.684697663989937e-06,-0.6918444770400924,467164.8725147497,1491533.1162949915,-90.07074853146422,1.1092258414390679,1.1704770104531037,7.747974528588498,Moderate Erosion,9.615673406141896
1651,499.9999999999389,499.9999999999389,497.23265239454906,0.0,-0.6918369013474575,467024.55433131784,1491592.8978637736,-90.07109715152343,0.9812552425452603,1.098454309823407,7.706329094425813,Moderate Erosion,5.349994251618255
1652,321.17642560199374,350.9803177348883,347.0809987877747,7.450973033223633,6.476143296445244,466982.2710057944,1491473.73449942,89.92881413599028,1.7536090701464373,1.1070598160102418,7.421394544078082,Accretion / Land Gain,11.596455925502557
1653,354.16802920218765,354.1680305145968,147.07313982019502,3.281022884493723e-07,-51.77372234549816,466962.7464353138,1491312.7666400967,-0.07121172403303792,1.288381890888014,1.1035331117500804,1.0,Severe Erosion,-48.81108759949224
1654,325.00180048534014,295.83543733647195,292.0988732673834,-7.2915907872170465,-8.225731804489186,467108.60117262363,1491331.090477687,179.9291040057062,1.3172491087094558,1.050756924966431,1.0,Severe Erosion,-4.333926423655997
1655,82.74496721224963,82.74496721224963,78.8456477822937,0.0,-0.9748298574889844,467225.82413565187,1491413.8252135194,89.92935132010778,1.517321838467274,1.118045733787556,7.989918444919287,Moderate Erosion,-3.7307584391316517
1656,231.76460638262253,261.5684970302179,258.8011483594511,7.450972661898838,6.759135494207136,467260.64740184665,1491294.5664313065,-90.07054884166067,0.6772704707112671,1.1130612180980834,8.251066102657523,Accretion / Land Gain,2.6681410770956004
1657,33.335079841682315,33.335077591838065,30.40497776327853,-5.624610626142612e-07,-0.7325255196009461,467312.554399355,1491159.0946957986,-0.0704490167695383,1.1990020045933156,1.1361148521024587,1.0,Moderate Erosion,-0.7493978066557064
1658,354.1664532043958,383.3331638424065,380.4030660369765,7.291677659502682,6.559153208145162,467312.38022083824,1491017.4280002771,-0.07044279689042621,1.1739805232491343,1.1222529130888166,1.0,Accretion / Land Gain,5.70823009552052
1659,120.8327761526251,120.8327761526251,1.2358165929893348,0.0,-29.89923988990894,467166.5535044909,1491023.0491289112,-0.07075568849403803,1.1315218248349665,1.1793847239451314,1.0,Severe Erosion,-32.165380136545316
1660,172.15667827666405,201.96069230479057,199.1933445827878,7.451003507031629,6.759166576530937,467022.694145681,1490967.0170854705,-90.07100501059985,0.9044584242770994,1.188900359149731,8.186894742901272,Accretion / Land Gain,10.241103813814513
1661,266.6648653358865,237.49796936638023,117.90028611570352,-7.291723992376561,-37.19114480504574,467108.0139631071,1490856.4557093661,-0.07087444649790964,1.3428009844329953,1.0299291215073432,1.0,Severe Erosion,-32.414618762193186
1662,499.9999999998837,529.8039270664149,525.9046085611159,7.450981766632793,6.476152140308045,467151.3868496024,1490758.2301771054,89.92922468136722,1.6132607277692064,1.182552013830118,7.798224823189721,Accretion / Land Gain,6.918186571767282
1663,237.49606702190889,120.8276346899342,30.396210278141503,-29.16710808299367,-51.77496418594185,467253.6071386359,1490660.4448486825,-0.07055051919373916,1.4211369767431836,1.0172147819974557,1.0,Severe Erosion,-44.38731378066554
1664,237.49467496308048,208.32741454506544,30.39374160932149,-7.291815104503762,-51.77523333843975,467311.767181402,1490518.7074716382,-0.07041585964451896,1.0282550375651585,1.1577974302945042,1.0,Severe Erosion,-57.48367890910727
1665,295.8276657030676,295.8276657030676,292.897578513384,0.0,-0.7325217974209153,467311.52138374624,1490318.7076226794,-0.07041585964451896,1.1704594857932265,1.1584255507567376,1.0,Moderate Erosion,-1.7008190938195058
1666,208.3240113054105,208.3240116779398,88.723511713464,9.313232851582145e-08,-29.900124897986625,467398.88586844417,1490206.1027661392,-0.07021634326531467,1.0919864494808063,0.9548516735723709,1.0,Severe Erosion,-33.48423650100065
1667,237.49021762514647,179.15470234286687,1.2180581424712011,-14.5838788205699,-59.06803987066882,467398.71226510825,1490064.4382565187,-0.07020876268345665,0.9195293579326731,1.1138176979280134,1.0,Severe Erosion,-68.40072295603412
1668,149.98548916006058,149.9854891755438,147.0554075314641,3.870802345318225e-09,-0.7325204071491171,467486.0779716971,1489951.8347482241,-0.07001550953991582,1.187109096777675,1.0677990163622346,1.0,Moderate Erosion,-1.1459238363626134
1669,380.784435020602,321.17662339223966,318.409274651917,-14.901952907090587,-15.59379009217126,467491.9746851397,1489804.0861200087,-90.06997723977469,0.7817381720734448,1.0431258422211456,7.695217538127219,Severe Erosion,-16.202527634087676
1670,500.0000000000267,500.0000000000267,497.06992209118766,0.0,-0.7325194772097632,467514.9355437118,1489697.6395140784,-0.0699403407173949,1.4265291859173874,1.2108441951174151,1.0,Moderate Erosion,6.834729239000891
1671,499.9999999999749,4.13869452098616,1.2086189503236913,-123.96532636974716,-124.6978452624128,467456.4260544171,1489556.0474149648,-0.0700590653686357,1.294132648260476,1.049076894665162,1.0,Severe Erosion,-121.54378683963891
1672,500.0000000000956,470.1961191002936,466.2968006809701,-7.45097022495051,-8.425799829781369,467458.55029609305,1489416.6761567967,89.92997783035368,1.4463716776364637,1.0354709129358237,8.316297750609902,Severe Erosion,-13.546733951427393
1673,499.9999999999336,470.1961185048057,466.29680065972775,-7.450970373781971,-8.425799835051464,467539.407428457,1489476.185232898,89.93010066712857,1.8781135872830954,1.1066311306793775,7.991182017652565,Severe Erosion,0.8446629966194781
1674,499.9999999999951,33.30326106856305,30.373188725079835,-116.674184732858,-117.40670281872882,467602.0033370868,1489338.8720247906,-0.06973688230428929,1.3826681991664953,1.154049017494557,1.0,Severe Erosion,-111.30153434110206
1675,321.1767660080941,291.3728948164928,287.47357675113096,-7.450967797900319,-8.425797314240782,467730.67088371725,1489386.5409638633,89.9305442829071,1.6873143616195543,1.0883476369231342,9.197118350009495,Severe Erosion,-5.515308796897703
1676,380.78452639431697,380.78452639431697,19.238820484900756,0.0,-90.38642647735404,467841.2231345286,1489356.6032752986,89.93082818953268,1.5660270936695688,1.1926892638060649,8.698337758050126,Severe Erosion,-91.5188469716032
1677,72.38237535295389,72.38237535295389,69.47107475685769,0.0,-0.7278251490240493,467835.5731060598,1489326.806202713,-17.223950454780777,0.9376411768089071,1.1415588457363286,2.657928683606739,Moderate Erosion,-5.525021332641448
1678,354.1566333679488,470.8313282504617,30.371092410812324,29.16867372062822,-80.94638523928413,467806.0329397104,1489214.5836087917,-0.06929057847234918,1.1436852442132739,0.9236954704021163,1.0,Severe Erosion,-82.80741911963939
1679,410.588361015612,380.7845124747884,20.370613612075857,-7.450962135205899,-97.55443685088404,467702.42964880436,1489237.555743745,-90.06954306887333,0.963312587596086,1.0558263878689258,7.9545572425100515,Severe Erosion,-92.11069375236312
1680,499.9999999999981,33.29874159042442,30.36867314669028,-116.67531460239344,-117.40783171332696,467660.02575650805,1489079.819341591,-0.06960174250938389,1.482202034180935,1.0516437783955153,1.0,Severe Erosion,-107.9849001836539
1681,52.94187492037363,52.94187492037363,50.17452603651346,0.0,-0.6918372209650414,467570.3385564709,1488969.4812644771,-90.06981323507128,1.031486826175016,1.13382055922913,8.505536436954797,Moderate Erosion,7.024380420395904
1682,499.99999999999153,529.1691033995928,526.239038672757,7.292275849900321,6.559759668191376,467572.2098094733,1488825.7705657165,-0.06977705638618449,1.1261854511019578,0.8840216308313933,1.0,Accretion / Land Gain,4.115512559260005
1683,499.9999999999735,500.0000005070209,59.5309984789647,1.2676184724114137e-07,-110.1172503802522,467630.375774911,1488684.037973936,-0.06964400100102261,1.0315711782776833,1.2964759622741273,1.0,Severe Erosion,-115.71533754669726
1684,500.0000000000314,500.0000000000314,317.27754120677014,0.0,-45.68061469831531,467639.9927491481,1488552.142113807,89.93039421873809,1.6211326418645826,1.1336797914217258,7.811692056908126,Severe Erosion,-44.97618346375929
1685,499.999999999988,559.6077127020404,436.4929833398866,14.901928175513106,-15.876754165025346,467662.2935789864,1488432.8995073761,89.93049380350317,1.3347338008374734,1.1018753075349867,8.448469370465986,Severe Erosion,-24.718950992839602
1686,470.83053466849896,470.83053466849896,0.3825741804121279,0.0,-117.61199012202172,467805.1567881508,1488489.932409716,179.93074275874486,1.248958663766274,1.185080719505108,1.0,Severe Erosion,-115.99615155109781
1687,440.3922855444243,440.39222367662063,79.97867116410885,-1.5466950912923494e-05,-90.10340359507886,467871.88203157426,1488402.841999309,-90.06909697181666,0.7778599029277291,1.2771460138265267,8.611326807943907,Severe Erosion,-90.8414165265722
1688,500.00000000000273,500.0000001805049,497.069943360684,4.5125545966584475e-08,-0.7325141598296767,467834.095568045,1488298.8877140232,-0.06918633797011055,1.1296115130791553,1.1582337581141775,1.0,Moderate Erosion,-3.062696669170888
1689,500.0000000000124,645.8491431709691,497.06994408843815,36.46228579273918,-0.7325139778935608,467775.5849013174,1488157.2977422907,-0.06930637663140794,0.9603106902420366,1.163002512705426,1.0,Moderate Erosion,-8.70602931422754
1690,82.74621943673714,82.74621916036696,78.84690090151304,-6.909254324227733e-08,-0.9748296338060244,467863.60765864543,1488164.4210160032,89.9309138871248,1.6770397252043447,1.0976271162957871,6.7033886542461,Moderate Erosion,1.5931708990425584
1691,499.9999999999744,500.00000016214096,497.0699475251826,4.0541635826230056e-08,-0.7325131186979519,467921.2714654288,1488022.186507963,-0.06898726515852618,1.1196132521995,1.0743599983981829,1.0,Moderate Erosion,-3.3960173170075088
1692,231.7654541132061,112.55015485548968,108.65083783289582,-29.80382481442911,-30.77865407007757,467938.04937660444,1487955.7042920957,89.93098611109163,1.4245121844700028,1.0469196876931646,7.99926269299328,Severe Erosion,-36.62823824862901
1693,201.9616009736693,142.3539124883109,139.58656305477666,-14.901922121339602,-15.59375947972316,467911.5135178306,1487806.716926076,-90.06903846159895,0.36916095838787827,1.0173230851992872,8.055987030926026,Severe Erosion,-29.955070546131406
1694,470.19602388173496,321.1768877480372,49.043102659796496,-37.25478403342444,-105.28823030548462,467954.15013332263,1487747.0580371036,89.93108968458213,1.59587247493926,1.027819650010761,8.021553152750393,Severe Erosion,-105.4258048307378
1695,440.39220722068274,440.3922718605697,109.7827672612717,1.6159971735874024e-05,-82.65235998985276,467980.6287001809,1487687.4183551122,-90.06881351876083,1.0658380279914226,0.9741040566167578,7.469489365401116,Severe Erosion,-73.79110200650403
1696,142.3539337408438,172.15778020932913,169.39043090633237,7.450961617121337,6.759124291372146,467870.0043730419,1487657.747651167,-90.0690316847657,1.0491891725053013,1.0757638385331936,8.222957616278055,Accretion / Land Gain,15.065420364111496
1697,499.9999999999985,529.1705518665942,526.2405072123721,7.292637966648925,6.560126803093397,467833.1244756906,1487494.4749530235,-0.06914691427625881,1.1309528251005547,0.9453217003629746,1.0,Accretion / Land Gain,4.2746455201620375
1698,500.0000000000349,529.8038384905059,527.0364884887518,7.450959622617745,6.759122122179235,467797.45104085025,1487329.9928263668,-90.06920485419957,0.7096684827272608,1.0936083366066522,8.272929677193305,Accretion / Land Gain,3.7480618203703324
1699,33.26553337799324,33.26553665310787,30.335496922454052,8.187786573188305e-07,-0.732509113884797,467745.2347441482,1487182.093170471,-0.06932617018726152,1.2698321505583225,1.0738385051034416,1.0,Moderate Erosion,1.6113621664903217
1700,91.6056167201177,91.6056167201177,88.67557866485507,0.0,-0.732509513815657,467715.9276477916,1487069.6413976012,-0.06938068500853316,1.049757815683855,1.0872861718686169,1.0,Moderate Erosion,-5.724436709757114
1701,500.000000000016,499.9999998196885,497.0699637848909,-4.5081861799189944e-08,-0.7325090537812571,467715.75611858093,1486927.9836628782,-0.06937590920869814,1.244784449876367,1.032226375479131,1.0,Moderate Erosion,0.7764504453160728
1702,499.9999999999718,500.0000000946173,497.06996577290585,2.3661371528760355e-08,-0.73250855676649,467628.10608254455,1486815.6035322233,-0.06955712946842121,1.314426441505999,1.3189239922020117,1.0,Moderate Erosion,3.0978928351569612
1703,261.56947405917606,231.76566117915144,227.8663442798778,-7.450953220006156,-8.425782444824563,467716.684772278,1486704.2097237073,89.93066702629899,1.7840396907197633,1.180369593264588,8.036444089643696,Severe Erosion,-2.291116325403025
1704,82.74663875164222,82.74663875164222,78.84732232369133,0.0,-0.9748291069877232,467827.2371617846,1486674.272296955,89.93088775362811,1.5849765975268628,0.9716697844346178,8.043073959619765,Moderate Erosion,-1.475599489387487
1707,470.8285904434841,733.3712996531469,0.3494974310388588,65.63567730241571,-117.6197732531113,467978.0349586095,1486709.8775710082,179.93119909775493,1.1699292582670318,1.0902516721664022,1.0,Severe Erosion,-118.63814200399614
1708,499.9999999999845,324.9709041536856,322.04087282479367,-43.757273961574725,-44.4897817937977,467919.5790844469,1486615.9323486348,-0.06892218821624314,1.0678214444577374,1.0219544120518473,1.0,Severe Erosion,-48.8796947275805
1709,201.96190656519423,201.96190656519423,198.0625901068996,0.0,-0.9748291145736588,467825.14679346286,1486555.0594643091,89.93086186025539,1.4759676556747847,0.9887694384196787,8.830931551443259,Moderate Erosion,-5.109230884772959
1710,112.55048102005767,112.55050404655934,108.65118754382706,5.756625416353245e-06,-0.9748233690576528,467877.4280076718,1486584.800304492,89.93107983949764,1.5660278768289562,0.9630481106304096,8.882581804237574,Moderate Erosion,-2.1072178285652865
1711,231.76570369754825,887.4494162432989,50.17545482214904,163.92092813643765,-45.3975622188498,467996.2205450205,1486525.0498010896,-90.06876077151975,0.8551051140712866,1.1041758760473548,8.031854072068372,Severe Erosion,-43.56073468476891
1712,82.74665187799576,708.6266254494656,79.97930342069178,156.46999339286745,-0.6918371143259954,467945.06064069923,1486376.0920929934,-90.06887932608018,0.937037982977988,1.0134497387488621,6.4653319997562395,Moderate Erosion,3.876086016840252
1713,383.31340133446406,529.1716505533834,29.51703568185676,36.46456230472984,-88.44909141315182,467861.0867646556,1486492.0797820021,179.9309592538879,1.0800051526163814,1.146662554557088,1.0,Severe Erosion,-92.46498616655354
1714,350.98092414695304,321.1771070674626,318.4097572673252,-7.450954269872611,-8.142791719906967,467753.867011138,1486525.3417163324,-90.06926212377675,1.0239035776085759,1.149104322235996,7.7838436191122256,Severe Erosion,-0.6793488751093584
1715,499.9999999999075,499.9999999999075,496.10068323549,0.0,-0.9748291911043908,467699.1120013723,1486525.407974323,89.9306125448216,1.559331166520291,1.179515623185756,7.679400564801123,Moderate Erosion,-2.330447196317235
1716,500.0000000000257,499.9999990036262,497.069971376113,-2.490998696202951e-07,-0.7325071559781691,467744.25326391665,1486370.6816341437,-0.06928663977150785,1.1963111939689655,0.9997095830252274,1.0,Moderate Erosion,-0.8393436277203499
1717,499.99999999991184,499.99999999991184,496.1006836311862,0.0,-0.9748290921814088,467830.5532331705,1486257.0146313664,89.93087545394253,1.487917957023096,1.1046749649657797,7.821336959179549,Moderate Erosion,-4.710887487920526
1718,500.00000000010505,500.00000000010505,496.10068362556177,0.0,-0.9748290936358188,467941.0340526527,1486167.4701568137,89.9311301588183,1.2363636719956568,1.1162508867371512,8.24490214477412,Moderate Erosion,-13.096030395000527
1719,470.1961932618357,440.3923858872813,20.371795959660897,-7.450951843638592,-112.45609932554368,468019.7257905874,1486077.964247474,-90.06867783535448,0.9326070968085731,1.0267272387121789,7.376219941261194,Severe Erosion,-108.03587234373843
1720,500.0000000000894,499.99998940652034,496.10067294075446,-2.6483922681563854e-06,-0.9748317648337376,467986.9638219615,1485988.592092675,89.93123225154373,1.7105262964565473,1.00192587210115,7.5689059395370055,Moderate Erosion,2.7093877206284294
1721,500.0000000000583,500.0000000000583,406.6893104093203,0.0,-23.32767239768451,468097.445277489,1485899.0483179966,89.93148687637624,1.5578005804545374,1.1914312331335182,8.137257702124355,Severe Erosion,-24.734310183275575
1722,500.0000000000179,499.9999999643948,438.7251424465934,-8.905772119760513e-09,-15.318714388356128,468181.12912734464,1485782.7708073535,-0.06832182149471483,1.2095716314023501,1.0795698611239901,1.0,Severe Erosion,-14.983760802231767
1723,410.5886408080603,410.5886408080603,407.82129066231545,0.0,-0.6918375364362106,468190.15779124456,1485690.3109589366,-90.0682531360231,0.8773911664670573,1.1112116932382532,8.256610981745556,Moderate Erosion,1.8878585520842868
1724,149.92962732512282,149.92962732512282,146.19297804759722,0.0,-0.9341623193814002,468268.51751567906,1485674.345858447,179.9318734726952,0.9660937342387161,0.9943890802826374,1.0,Moderate Erosion,-8.746891603814113
1725,499.99999999997993,529.8037719340309,525.9044557418,7.450942983512746,6.476113935455018,468363.14716887526,1485600.6939157178,89.93215799629816,1.520641817995471,0.9617851980505587,7.608688132241809,Accretion / Land Gain,3.8308505487235442
1726,499.9999999999173,470.1962550433853,466.2969390752685,-7.450936239133,-8.425765231162188,468503.539484202,1485600.5278807068,89.93240851233723,1.7191394236077167,1.0137701069474998,7.797340499773686,Severe Erosion,-4.454441833053052
1727,500.00000000000347,500.00000000000347,496.1006841846993,0.0,-0.9748289538260336,468614.1631300268,1485630.20131841,89.93259507534863,1.4118563097234333,1.0497378290301502,8.095943564890307,Moderate Erosion,-7.24627606967228
1728,499.9999999999777,499.9999999999777,496.2633521578374,0.0,-0.9341619605350786,468677.04245823197,1485767.409459422,179.93274636347618,1.2445032086736894,0.9760606466318733,1.0,Moderate Erosion,0.5336277002980678
1729,440.3924203346012,440.3924412188258,288.6061825409012,5.221056156301529e-06,-37.946559448425006,468696.3316424077,1485928.1427725246,-90.0672302477789,0.5965130046748914,1.0622065286555065,7.1810196183236545,Severe Erosion,-44.729468471542035
1730,500.0000000000804,500.0000000000804,496.1006835604192,0.0,-0.974829109915305,468768.82414169936,1486017.469217113,89.93298505007007,1.6699642237574794,0.9289085911945603,7.911703025065666,Moderate Erosion,1.3573208022523269
1731,500.0000000000165,500.0000000000165,496.26335775681497,0.0,-0.9341605608003788,468852.50486067263,1486133.8266861339,179.93310638939735,1.1951207830507078,0.9756777562110364,1.0,Moderate Erosion,-1.1123679722877966
1732,499.9999999999775,499.9999999999775,496.2633594284823,0.0,-0.9341601428737932,468765.1205634841,1486246.4130138492,179.93291315291498,0.9581985820537227,1.1202013884395003,1.0,Moderate Erosion,-9.00981922240134
1733,500.00000000001023,529.1718057392027,321.2325413415266,7.292951434798113,-44.69186466462091,468823.5616888468,1486329.6571942258,179.93303451227945,1.3751784103605094,1.1157513204477498,1.0,Severe Erosion,-38.86816789233505
1734,499.9999999999991,500.0000007931954,233.7185254391972,1.9829907671464758e-07,-66.57036864020047,468765.38400026486,1486471.3818079832,179.93290391150262,1.0902796824370269,1.0376588660261494,1.0,Severe Erosion,-70.24332652419072
1735,440.3924175272056,142.354420381329,139.58706969772243,-74.50949928646915,-75.2013369573708,468794.56553660263,1486583.7113854333,-90.06713402475476,0.6784624090285694,0.9888207980596798,8.179767914764373,Severe Erosion,-79.2525991424427
1736,354.14232253381,354.14232253381,350.40568698658154,0.0,-0.9341588868071112,468648.82326941355,1486578.5385720844,179.93264662530322,1.230555594736659,0.987992964599428,1.0,Moderate Erosion,0.06868709934760309
1737,440.3923010808838,768.234032488317,436.4929647444979,81.9604328518583,-0.9748340840964717,468725.60527830105,1486643.3999267146,89.93276932532733,1.7722953270424078,1.0410340870132344,7.808106933855559,Moderate Erosion,4.7683526630471045
1738,499.9999999999799,499.99999980579895,496.26336545402256,-4.854523183439596e-08,-0.9341586364893288,468853.1147938146,1486656.148417636,179.93308203682147,1.0480939025615073,1.1225964857106776,1.0,Moderate Erosion,-6.013267731381314
1739,470.828661675992,149.94389006244646,147.01385635199242,-80.2211929033864,-80.9537013309999,468824.0604467688,1486756.3311682947,-0.06698459425400041,1.2087843368965863,1.146388875617061,1.0,Severe Erosion,-80.64530208176005
1740,321.1771823815969,291.37339225853816,287.4740762059465,-7.450947530764679,-8.42577654391259,468852.7481099223,1486822.0739309145,89.9330747897457,1.6643222021743211,1.0331230721057865,7.901366120790876,Severe Erosion,-6.281694042259726
1741,291.3734153539681,112.55060087177932,109.78325087473624,-44.70570362054719,-45.39754111980796,468830.2312726331,1486881.7078156818,-90.06692783827809,0.9039661139861672,0.9812148919339125,8.294047387287723,Severe Erosion,-41.932013083492244
1742,142.35446553405288,112.55067513080218,108.65135888846628,-7.450947600812675,-8.42577666139665,468840.76468834735,1487000.9107721644,89.93303555615185,1.6264659600962896,1.0962151256277222,8.002547152479446,Severe Erosion,-7.543568885010524
1743,499.9999999999749,470.8291057492856,379.5797902492843,-7.292723562672322,-30.10505243767264,468824.53128381784,1487159.0060786782,179.93299564554164,1.1454136026702675,1.0106133204338452,1.0,Severe Erosion,-31.940191633089253
1744,499.9999999999737,499.9999999999737,292.0681812535003,0.0,-51.98295468661834,468766.3554987382,1487300.7327866415,179.9328649713935,1.076330157712486,1.0365607846414446,1.0,Severe Erosion,-56.12090578986194
1745,23.139106285722946,52.94291074674562,49.0435951511194,7.450951115255668,6.476122216349113,468820.40213929943,1487388.3843404138,89.93298707778386,1.612921308865964,1.1849829382886525,7.768400840204195,Accretion / Land Gain,6.906841631580987
1746,380.7847758215879,321.1771493436584,20.371681529463338,-14.901906619482377,-90.10327357303116,468922.169704779,1487388.2654309853,-90.06679344887857,0.6391794200040158,1.145128811990753,8.422435064630859,Severe Erosion,-95.4639686329592
1747,149.95324035666937,149.95324017511953,87.87550062914674,-4.5387459124413e-08,-15.519434931880657,468795.71490674606,1487461.8725651922,179.9329210803688,0.7622657265713275,1.0923848750087948,1.0,Severe Erosion,-30.126187349353692
1748,383.3173645253182,120.78139720961796,117.85135409224382,-65.63399182892506,-66.3665026082686,468708.10865724745,1487381.391122808,-0.06726307806623337,1.2650143858606,0.9771324359588593,1.0,Severe Erosion,-64.18370358748027
1750,321.1771345094803,917.2531702871504,318.4097883433594,149.01900894441752,-0.6918365415302219,468597.55427127634,1487209.8229074322,-90.0674438914412,0.9355905032842383,1.0939553305571603,7.60517598599929,Moderate Erosion,3.8278376639007545
1751,179.12124851706352,149.9504597750352,0.3598872128353463,-7.29269718550708,-44.69034032605704,468503.7663069321,1487256.4829004854,179.93230332134763,0.8460327465328217,1.1625581686491884,1.0,Severe Erosion,-56.505002503766235
1752,62.43843776611261,62.43843908766008,58.70181415373198,3.303868680859523e-07,-0.9341559030951564,468387.1113045879,1487280.3302020007,179.932051187806,1.049014766380556,1.0477511796402161,1.0,Moderate Erosion,-5.982809426644844
1756,261.5695292748424,261.56952211110433,257.67020557321223,-1.790934518908216e-06,-0.9748309254075452,468811.8819831648,1487537.4134096282,89.93288642580615,1.6928728647373146,1.1886422664599012,8.085124271198689,Moderate Erosion,2.120940379618444
1757,350.9809818802724,470.1961930038305,138.4550415275403,29.803802780889527,-53.13148508818303,468922.4358150587,1487507.480425937,89.93320129507384,1.9086240486121193,1.183653524969928,7.9958536471442,Severe Erosion,-42.84400773962453
1758,499.999999999896,499.999999999896,347.0816764982297,0.0,-38.22958087541657,468973.2432423778,1487358.4021053163,89.93333326989276,1.6031187853797866,1.211738266986798,7.9304450564436735,Severe Erosion,-38.125612337039534
1759,500.0000000000112,500.0000000000112,496.2633767430389,0.0,-0.93415581424307,469087.3311290665,1487384.60460641,179.9335520728826,1.091263452755371,1.1033398234551046,1.0,Moderate Erosion,-4.574170520388742
1760,23.139106265298143,23.13912842450379,20.371778496429428,5.53980141226873e-06,-0.6918319422171786,469183.8453392203,1487447.5692660497,-90.06626306832374,0.7725658013367256,1.1265854053673545,7.717950441884583,Moderate Erosion,-1.6063141477413794
1761,52.94285254845984,52.942836366952015,50.1754864287612,-4.0453769560855335e-06,-0.691841529924659,469043.5221397837,1487507.339519136,-90.06657923158954,1.0062317329334562,1.1933673814032433,7.460152496490657,Moderate Erosion,6.182540565816265
1762,499.9999999999784,441.6591291844175,0.3660756726811769,-14.585217703890224,-124.9084810818243,469087.55336452054,1487576.2167809834,179.9335435818312,1.1035693263497424,1.116758059640339,1.0,Severe Erosion,-128.138301977447
1763,201.96199751324897,261.569567378365,257.670250700282,14.901892466279,13.927063296758256,469148.016834685,1487715.845114193,89.93369384275208,1.4801209311519994,1.042351306010106,7.840063949276137,Accretion / Land Gain,9.931103263506987
1764,499.9999999999739,529.1701208830841,525.4335048599434,7.29253022077755,6.3583762149923615,469204.5624303766,1487859.4002770993,179.93378206498284,1.1280507599657514,1.0480850873167697,1.360198933494182,Accretion / Land Gain,3.9446586040821994
1765,231.76567627157948,231.76567627157948,79.97923812443481,0.0,-37.94660953678617,469127.9839946432,1487924.4951342542,-90.06631528195324,0.6570009766853812,1.1037391929054472,8.270597632092228,Severe Erosion,-42.71325257807973
1766,380.7847448499467,380.7847448499467,20.37154171582444,0.0,-90.10330078353056,468987.59161763126,1487924.6581677306,-90.06666027343967,0.8184008181182981,0.9814115998902018,7.836258355530975,Severe Erosion,-89.48994920355658
1767,470.8299346318517,470.8299346318517,1.17875682811336,0.0,-117.41279445093458,468912.93006098486,1487918.614779646,-0.06684911095610717,1.4432350740410314,1.073132146444714,1.0,Severe Erosion,-109.28940215858678
1768,441.6600139754902,179.13010764636823,175.39349349066083,-65.63247658228049,-66.56663012120734,468883.8360923436,1487983.7917274795,179.9330861889657,1.2489290373882556,1.173002477135706,1.0,Severe Erosion,-64.9512337556272
1769,470.8300817299033,470.8300817299033,30.351177055057043,0.0,-110.11972616871157,468971.4246486713,1488051.212451871,-0.06672890221308635,1.1616811191664262,0.910686346740273,1.0,Severe Erosion,-111.38149367934301
1770,500.0000000000068,470.8302256552877,233.73541998219576,-7.292443586179786,-66.56614500445276,469029.91210631945,1488178.1644199016,179.93339198021087,1.1566933212593482,1.2100740733664854,1.0,Severe Erosion,-68.02520134903048
1771,412.4907905242818,412.49078853439335,1.1843360000497576,-4.974721150574624e-07,-102.826613631058,469117.4632036922,1488214.145231342,-0.06642242061255149,0.9650576628246368,1.1774810624493577,1.0,Severe Erosion,-110.64256767454128
1772,500.000000000016,470.8303095781607,233.73620230522116,-7.292422605463813,-66.56594942369871,469175.84951459576,1488254.5919136386,179.93370110317463,1.3329293200848005,1.0513316645285233,1.0,Severe Erosion,-62.150400537962916
1773,499.99999999989336,499.9999659870389,138.45482955422392,-8.503213621224859e-06,-90.38629261141736,469230.50959275174,1488341.6302914505,89.93379196009258,1.5883241533897403,1.1324896695155062,8.091632591491766,Severe Erosion,-90.77547859648136
1774,52.94263166607563,559.607590368203,467.42882408412805,126.66623967553184,103.62154810451312,469214.4240902016,1488401.2564663398,-90.0661792650483,0.772928279787662,1.0898890687622007,7.8707275971938895,Accretion / Land Gain,102.71914853656
1775,62.45786232603577,62.45786232603577,58.72125529372212,0.0,-0.9341517580784124,469234.40871946944,1488444.8818968656,179.93381878394422,1.6794281671232467,1.1884884731882128,1.0,Moderate Erosion,15.031386081145891
1776,499.99999999991473,470.1961326609008,466.2968153563866,-7.450966834753487,-8.42579616088203,469358.7915406569,1488401.0900526533,89.93407171789006,1.6448126714486206,1.1682501765837747,7.792539504881526,Severe Erosion,-6.932031619053598
1777,440.3923617427568,410.5885338950343,406.68921695955567,-7.450956961930629,-8.425786195800285,469382.5744457064,1488460.67036419,89.93419463469594,1.48723107866598,0.9782470024042832,8.687340321910703,Severe Erosion,-12.184741446276206
1778,237.4740011851381,324.9826730269654,322.05261457606207,21.87716796045683,21.144653347730998,469438.51500321244,1488374.9837957094,-0.06573939457117074,1.1355874131164518,1.136345717881477,1.0,Accretion / Land Gain,19.01286536670328
1779,500.0000000001013,529.8038037134941,376.8854298063727,7.450950928348192,-30.778642548432146,469515.5743822182,1488430.713938986,89.93444691163394,1.7722665945786962,1.0734922974310468,7.965459620684965,Severe Erosion,-25.03641400244837
1780,499.9999999999425,500.000008743903,496.1006925079482,2.18599012669074e-06,-0.9748268729985624,469655.9667312026,1488430.5536269988,89.93469790790937,1.6169903017808278,1.0965674708319586,7.113665833994997,Moderate Erosion,-0.40847482030974014
1781,499.99999999994856,499.99999999994856,496.10068346153,0.0,-0.9748291346046472,469766.6569410944,1488519.8392408837,89.93494506219966,1.384258045415409,1.0326105498200688,7.921820904651171,Moderate Erosion,-8.16621902619148
1782,500.0000000000064,500.0000000000064,496.2633959702201,0.0,-0.9341510074465872,469847.1882365888,1488639.3521730902,179.9351275764442,1.338337235043434,1.231946933090326,1.0,Moderate Erosion,3.6619936654294305
1783,208.30838348935345,208.30838348935345,204.57178078148496,0.0,-0.9341506769671212,469788.942850199,1488721.4722682103,179.93499886998435,1.1002321805663242,1.1761442806743796,1.0,Moderate Erosion,-4.274871104662091
1784,149.96981837702663,149.96981919909396,147.03975562966605,2.0551683377334487e-07,-0.732515686840145,469672.255124357,1488711.8260566231,-0.06525088564895254,1.480539129413334,1.033658700695634,1.0,Moderate Erosion,8.633973194247583
1785,172.1580434047793,172.15807020826043,168.25875345909986,6.700870279985338e-06,-0.9748224864198604,469623.35976869724,1488758.432959893,89.9346524177527,1.7620069496952755,0.9865492846475965,8.317079203855032,Moderate Erosion,4.425417842153382
1786,33.2953532035151,179.1405722550342,1.1962403510629276,36.46130476287977,-8.024778213113043,469555.7301510468,1488844.6195314021,-0.0655077116011164,1.1324443856496693,1.0633457172499086,1.0,Severe Erosion,-10.2613876914068
1787,354.15419079472457,354.15419184502423,59.53245538321362,2.6257491470005334e-07,-73.65543385287774,469468.09411840886,1488732.2270572262,-0.06569084283320938,1.3916938457624013,1.12780981952199,1.0,Severe Erosion,-67.25035204420217
1788,23.138774462727124,500.0000000000121,20.37142538954148,119.21530638432124,-0.6918372682964105,469390.72596680035,1488728.8955368046,-90.06584838752012,0.8101785907439254,1.1122319204838396,7.787137160634458,Moderate Erosion,-0.352559715659394
1789,52.94257996712464,172.15791961586183,50.17524922023947,29.8038349121843,-0.6918326867212912,469368.14259767224,1488609.7061058872,-90.06590597725867,0.927916315895417,1.1920415412705512,7.844567419261837,Moderate Erosion,3.572035688889806
1790,82.74648477142588,82.74648136743956,79.97913111498649,-8.509965816472231e-07,-0.6918384141098493,469374.128605983,1488520.287714738,-90.0658707057116,0.8727101869380849,1.1540625109435163,7.550443351071488,Moderate Erosion,1.7318256723625245
1791,4.120918415487695,4.120918415487695,0.3843130187250207,0.0,-0.9341513491906688,469322.03861395834,1488550.2767358474,179.9340018418069,1.0735072557137664,1.1687439831073214,1.0,Moderate Erosion,-5.165934624145036
1792,261.5694746513254,261.5694684752555,257.6701518157665,-1.5440174649938854e-06,-0.9748307088897264,469316.1780528701,1488639.5697697403,89.93393584772828,1.5034672592535572,1.1182466374833497,8.98394347603528,Moderate Erosion,-4.1925798704770365
1793,149.9710201427465,4.125639486306569,0.3890379172127951,-36.46134516410999,-37.39549555638343,469293.1623257532,1488804.4638876417,179.93392870737438,1.3549553871738902,0.9826453062795649,1.0,Severe Erosion,-32.245691468477624
1794,33.294044477030006,354.1543688841056,0.3883256969968811,80.2150811017689,-8.226429695008282,469176.44451083284,1488768.7069857349,179.93367895840584,1.150246708296293,1.077767458977439,1.0,Severe Erosion,-9.900306355540986
1795,33.29494168409952,354.15465192937245,87.89646370061146,80.21492756131823,13.650380504127986,469088.9985757745,1488821.6934394431,179.9334874061555,1.1399170759120594,1.178772511976661,1.0,Accretion / Land Gain,11.632138187918002
1798,23.13872665675803,23.138688819425152,19.239372460092405,-9.459333219830056e-06,-0.9748385491664068,469335.7258897179,1488877.978182548,89.93408239006773,1.4567313483770892,1.0904181207023986,7.873322887216145,Moderate Erosion,-5.750451445913171
1799,91.63425875488272,383.32408701573024,59.53520622594724,72.92245706521189,-8.02476313223387,469497.45445543766,1488899.1041333377,-0.06563581775258594,1.2630816354884324,1.1350025683047802,1.0,Severe Erosion,-5.906767804266565
1800,23.138761736655564,23.138747071807884,20.371397516449598,-3.666211919828299e-06,-0.6918410550514924,469611.76946858165,1488937.2692202274,-90.06541805863964,1.1093789986098574,1.069644165646472,8.322665346398031,Moderate Erosion,9.620783541164233
1801,201.96165129114627,201.9616972177193,50.17514666096674,1.1481643262811758e-05,-37.94662615754488,469501.28325080127,1489026.8070841944,-90.06561023787695,0.6398703251193537,1.013668903705831,6.822738128661413,Severe Erosion,-43.284290728816245
1802,441.6623380623244,441.6623380623244,30.3685635138929,0.0,-102.82344363710789,469351.76717597165,1489036.1129650977,-0.06595612648842335,1.2031724579749763,1.08628071865589,1.0,Severe Erosion,-102.70234635374409
1803,261.5693492346656,172.1577278241728,169.39037805528278,-22.3529053526232,-23.044742794845703,469395.44308623415,1488967.3208510508,-90.06582734998997,1.0118333473083632,1.120173515060217,8.377748809213177,Severe Erosion,-15.983640017768558
1804,208.31072975083543,500.0000001451242,204.574129815992,72.92231759857219,-0.9341499837108672,469293.32569778146,1488946.1300719453,179.93392287102722,1.1885150965952211,1.0427791810411944,1.0,Moderate Erosion,-1.332356939939443
1805,499.9999999999864,499.9999999999864,0.3937866143389414,0.0,-124.90155334641187,469322.6242248978,1489058.5898119872,179.93397980376002,1.2683166772543468,1.077519202680849,1.0,Severe Erosion,-122.63969436516321
1806,500.00000000002825,499.999999719118,117.0705859607468,-7.022755710295314e-08,-95.73235350982036,469351.92251521786,1489171.049916636,179.9340386908353,1.0411014674857875,1.0223563221565135,1.0,Severe Erosion,-101.04432115055475
1810,412.4947361924989,879.1894091722396,409.5646620667174,116.67366824493516,-0.732518531445379,469206.359408354,1489413.4480450524,-0.0662836589566134,1.2637833174487416,1.189488375307795,1.0,Moderate Erosion,1.4090169545928637
1811,295.8203582168691,295.82035795120925,0.3986163868274763,-6.641496952397574e-08,-73.85543545751041,469264.58712503075,1489318.9101842775,179.9338438635618,1.1723902171071912,1.0754450894921184,1.0,Severe Erosion,-74.79115678253315
1812,120.81085615472692,91.64246476142957,87.90587265740675,-7.292097848324339,-8.226245874330044,469235.5486416982,1489431.4383911274,179.933775228119,1.3483218353753175,1.2163491028295759,1.0,Severe Erosion,-3.297595895930729
1813,295.8209909334558,762.5158219115391,292.8909172557534,116.67370774452084,-0.7325184194256025,469323.0226269704,1489404.3070754453,-0.06603251593506053,1.3776469139101861,1.2221571670392204,1.0,Moderate Erosion,5.204411838398153
1814,324.98849862766514,412.4942521942856,88.70972317313733,21.876438391655117,-59.069693863631954,469381.19649088994,1489262.5770962713,-0.06590241208432485,1.5879744607738893,1.0919518534457981,1.0,Severe Erosion,-46.121875653538886
1815,33.302788591201214,4.134218493121589,0.3976239357136752,-7.292142524519907,-8.226291163871885,469468.70088503225,1489261.3525911432,179.934286575506,1.2874037421295308,1.0177473154334522,1.0,Severe Erosion,-5.328125297804006
1816,52.94256991647842,499.9999788830863,19.23943095490925,111.76435224165198,-8.425784740392292,469546.9062832578,1489324.7933993144,89.93440827835113,1.6488691853778357,0.9321887647207556,8.410986495151292,Severe Erosion,-6.79680315748146
1817,499.999999999964,470.1961691923384,466.2968523221269,-7.450957701906404,-8.425786919459284,469627.82708941004,1489443.9163031736,89.93465428538377,1.6291573850895493,0.9824903830284397,8.789626272156989,Severe Erosion,-7.453865411572604
1818,354.1584857850187,91.6438021360008,87.907211354356,-65.62867091225448,-66.56281860766568,469585.66076388047,1489511.1976045934,179.93452548554117,1.1474821543202922,0.991017884366442,1.0,Severe Erosion,-68.32865007171912
1819,470.83181898717646,120.81369268842224,29.572586324592606,-87.50453157468856,-110.31480816564596,469556.62115947646,1489623.7261343482,179.9344581907916,1.251230144566822,1.2123212102564334,1.0,Severe Erosion,-108.6223889483375
1820,380.7846391060185,350.9807972638069,347.0814805537338,-7.450960460552906,-8.42578963807118,469638.24205797206,1489563.1198633462,89.9347119418228,1.5556895287909627,1.1107075416293462,8.413057812885146,Severe Erosion,-9.902796688766326
1821,499.9999999999809,499.9999999999809,138.45476969015348,0.0,-90.38630757745683,469748.72880541853,1489473.5824588328,89.93487277153756,1.6252688880301078,1.1317179247340017,8.581530926642069,Severe Erosion,-89.54400269610876
1822,500.00000000000034,500.0000479468456,19.239512276414207,1.19867113141936e-05,-120.19012193089654,469829.44568293996,1489413.8831548737,89.93503229391007,1.7976393731952078,0.9223194530860698,7.808008999995391,Severe Erosion,-113.60213425285674
1823,208.31654200486693,179.14819246730835,1.2080079339895926,-7.292087384389646,-51.777133517719335,469964.8004291863,1489468.2385586838,-0.06465439764173282,1.0485672424579504,1.0046589145405105,1.0,Severe Erosion,-56.80984634411754
1824,120.80947387113116,4.135444340147911,1.205371400428258,-29.16850738274581,-29.901025617675725,469964.640575179,1489326.5755528896,-0.06465059234348657,1.3705304379852297,1.1700448604741276,1.0,Severe Erosion,-24.201632812030496
1825,33.30245135140202,616.6743623003639,30.372379267324263,145.84297773724046,-0.7325180210194393,469847.87226922496,1489243.3815821728,-0.06489791004952065,1.3971141873146484,1.1211843191038176,1.0,Moderate Erosion,5.853057315679887
1826,33.30259917665999,529.1685823016063,30.372527391905564,123.96649578123656,-0.7325179461886062,469935.385576429,1489250.0036305778,-0.06471019978919798,1.1818379586290018,1.0865326126676198,1.0,Moderate Erosion,-1.322860581144
1827,500.0000000000024,441.66259091823,30.370587726474675,-14.584352270443093,-117.40735306838192,470022.764589691,1489137.4109787198,-0.06451425194268584,0.8812713707995381,1.1423610758123373,1.0,Severe Erosion,-128.0166275634249
1828,231.76564308835168,231.76564308835168,227.8663262792898,0.0,-0.974829202265468,470081.60592035233,1488996.3448659342,89.93570925680098,1.508826450120846,1.2266084680988967,8.764637390525545,Moderate Erosion,-4.01393913773763
1829,62.46863267280225,62.46863267280225,58.73203556939952,0.0,-0.9341492758506842,470197.7128689158,1489080.2016285395,179.93586428351617,1.3949969336589674,1.0789116201151256,1.0,Moderate Erosion,5.550823456954862
1830,499.9999999999986,499.9999999999986,117.87410364374666,0.0,-95.53147408906298,470197.56644147076,1488949.3882367867,-0.06413193453101138,1.1961220653833615,1.100816930620247,1.0,Severe Erosion,-95.6458144005574
1831,350.9808597895103,350.9809133662035,50.1754151860208,1.3394173294045686e-05,-75.20136115087237,470099.6444921805,1488847.305391085,-90.06434721235719,0.6501049174133053,1.1096347054656375,7.638933210854033,Severe Erosion,-80.19787231234693
1832,82.74661676758447,142.35424890997575,139.58689862580894,14.90190803559782,14.210070464556118,470018.7256707955,1488728.1810629007,-90.06456180316289,0.7242840157586165,1.2843768984612283,9.079326455517855,Accretion / Land Gain,11.686195858415031
1833,500.00000000001046,499.999998972761,496.1006827987891,-2.568123704804748e-07,-0.9748293003053448,470049.5305413964,1488668.53874562,89.93547209434043,1.7260927502994239,0.924447485575888,8.096823194590009,Moderate Erosion,3.2282708322174205
1834,500.00000000001023,470.1961927410145,466.2968762417156,-7.450951814748933,-8.425780939573656,470130.44917069824,1488787.6631637558,89.93571808802767,1.6820097834843935,1.1482751986979833,7.659604932811107,Severe Erosion,-5.692113098566759
1835,499.9999999999767,499.9999999999767,496.2633999199738,0.0,-0.9341500200007288,470226.6705794796,1488891.4503267505,179.93593397950377,1.1646074502298678,1.0854931452758054,1.0,Moderate Erosion,-2.1288105158492003
1836,499.9999999998855,499.9999999998855,496.10068328927537,0.0,-0.9748291776525376,470322.0556460191,1488996.075695445,89.93614864367858,1.5449760898430402,1.141083647968754,8.30764934402888,Moderate Erosion,-2.8089512367259752
1837,499.99999999996,500.0001630099164,496.1008469475795,4.075248909884977e-05,-0.974788263095121,470492.28493112576,1489025.6903825286,89.93636708980529,1.541236030955294,1.0434527181224695,7.924904256805391,Moderate Erosion,-2.9335790083142306
1838,500.00000000002143,500.00000000002143,262.9134229773742,0.0,-59.27164425566181,470635.2471840995,1489082.6330496955,179.9368046357268,1.0620796591071973,1.0927024328811519,1.0,Severe Erosion,-63.883695178154326
1839,500.0000000000088,499.99999197666006,49.04383170590887,-2.005837188789883e-06,-112.73904207352498,470802.9720163292,1489114.759252531,89.93705387108143,1.8423061120284896,1.1538575560649826,7.669878387829122,Severe Erosion,-104.66216362617777
1840,499.9999999999208,470.1962091144516,466.29689295037474,-7.450947721367299,-8.42577676238652,470943.4295599084,1489174.213202606,89.93745946716743,1.5516516913271883,1.3465781197989366,7.802827924198083,Severe Erosion,-10.037379108443218
1841,470.1961864459056,440.3923535130556,437.6250041848427,-7.450958233212503,-8.142795565265729,470858.4865835777,1489263.7175071344,-90.06273256531667,0.982574017880541,1.1630898960061957,7.195908543039243,Severe Erosion,-2.057002961138247
1842,350.980965348739,291.3733590161566,19.23987890269929,-14.901901583145602,-82.93527161150993,470814.71430673916,1489293.569313335,89.93720341496167,1.8281971675420494,1.0309018301179445,7.470414761385807,Severe Erosion,-75.32869135189767
1843,321.17718888815386,321.1772007872038,317.27788433936684,2.97476248078965e-06,-0.9748261371967571,470925.3354809953,1489323.252059706,89.93742192778505,1.7497463961449333,1.0651443525057815,8.72304755072306,Moderate Erosion,4.016728353543044
1844,500.0000000000276,733.3478982702974,58.7362034073394,58.33697456756744,-110.31594914817204,471073.0319655405,1489315.7788779926,179.93773524288886,1.1356916430145512,1.0626969899049739,1.0,Severe Erosion,-112.47405071176227
1845,441.66333985964457,441.66333985964457,437.92674860928526,0.0,-0.9341478125898276,471014.8492933158,1489457.5054651978,179.93760538584147,1.2609951100454269,0.9567376227112723,1.0,Moderate Erosion,1.0845026390932198
1846,4.139480860742445,500.0000000000068,0.4028907831777419,123.9651297848161,-0.9341475193911758,471102.411652812,1489510.2977062599,179.93779130850305,1.1968049575520259,1.0745084872410127,1.0,Moderate Erosion,-1.0551255513457567
1847,499.9999999999626,500.00008630777137,19.239911540712303,2.1576952192958743e-05,-120.19002211481258,471221.50353546994,1489591.1645899992,89.93810162538998,1.4644444874677323,1.1603466719684778,7.935965536901707,Severe Erosion,-124.70853141846322
1848,499.99999999991473,500.0002625769204,19.239993380171715,6.564425142130403e-05,-120.19000165493576,471361.8958235604,1489591.013128276,89.93838421129081,1.6486536609619258,0.9997802711343766,7.902631253046544,Severe Erosion,-118.56820524632774
1849,499.9999999999378,500.0000668819756,227.8665138010618,1.672050944989678e-05,-68.03337154971899,471532.0599274027,1489561.0267991396,89.93863659493013,1.4231438019206537,1.185299369267136,8.022599671278707,Severe Erosion,-73.92857050551801
1851,500.0000000000076,500.0000000000076,227.86655968882877,0.0,-68.03336007779473,471723.4649198622,1489590.6265201839,89.93904355170656,1.7781516818965617,1.1407369853819558,7.950026834417118,Severe Erosion,-62.09496313548691
1852,500.00000000007606,529.803789260531,198.06284173160344,7.450947315113723,-75.48428956711815,471774.4142390322,1489560.7685935898,89.9392645324632,1.530307180670896,1.04267952321641,7.913916975889031,Severe Erosion,-77.80737605361011
1853,500.00000000000193,529.8037850906283,525.9044699582009,7.45094627265658,6.47611748954975,471944.5787794914,1489530.7848787406,89.93945411033948,1.6301737250473494,1.089797417227804,8.457354776188293,Accretion / Land Gain,7.481915768913947
1854,149.98309339687916,149.98309415468523,146.2465064613502,1.8945151936122786e-07,-0.9341467338822368,471948.45869846724,1489668.7100191046,179.9396057519627,1.2429148120448503,1.230355354170757,1.0,Moderate Erosion,0.48229262384847404
1855,4.145401826392813,62.48122817528055,29.576729216116604,14.583956587221934,6.357831847430948,472006.94384403905,1489810.3125410522,179.93972543375196,1.1615850497212699,1.1625722330339707,1.0,Accretion / Land Gain,5.0633069789105605
1856,112.55070337483896,23.1392911687327,20.371940690315103,-22.35285305152657,-23.044690671130965,471825.4080304084,1489828.948905108,-90.06049497003823,0.8880042931793746,1.1047746238255167,8.412547750949264,Severe Erosion,-20.11122166375459
1857,317.2395482347929,317.2395482347929,39.44948477793189,0.0,-69.44751586421525,471744.38913720846,1489769.598085429,78.28632337338712,1.520434202289967,1.0844723382686667,7.98866933392881,Severe Erosion,-71.82203414732787
1858,412.4956131650656,383.3274830260478,380.3974048601197,-7.292032534754455,-8.024552076236489,471744.2387221745,1489627.9342388597,-0.06083264437471333,1.3302699027235636,1.1082141174212583,1.0,Severe Erosion,-3.6680655889502685
1859,149.98298418704923,149.98298418704923,0.4059988092902862,0.0,-37.394246344439736,471598.439893204,1489667.196819461,179.93885216956397,0.9985299402705746,1.0615335356132924,1.0,Severe Erosion,-44.124144745673476
1860,149.98447118382725,179.15242903413775,175.41584292200517,7.291989462577625,6.357842934544479,471627.7279048979,1489779.6615802513,179.938910169509,1.219383424323776,0.9352063185338353,1.0,Accretion / Land Gain,6.989740832276538
1861,33.31513413210224,33.31513413210224,29.578550204643065,0.0,-0.934145981864793,471627.8789581659,1489921.3256482298,179.93890537703467,1.4912658707083208,1.2683538754845358,1.0,Moderate Erosion,8.76049901342663
1862,112.55054091505885,112.55054091505885,109.78319155160344,0.0,-0.6918373408638487,471514.6273710895,1490008.1026707347,-90.06128725908918,0.6499505301455536,1.1182553185160469,8.034951994840252,Moderate Erosion,-5.693493963891722
1863,500.0000000000013,62.484285518695565,1.2187624512315116,-109.37892862032643,-124.69530938719244,471365.47150378296,1490017.0356108556,-0.061664740649923194,1.0979077534016901,1.137768400275872,1.0,Severe Erosion,-128.0840342398167
1864,149.98669019968742,149.98669004695063,147.0566070264009,-3.8184197137525195e-08,-0.7325207933216262,471219.5744455141,1489963.0316042951,-0.061976981862367234,1.2766534965756369,1.1007557510426937,1.0420830815306326,Moderate Erosion,1.8370184549729487
1865,82.74659311998829,82.74658791063244,79.97923776982728,-1.3023389620059334e-06,-0.6918388375402529,471093.32115607243,1489889.3417075013,-90.06225597257556,0.8269375034185285,1.0458563915975252,7.4679047751916885,Moderate Erosion,0.20607007215773687
1866,354.160737069962,354.160737069962,146.2492097384379,0.0,-51.97788183288103,470956.98846831743,1489893.545282618,179.9374595538789,1.2530311294845244,1.0898330558404372,1.0,Severe Erosion,-50.22473133651324
1867,82.74650899130951,52.94268342227568,50.17533388577199,-7.450956392258458,-8.14279377638438,470872.20923155115,1489949.1905029356,-90.06269808084481,0.8733783090153471,0.9773012187633989,8.132945943543891,Severe Erosion,-5.696858125646063
1868,52.94261908811646,52.94261908811646,50.17526953158727,0.0,-0.6918373891322975,470791.55517691583,1490068.4942714565,-90.06289144735159,0.8952084612569778,1.288585831636195,7.849426158710473,Moderate Erosion,2.481769953676552
1869,500.0000000000191,470.8324780725017,262.9232604981256,-7.291880481879346,-59.26918487547337,470723.9836309619,1490200.851593002,179.93694655900634,1.3668951722646023,1.0089451389702988,1.0,Severe Erosion,-53.72068566569226
1870,62.488077617742896,499.9999984657039,58.7514984347205,109.37798021199026,-0.9341447957555982,470578.206003928,1490255.175027501,179.93662686393694,1.2619152264017122,1.0256751005571783,1.0,Moderate Erosion,1.1149484888869647
1871,179.15996410896983,33.323608260049106,29.58703166360261,-36.45908896223018,-37.39323311134181,470549.2276977781,1490426.0398902334,179.93655967924695,1.1642542487069858,1.0746594370413618,1.0,Severe Erosion,-38.59952138443452
1872,291.37310002352933,291.3730414297992,288.60569278708465,-1.464843253984327e-05,-0.6918518091111707,470497.44079959934,1490515.8765475382,-90.06350688512282,0.9008863008923776,1.2137879165118486,7.397104757607064,Moderate Erosion,2.6710166969024858
1873,295.8295594876643,295.8295611792964,292.89947025883856,4.229080161621823e-07,-0.7325223072064375,470374.3048757107,1490498.7377400766,-0.06382043035290988,1.4845367396705371,1.1117384381956679,1.0,Moderate Erosion,8.766887367269641
1874,380.784656407908,350.9808196406792,347.0815026600317,-7.4509591918072,-8.425788436969086,470268.75069555116,1490426.7196271343,89.93596278771221,1.580104688209776,1.0109958416672005,8.17149950689555,Severe Erosion,-9.088957168881953
1875,261.56919667715124,261.56919667715124,109.78272078892968,0.0,-37.94661897205539,470282.1116580581,1490307.4892698468,-90.06406359924601,0.6538208543381744,1.2090852074285976,8.308180437499477,Severe Erosion,-42.8192654954086
1876,149.99257920429085,149.99257950371114,146.25600274815693,7.485507325100117e-08,-0.9341441140334794,470199.2184213865,1490424.5577638499,179.93580634693382,1.366510256541241,1.1683459803454361,1.0,Moderate Erosion,4.601259232401384
1877,470.1961437353081,470.1961437353081,199.1941537554225,0.0,-67.7504974949714,470150.64691398275,1490575.871217063,-90.0642948386471,0.7819430772540327,1.154390300135478,8.382276551504098,Severe Erosion,-68.35240331473939
1878,261.56925599036794,231.7654186334492,227.8661012343444,-7.450959339229684,-8.425788689005891,470242.01559378754,1490545.9649951544,89.93602060423243,1.2740993187159804,1.1682884726431484,7.9772795740072056,Severe Erosion,-19.289136419076073
1879,410.58847993374206,410.58848434798097,406.6891668279902,1.103559725379455e-06,-0.974828276437961,470382.4742241017,1490605.4158961326,89.93620660694098,1.7271130036385614,1.3031464168978133,7.643820740142899,Moderate Erosion,3.2622801093141467
1880,321.1769547053857,291.3731296100677,287.47381243972603,-7.450956273829504,-8.425785566414916,470405.0574450717,1490724.6061942696,89.93626443680115,1.5197005246222193,1.2875389684547163,7.774279109218545,Severe Erosion,-11.10242649618453
1881,291.3731334976328,201.9616298148452,198.06231309896245,-22.352875920696903,-23.32770509966759,470545.44970637135,1490724.450328896,89.93645297415092,1.586419761631696,1.0577926703579918,7.762913950363558,Severe Erosion,-23.78037151118839
1882,237.497234377768,295.83118647722563,1.2313061002745336,14.583488024864408,-59.066482069373365,470666.2042322449,1490704.7007197514,-0.0632007770680269,1.2493558250149661,1.2424532072848864,1.0,Severe Erosion,-57.40658041652829
1883,142.35400877557424,112.55020153575803,108.650883412422,-7.450951809954052,-8.42578134078806,470591.49289285805,1490605.1839585842,89.93670930650502,1.628574707924961,1.1422487078955132,8.102794097396355,Severe Erosion,-7.473282941892728
1884,231.76554241077173,201.9618222447841,198.0625049349724,-7.450930041496903,-8.425759368949826,470643.64844920154,1490515.7147713182,89.93683870665205,1.7064175295258421,1.1506679750174442,7.470535310762853,Severe Erosion,-4.878500283254629
1885,52.94261650152314,52.94261650152314,49.04329944892685,0.0,-0.974829263149072,470784.0407667946,1490515.5601725695,89.9370900364213,1.534676803299898,0.9753571631028638,7.8256345900713145,Moderate Erosion,-3.152261115998289
1886,179.15967293899786,179.15967288102306,176.22958331597644,-1.4493700462026028e-08,-0.7325224057553541,470870.04115072824,1490401.5910905257,-0.06274795659688483,1.2765278064373735,1.096014247777081,1.0,Moderate Erosion,1.8330065851250597
1887,120.82348216266944,120.82348332542628,117.89339546059811,2.906892113685444e-07,-0.7325216755178303,470957.4201637958,1490288.9975849015,-0.0625551737252977,1.1606312809509092,1.0435336113653533,1.0,Moderate Erosion,-2.0302550634374166
1888,82.7465818411681,82.7465818411681,78.84726488734472,0.0,-0.9748292384558432,471026.133583167,1490276.864625916,89.93763390389917,1.7108213351694337,1.174686918988382,8.227453107131275,Moderate Erosion,2.719223165981672
1889,62.48968667708698,33.32233705231782,29.58575935831909,-7.29183740619229,-8.225981829691971,471161.64888554526,1490341.2721601902,179.93788215540857,1.2927387868819478,1.1947505896164259,1.0,Severe Erosion,-5.149144409626704
1890,149.99123803984182,266.66083512692205,176.22855025955312,29.16739927177006,6.559328054927825,471278.28194890654,1490307.5286482668,-0.0618659278574847,1.0592522891228706,0.9427796107594351,1.0,Accretion / Land Gain,1.882134544704848
1891,321.17714492386784,321.1771088227572,317.277792338223,-9.025277662999542e-06,-0.9748381464112156,471387.6393357906,1490216.8657021045,89.9384530334906,1.7628970866463478,1.1060985811231965,8.094412609931606,Moderate Erosion,4.455072434463945
1892,321.177113168797,23.13892957104664,20.371580012172704,-74.5095458994376,-75.20138328915607,471466.5810116624,1490306.1923597893,-90.06145634638877,0.7196057133337117,1.1984745345011303,7.8455862788353405,Severe Erosion,-77.88120051472632
1893,23.138868931198125,52.942678522471205,50.1753291612849,7.45095239781827,6.759115057521694,471356.0886356985,1490395.7226112196,-90.0617426942311,0.9212089019922356,1.0946543336753007,7.6336933385452985,Accretion / Land Gain,10.79940404892742
1894,354.16403949705455,354.16403949705455,350.4274639875167,0.0,-0.9341438773844573,471307.6450025444,1490488.8963236983,179.93818598561253,1.2555246401564608,1.1688085042092615,1.0,Moderate Erosion,0.9022926896222458
1895,354.1651383986692,354.16513813661805,350.42856566202965,-6.551279341238114e-08,-0.9341431841598932,471307.8607741172,1490688.896207305,179.93818598561253,1.476159094665528,1.140485493335252,1.0,Moderate Erosion,8.256775199815719
1896,82.74642144480828,82.74642144480828,79.97907242789185,0.0,-0.6918372542291067,471172.454892649,1490753.567157505,-90.06204003441708,0.7664803371366098,1.1403388431040802,7.926279709419164,Moderate Erosion,-1.8091671660883675
1897,237.4985628914237,33.33081354751936,29.594243175835125,-51.04193733597608,-51.97607992889714,471045.5078456034,1490826.6785958693,179.93761066189893,1.1480380402433978,1.0919926476700197,1.0,Severe Erosion,-53.72266390948813
1898,4.167171491569168,441.6667178349522,146.26377072039915,109.37488658584576,35.52414980720749,471016.5272505055,1490997.5434921817,179.93754352723602,1.1975230874660536,1.017979654816614,1.0,Accretion / Land Gain,35.42705177776883
1899,91.66882213443066,91.66882213443066,87.93225607170189,0.0,-0.9341415156821924,471104.1493929346,1491109.9483725727,179.93772658175033,1.154957782963235,1.026635151088652,1.0,Moderate Erosion,-2.4500404298535696
1900,82.7464423663844,82.74637094787086,78.84705412099517,-1.785462838554963e-05,-0.974847061347308,471243.2687448232,1491170.7442822792,89.93794293012063,1.7199910506701246,1.1736722660237464,8.323858319635638,Moderate Erosion,3.024862448362942
1901,23.138735324566376,23.138735324566376,19.23941842840492,0.0,-0.9748292240403638,471324.1178221682,1491230.264645356,89.93819195202634,1.3575531759925212,1.119033847431994,8.092280044790172,Moderate Erosion,-9.056382266223302
1902,91.67184728730577,295.83590892920625,0.4364097572548329,51.041015410475126,-22.808859382512733,471454.3517948156,1491299.9656583713,179.93847181985672,1.0423771847759926,1.107042052312904,1.0,Severe Erosion,-28.077271478244505
1903,237.50416157785497,325.0027688063369,117.10279807453742,21.87465180712049,-30.10034087582939,471571.1060534798,1491383.175566148,179.93871908418586,1.0402573831813915,1.0849801713017242,1.0,Severe Erosion,-35.43935548372535
1904,354.1695970881394,354.1695986111437,87.93835359236178,3.807510751130394e-07,-66.55781087394442,471658.7245802533,1491495.5836563834,179.93890470001847,1.3429726643720763,1.0955095750815846,1.0,Severe Erosion,-61.806272914076544
1905,410.5885782138327,410.5885580297326,407.8212097765972,-5.0460250236028514e-06,-0.6918421093088796,471491.11981688277,1491528.1236234277,-90.0613485974247,1.0565922351819619,1.203975748566865,8.497140439249861,Moderate Erosion,7.861224753600746
1906,33.343005656018164,33.34300738245839,29.60644755327592,4.316100561396752e-07,-0.9341395256855608,471337.9189294872,1491515.4933077476,179.93821127200138,1.1847639838334454,1.0932876164198984,1.0,Moderate Erosion,-1.4563856183729182
1907,33.344953843402166,266.67245767475424,0.4424603935038012,58.33187595783802,-8.225623362474591,471250.54247501254,1491628.0897842986,179.938018392416,1.1751094546883085,1.0138506687038882,1.0,Severe Erosion,-9.069731978424645
1908,470.1961566357869,440.392304646828,347.0814489324256,-7.450962997239728,-30.778676925840344,471138.1850747493,1491707.3276341362,89.93779525387343,1.6105075887278169,1.1813486700949267,8.652047271166559,Severe Erosion,-30.428416110274437
1909,412.5030005354653,383.3373344576578,379.6007800348725,-7.291416519451872,-8.22555512514819,471163.32050648343,1491882.3549715676,179.93782244124398,1.374715826554486,1.1070487232680972,1.0,Severe Erosion,-2.416163612107238
1910,412.5033744109391,412.5033744109391,87.94590813240782,0.0,-81.13936656963281,471250.93918301933,1491994.763296697,179.9380038115544,1.0613298448317816,1.1269597518522076,1.0,Severe Erosion,-85.77613224058568
1911,52.94227120838064,82.74611532614438,78.846797984423,7.4509610294409345,6.476131694010592,471321.3831340611,1492124.383429622,89.93815559992416,1.6357551143943745,1.2542112617607024,7.498634652365128,Accretion / Land Gain,7.667976607684517
1912,4.189705963866188,4.189706027312751,1.2595889468661765,1.586164088962505e-08,-0.7325292542500028,471367.83106057555,1492207.8450730247,-0.06175307959311872,1.3458485267259732,1.1247011825323339,1.0,Moderate Erosion,4.143458894662146
1913,499.99999999991616,470.0574861418349,18.00216477586996,-7.485628464520317,-120.49945880601156,471280.3424455747,1492214.6508063844,-13.145007694518137,1.184197594624982,1.1495410117058067,1.772461815330141,Severe Erosion,-117.99398795631234
1914,112.54981918504996,112.54981918504996,109.78247035936177,0.0,-0.691837206422047,471140.6961559243,1492154.3829924373,-90.06228592137192,0.8284374788446375,1.0315578274225436,8.629653987316441,Moderate Erosion,0.25607087657166994
1915,201.9613468127855,201.96134040016003,199.1939921764857,-1.6031563703222671e-06,-0.6918386590749535,471000.3038940296,1492154.5358490325,-90.06253753128281,0.9501571521533094,1.1082995084888279,7.8616323223685,Moderate Erosion,4.313391803760752
1916,321.17678276239064,321.1768043353269,318.4094551767543,5.393234062012198e-06,-0.6918318964090844,470859.97692991846,1492214.297178049,-90.0629174074222,0.39451539722180334,1.1751652692478922,7.6650428606932355,Moderate Erosion,-14.20799336140527
1917,410.5883888278028,410.5883888278028,407.8210400746795,0.0,-0.6918371882808287,470719.6503385653,1492274.0592480402,-90.06314004237537,0.9016815408111297,1.0025018393998846,8.358313629664499,Moderate Erosion,2.6975394093737095
1918,291.3728687605914,291.3728687605914,288.6055198339667,0.0,-0.69183723165618,470579.3240533395,1492333.8220623692,-90.06351997188004,0.7018888933441318,1.143526324805719,8.370107840821824,Moderate Erosion,-3.962215647293299
1919,112.54958094845207,112.54958094845207,109.78223245401485,0.0,-0.6918371236093073,470468.63645946194,1492244.5332084403,-90.06367350448859,0.5254053124745114,1.1347340845106768,8.067455606984478,Moderate Erosion,-9.845001607891591
1920,23.1381053045876,23.138046563242217,20.37069831299946,-1.4685336346076385e-05,-0.6918517478970356,470298.40730215044,1492214.9193976808,-90.06398677291011,0.8766806393681745,1.1297116932850917,8.270537830281414,Moderate Erosion,1.864161249727868
1921,350.9806218585176,559.6077557253809,49.042595923636185,52.15678346671582,-75.48450648372037,470244.3692806576,1492155.371787348,89.93579556803476,1.8060485306351308,1.2088532027134722,7.98492012891685,Severe Erosion,-68.61621375790558
1924,52.94165380162647,52.94167984305192,50.17433082164448,6.510356362454672e-06,-0.6918307449954995,470119.1483801576,1492185.316225473,-90.06442583962358,0.7793829756802428,1.152901383765341,8.093540982915767,Moderate Erosion,-1.3790733181339587
1925,4.1910175247175125,62.521476768040216,58.78492836716267,14.582614810830677,13.648477710611289,470201.31229807733,1492292.275865926,179.9357276362913,1.3433798877322383,1.2453382888947526,1.0,Accretion / Land Gain,18.41285044662598
1926,201.9612078712592,470.1961139029366,138.45412916430922,67.05872650791935,-15.876769676737496,470183.1232116533,1492334.2638536654,89.9356622191795,1.8418414865146975,1.047975445861993,8.250122289936616,Severe Erosion,-7.8153783867942686
1927,33.358127625013374,33.358127625013374,29.62158084686336,0.0,-0.9341366945375036,470201.43241170276,1492399.3465847704,179.93572196669712,1.3976859132706136,1.1389086466260026,1.0,Moderate Erosion,5.640435573382733
1928,231.76491157292853,231.76497499626896,228.9976265058021,1.585583510888e-05,-0.6918212667816164,470085.3089221998,1492364.1777515612,-90.06455924184031,1.045994933328409,1.1344831255111494,8.540939939916452,Moderate Erosion,7.508001380075349
1929,142.35330000059352,142.35330000059352,139.58595197636637,0.0,-0.6918370060567867,469915.0792859894,1492334.5660816221,-90.06477815487875,0.9113193793084495,1.041924908526356,7.05405273793008,Moderate Erosion,3.0188004493026748
1930,23.137611169629945,23.137611169629945,20.37026317059401,0.0,-0.6918369997589826,469774.68728619866,1492334.7254612434,-90.0652185289408,0.8113153049706008,1.2039702714098925,8.820824141861536,Moderate Erosion,-0.3146688052510186
1931,500.0000000000231,237.5147755440485,0.4580729510394872,-65.62130611399365,-124.8854817622459,469734.8988424689,1492494.8000415482,179.93471473326423,0.9601609052598328,1.3148441652112988,1.0,Severe Erosion,-132.89531082173175
1932,500.00000000002217,383.3403905318235,379.603846674764,-29.164902367049663,-30.09903833131453,469764.1919305444,1492607.27182756,179.93476998179312,1.1635460181176713,1.128489186086654,1.0,Severe Erosion,-31.329350771964275
1933,231.76485783604423,261.56875044087644,258.8014022483138,7.450973151208053,6.759136103067398,469619.5636148756,1492662.745510896,-90.06542134033421,0.6735132714521159,1.1707323151116047,7.9836277709310774,Accretion / Land Gain,2.542903126486439
1934,52.941379353141045,201.96089018533425,20.370097117852573,37.2548777080483,-8.142820558822118,469508.9411055509,1492633.0683791752,-90.06579758795466,1.1256416713820578,1.1368349781608034,7.941402456561019,Severe Erosion,2.7118930286669514
1935,325.010575453603,587.4947037875964,322.0804525584528,65.62103208349836,-0.7325307237875478,469385.0587239284,1492616.6820606817,-0.06604862758828146,1.173156021830139,1.072844582583602,1.0,Moderate Erosion,-1.6119597859492307
1936,321.1765218877026,321.1765380624583,318.4091896741379,4.043688917931831e-06,-0.6918330533911785,469287.6959107375,1492573.7154478105,-90.0662669103077,0.8184809885511454,0.983897244642298,7.576860001886455,Moderate Erosion,-0.07580901946875018
1937,62.52729698395908,62.52729698395908,58.79075394394161,0.0,-0.9341357600043684,469180.96264541324,1492666.9978708976,179.93350832028887,1.2831870057963324,1.0739055600969054,1.0,Moderate Erosion,1.8232911201979696
1938,237.517172934239,237.517172934239,146.28636705152735,0.0,-22.807701470677912,469122.72988182894,1492750.4063059723,179.93337986395403,1.2070054631399205,1.0197311455775488,1.0,Severe Erosion,-22.589689238815645
1940,321.1765110475873,440.392178642012,317.2772003968794,29.80391689860617,-0.9748276626769864,469283.25560921984,1492752.5441919125,89.93359944734665,1.8542573874509678,1.2674344053270685,8.118051019462065,Moderate Erosion,7.500427539476778
1941,33.364205683412024,33.364205683412024,29.62766417271221,0.0,-0.934135377674954,469414.39062034996,1492761.6604595822,179.93400524356352,1.1070633259535043,1.1219759989091274,1.0,Moderate Erosion,-4.047382186347214
1942,62.5317622929028,62.53176164493475,58.7952227186643,-1.6199201269273544e-07,-0.9341348935596248,469443.7519303809,1492932.4621796885,179.93406365369916,1.2296514407198553,1.1049756828423243,1.0,Moderate Erosion,0.03890238262658885
1943,150.02646485897114,150.02646525944013,146.28992753859924,1.0011724782543753e-07,-0.9341343300929736,469385.5174822086,1493014.5924107332,179.93393519739243,1.0890906313731656,1.20448098390701,1.0,Moderate Erosion,-4.646487258583215
1944,23.137459943951985,321.17655286412435,78.84594879161963,74.5097732300431,13.927122211916911,469490.14656543545,1493109.9528170407,89.93415031847834,1.4019963591416964,1.0444168312001199,7.795969136457617,Accretion / Land Gain,7.327009655813383
1945,440.3921970606882,589.4117066566109,407.82093303324086,37.25487739898068,-8.142816006861835,469520.39002716047,1493020.5063129694,-90.06578287368974,0.7082349000036384,1.072049800477554,8.114903732822345,Severe Erosion,-11.201661461388262
1946,261.5686878090285,261.5686878090285,257.6693687766329,0.0,-0.974829758098906,469536.13095101574,1492931.076484552,89.93425245121145,1.5944442170863755,1.1380831832035336,8.377480935175166,Moderate Erosion,-1.160013743340966
1947,344.36824548435186,0.0876557778370493,29.033913218890184,-86.07014742662871,-78.83358306636542,469676.5230107685,1492930.915717001,129.93770185716573,1.4423018255552043,1.214937548700746,5.8946314509767275,Severe Erosion,-80.98009418895172
1948,23.137566884213967,23.137566884213967,19.238248696214256,0.0,-0.9748295469999276,469757.4432867606,1493050.0391294467,89.93471934564595,1.4961365933896338,1.1737844032617146,7.652487789585082,Moderate Erosion,-4.436934446369207
1949,441.67146745861,412.5072004105188,408.770665331513,-7.291066762022794,-8.225200531774249,469823.177665365,1493184.3828853574,179.93486967660607,0.9895070757857458,1.1546508659269998,1.0,Severe Erosion,-15.256787850133417
1950,23.1375010160353,23.1375010160353,19.23818252687673,0.0,-0.9748296222896426,469859.74298502255,1493347.9620713685,89.93495837574105,1.5875339063742318,1.142405316943575,7.986993288147645,Moderate Erosion,-1.3903574854331164
1951,295.8520865439822,266.6881014396272,29.63971212745229,-7.290996276088748,-66.55309360413247,469794.30264537106,1493438.5956521807,179.93479651882947,0.97474714996917,1.1689290590274324,1.0,Severe Erosion,-74.07669547428748
1952,52.9411418557026,201.9607745100176,79.97770903038922,37.25490816357874,6.759141793671656,469682.66768215975,1493526.987344371,-90.06542702326878,0.9140086553482879,1.1537743604388844,7.63767589875459,Accretion / Land Gain,10.55942161211967
1953,354.18143916766365,354.1814393114368,350.44491193291867,3.5943287457484985e-08,-0.9341318086862458,469648.7734626913,1493692.9423009022,179.93447276498406,1.2128234292407525,1.0566086431934174,1.0,Moderate Erosion,-0.5219330440137293
1954,23.137094525622103,380.78420246374,20.369706237610608,89.41177698452947,-0.691847072002874,469609.5370710836,1493795.3064809698,-90.06559597717967,0.5813675372237616,1.1435278042443757,7.786793124399442,Moderate Erosion,-7.979604569327527
1955,470.1960677130821,470.19609593776255,466.29677728464776,7.05617011931281e-06,-0.9748226071085782,469535.8564838735,1493914.6067517241,89.93427294179911,1.5536183752502852,1.054913295354333,7.693453692449289,Moderate Erosion,-2.5208679923578954
1956,201.96066762252732,559.6077989660242,199.1932524708185,89.41178283587422,-0.6918537879272222,469621.8732816692,1493974.1160435989,-90.06560367448776,0.6871768013664394,1.1477747749457226,7.968479395867342,Moderate Erosion,-4.452635815880138
1957,52.94114751560203,23.137241104715507,19.237922292260315,-7.450976602721631,-8.42580630583543,469700.0553836355,1493974.026633011,89.93455376681166,1.647875915614864,1.1028356166063622,7.745256695331581,Severe Erosion,-6.829933753739527
1960,82.74497897237332,52.94106886070757,49.04175005662391,-7.450977527916438,-8.425807228937352,469709.44327930995,1494272.0554197214,89.93463543565022,1.801067306606314,1.346815236868579,8.296401574591428,Severe Erosion,-1.723554998821629
1972,325.0187025788413,354.1822537045029,351.2521122147001,7.290887781415392,6.558352408964694,469736.43488944985,1493842.209485322,-0.06534538111067759,0.9182679328314951,1.137030869559267,1.0,Accretion / Land Gain,-2.8175099392640277
1973,82.74517866222435,52.94126764420174,49.04194895112232,-7.450977754505653,-8.425807427775506,469829.6574649132,1493735.4474091246,89.9348788413385,1.6172536535099433,1.0270145999646971,8.060184632266175,Severe Erosion,-7.850677032038421
1974,354.1810226505958,412.5086150890811,409.5784769960814,14.58189810962132,13.849363586371396,469794.5058257935,1493617.1250884868,-0.06521177878854564,1.175524816662919,1.1276503324305787,1.0,Accretion / Land Gain,13.048699608538195
1975,266.688815369642,266.6888158463047,0.4772513717450968,1.191656764376603e-07,-66.55289099947423,469852.72152582346,1493518.5928483137,179.93491860520473,1.3011553652182533,1.1791214733884703,1.0,Severe Erosion,-63.1961906172219
1976,295.85264247249364,266.6887318802172,59.611202290827656,-7.290977648069116,-59.060360045416495,469911.0424233407,1493512.4716100371,-0.06495420578546464,1.2315260284311955,1.2713912956799571,1.0,Severe Erosion,-57.99437690422805
1977,325.0171164387505,325.0171159481761,29.64249785445605,-1.226435983880947e-07,-73.84365464607362,469940.2985178405,1493593.8506255194,179.935106212079,1.0876576442476409,1.0910371709394864,1.0,Severe Erosion,-77.60350130476772
1978,380.7843536934295,380.7843689019368,376.8850503755514,3.802126812502138e-06,-0.9748258294695232,470058.4604533912,1493615.972534961,89.93541912032009,1.5521416555570675,1.011781039895203,7.6817328646108844,Moderate Erosion,-2.570095507802614
1979,120.86907028240222,91.70514822748576,88.77501189254356,-7.290980513729114,-8.023514597464665,470086.01410186477,1493501.9511425798,-0.06457772138242338,1.0801452840303059,1.2027821452543608,1.0,Severe Erosion,-12.003643881482109
1980,295.85216937967226,295.85216937967226,1.282222190077576,0.0,-73.64248679739867,469998.4626186018,1493449.149478569,-0.06476343060898769,1.360948936846463,1.0265498784822469,1.0,Severe Erosion,-68.26245110440568
1981,441.6717993712665,441.6717994953654,30.44419886501989,3.1024725899442274e-08,-102.80690012656166,469910.8432157981,1493336.7405832692,-0.06494720883913473,1.2027433303442026,1.1011698063749633,1.0,Severe Erosion,-102.70034188320194
1982,52.941468276993625,52.941468276993625,49.04214979747358,0.0,-0.974829619880012,469884.6648095716,1493169.110215668,89.93502894551442,1.8851783456904578,1.114046575016392,8.075224199346845,Moderate Erosion,8.531123808885026
1983,112.54931702946128,23.13762048844264,19.238302651697914,-22.35292413525466,-23.327753594440843,469936.82302336075,1493079.63932898,89.93506423040105,1.5909006210345713,1.1283297696515118,7.659522669156298,Severe Erosion,-23.631057663513946
1984,4.202820264000194,295.84824228035205,292.9181144615953,72.91135550408796,72.17882354939877,469881.23004861106,1492940.9243819392,-0.06499361280066474,1.0932852440462844,1.1878545952301196,1.0,Accretion / Land Gain,68.63678971484646
1985,380.7843848975662,410.5882848113353,50.17401796348585,7.450974978442275,-82.6525917335201,469780.905667449,1492960.6006490353,-90.06518241696023,0.5729430999565468,1.078198470738256,8.88383705344753,Severe Erosion,-90.22116369658423
1986,410.5882996163191,112.54939161189876,49.04223724512877,-74.50972700110509,-90.38651559279758,469858.769347907,1492871.1003702385,89.93497874625974,1.3295287909915579,1.1102263002049182,7.6853660119758525,Severe Erosion,-99.4022139740773
1987,321.1765699536471,321.1765546776187,318.4092065226216,-3.819007105221317e-06,-0.6918408577563753,469763.14031153324,1492871.2090923523,-90.06530445330993,0.5623798683678014,1.130983943137039,8.132943736917094,Moderate Erosion,-8.612520572783824
1988,4.200380425895342,295.84723989409014,205.42306191846737,72.9117148670487,50.30567037314301,469618.6059271397,1492815.8450752965,-0.06555360863472834,1.2396113472286725,1.1436186263612336,1.0,Accretion / Land Gain,51.641303628200426
1989,23.137626233350144,112.54929402384172,108.64997586100004,22.35291694762289,21.378087406912478,469754.9143800435,1492811.6106510116,89.93482395966583,1.6763084946866615,1.1394405935093934,8.181556915819968,Accretion / Land Gain,23.921712523062148
1990,4.199024121143481,4.199024121143481,1.2688994757409375,0.0,-0.7325311613506358,469880.9994664773,1492737.6361981838,-0.06498470486755357,0.9623677159670987,1.1658581897964502,1.0,Moderate Erosion,-8.638484671511304
1991,201.96113750240497,201.9610775824694,49.04238440871078,-1.4979983895102578e-05,-38.22968827342355,469975.8882365815,1492632.5363844526,89.9353979227078,1.7342554928516467,1.1975760479507371,7.750061067430794,Severe Erosion,-33.754496703042975
1992,52.94172959060272,231.7650396452732,78.84627788469045,44.705827513667614,6.476137073521933,470146.11774500314,1492662.1483696767,89.93567980159163,1.5275405902017007,1.1617361874762913,7.5594803631484035,Accretion / Land Gain,4.060831815104736
1993,150.0224047976061,150.0224047976061,30.43306203268453,0.0,-29.897335691230392,470260.0939508702,1492695.17514315,-0.06416477482149241,1.2215709972576914,1.166897992014658,1.0,Severe Erosion,-29.163370631302644
1994,52.94195373171347,52.9418167107948,49.0424998209325,-3.425522966793437e-05,-0.9748634776952424,470426.9022467498,1492661.8342220946,89.93621463775436,1.8418328463667315,1.0037448850476156,8.402916785557666,Moderate Erosion,7.08623966358188
1995,261.5689904486735,231.76510789473664,19.238687574857668,-7.450970638484215,-60.58257571845396,470537.39119386964,1492572.2997066027,89.93643860673242,1.7345256512458902,1.133563968880044,8.009349163184611,Severe Erosion,-56.0983791391263
1996,499.9999999999992,441.6700689947428,205.420199179324,-14.582482751314105,-73.6449502051688,470639.0577417799,1492533.504254733,-0.06333993558710958,1.1592782067345953,1.1675685694493698,1.0,Severe Erosion,-74.98760344469795
1997,350.9806957224986,321.1767664030511,19.238808690229884,-7.450982329861873,-82.93547175806718,470641.77602486627,1492452.968532883,89.93669524591171,1.4663209220373639,1.1868198949510167,8.635804331434684,Severe Erosion,-87.39143288514362
1998,410.5883909344069,410.58839451906965,19.2388321578009,8.961656874362234e-07,-97.8373896941515,470752.2656338793,1492363.434969271,89.93685624904312,1.277227446890578,1.072331190647281,7.699831090697614,Severe Erosion,-108.59646670079802
1999,321.17677566390466,321.17677566390466,317.2774584927108,0.0,-0.9748292927984608,470862.88673829526,1492393.1173148942,89.93723246996353,1.4921267620895835,1.0752568657606751,7.135182279547957,Moderate Erosion,-4.570595889010561
2000,201.9613444121455,201.9617365408593,19.23888197717962,9.80321784496141e-05,-45.68061560874147,471003.34405782283,1492452.5713638559,89.93751312153695,1.568330226293426,1.082573069468313,8.183350846334429,Severe Erosion,-46.73626680287994
2001,441.6700659197343,441.6700661411564,117.11892823563308,5.5355513950416935e-08,-81.13778442102532,471134.8487554962,1492520.9979866995,179.93773027365648,1.0523577955413466,1.1720120432431549,1.0,Severe Erosion,-86.07368205678124
2002,441.6702389030518,412.5053574757282,409.57523438242254,-7.291220356830905,-8.023751130157322,471251.59250483225,1492598.429989371,-0.06202048765821105,1.1798784703353793,1.2124833698953421,1.0,Severe Erosion,-8.680035965618845
2003,410.5884042173605,380.78453558210185,139.5862195621644,-7.450967158814663,-67.75054616379903,471167.79103241675,1492482.196208536,-90.06217351666903,0.8115280179463324,1.096163388637927,7.847540211280287,Severe Erosion,-67.36628674900518
2004,52.942149754959445,52.942149754959445,49.04283237267587,0.0,-0.9748293455708944,471240.872021436,1492422.50921957,89.93795473621626,1.5662713681968683,1.200874810242989,8.241480605579278,Moderate Erosion,-2.099109254611287
2005,172.15760237021416,172.15760237021416,168.25828492859222,0.0,-0.9748293604054864,471351.36373804905,1492332.9781959727,89.93824148426684,1.5024993805073743,1.1373296720242585,8.560595491238729,Moderate Erosion,-4.224842264522785
2006,470.1961385752404,500.0000000000119,199.19408609968093,7.450965356192867,-67.75051311888987,471477.43320063164,1492273.2347772685,-90.0615359341467,0.8252984314921885,1.1169815948199577,7.5164518402081235,Severe Erosion,-66.90723975905624
2007,383.338539377452,412.5039053588168,205.4162144466814,7.2913414953412,-44.48058123269264,471455.26876856544,1492153.6250046554,-0.06156256122766715,1.2658613097623552,1.1089542343620886,1.0,Severe Erosion,-42.2708779848456
2008,201.9614520579274,201.9614520579274,199.19410283102224,0.0,-0.691837306726292,471373.93831689714,1492034.9151419804,-90.06171497325194,0.6364403704251345,1.1845361496317952,7.9697269301059475,Moderate Erosion,-6.143832693940523
2009,52.94217852408141,23.138294242943253,20.370945192387413,-7.45097107028454,-8.1428083329235,471293.0251615289,1491915.7869729644,-90.06189881483733,1.0116400903880092,1.1497858153163283,8.61501585909236,Severe Erosion,-1.0881464341921507
2010,350.98077290121665,350.98077773524926,19.239221429516324,1.2085081522172914e-06,-82.93538786792509,471259.5018617179,1491766.8038818007,89.93804436916139,1.5852115463025787,1.3044617375805432,7.73664223572818,Severe Erosion,-83.4283285293464
2011,112.5500981543658,112.5501290051425,108.65081170374788,7.71269417398912e-06,-0.9748216126544768,471340.1577260422,1491647.5013244536,89.93826929862755,1.6028272112818787,1.0531346745893568,7.762193878423428,Moderate Erosion,-0.8805734979302384
2012,237.5067376922665,150.008972826084,59.58109374568272,-21.874441216545627,-44.48141098664595,471483.89439928054,1491650.6874591627,-0.06147917150674073,1.3058029579851687,1.1627897860852798,1.0,Severe Erosion,-40.94033887036316
2013,325.00463016539453,558.3317948800316,146.27272402903043,58.33179117865926,-44.68297653409103,471542.24308336474,1491666.3961247557,179.93864719040056,1.235410743020814,1.079148504048326,1.0,Severe Erosion,-43.51689587777352
2014,4.179661280391179,4.179661280391179,1.2495523773337285,0.0,-0.7325272257643627,471717.2344999558,1491662.5883747744,-0.06097612511909287,1.3425448015079686,1.0519069884402685,1.0,Moderate Erosion,4.033155943801862
2015,33.34362054227104,4.177592187549918,1.2474849756051452,-7.29150708868028,-8.024033891666473,471804.61278565385,1491549.9933372254,-0.06078212162373819,1.2426442856003928,1.1195535452459695,1.0,Severe Erosion,-6.5884130656573525
2016,216.71456529995984,75.3028285538824,71.29813388206712,-35.35293418651936,-36.35410785447319,471833.59775084094,1491379.128651,57.40125471002406,1.4451200719040012,1.1298422722022072,7.625445539023973,Severe Erosion,-39.41629472767538
2017,91.67132488155336,91.67132488155336,88.74122193691801,0.0,-0.7325257361588378,471804.3122295137,1491266.658447207,-0.06077259003602682,1.2538012561440322,1.3512685481731075,1.0,Moderate Erosion,1.0749918898716704
2018,52.942649929857325,112.55031276100402,109.78296314838184,14.901915707786674,14.210078304631132,471788.829912053,1491140.3559544205,-90.06101866708316,0.6284412957369304,1.1019094308033393,7.871294381703321,Accretion / Land Gain,8.491447268027823
2019,112.55017015750904,23.138626680002,20.371276899043192,-22.35288586937676,-23.044723314616466,471588.8300254705,1491140.568949706,-90.06101866708316,0.8162841827015082,1.0262287823997114,7.987003048962566,Severe Erosion,-22.50192478573385
2020,91.66784031720296,91.66784037168529,88.73774085565415,1.3620581995610337e-08,-0.7325248653872016,471483.2458651229,1491046.1648689,-0.06145446541763273,1.1945864683809568,1.1376024273409124,1.0,Moderate Erosion,-0.8986748186095056
2021,91.50330283244595,62.32497457915085,59.39503736686706,-7.294582063323777,-8.027066366394724,471424.8231772925,1490962.8940671973,-1.682305768553215,1.1570394490078604,0.9490097483963176,1.0,Severe Erosion,-9.067650652757422
2022,142.35403785915088,112.5501954753684,79.97899379804497,-7.45096059594562,-15.593761015276478,471315.10990537674,1490872.6281924467,-90.06176207757217,0.7807196056800709,1.1067749852556983,8.793477006273287,Severe Erosion,-16.236448572471133
2023,470.8330488038847,441.6660949755328,438.7360005288217,-7.291738457087973,-8.02426206876575,471337.0492396391,1490708.8222233048,-0.0617560211118406,0.9172915048983002,1.1138635704095456,1.0,Severe Erosion,-17.433507296253946
2024,354.165117940423,354.16511573277984,292.90106307693617,-5.519107872942186e-07,-15.316013715871703,471453.69150769315,1490684.9722889005,-0.06150284372873107,1.1172618930723501,1.1759229913671214,1.0,Severe Erosion,-18.059638254576512
2025,383.33160213561706,383.3315999279154,380.4015075512171,-5.519254102637206e-07,-0.7325236460999918,471424.40367006283,1490572.5048401144,-0.06156025003438722,1.2134969636332746,1.189173133954241,1.0,Moderate Erosion,-0.2682991403944182
2026,266.66221227913826,266.6622129105171,263.732122239188,1.5784470974722353e-07,-0.7325225099875752,471511.7844166056,1490459.9125883125,-0.06136753053317543,1.223550032696875,1.0699198799942042,1.0,Moderate Erosion,0.06675944999942662
2027,62.489793842400445,33.32244193503198,30.392353008492183,-7.291837976842116,-8.024360208477065,471599.1659066347,1490347.3209511423,-0.061176038332976544,1.0454216396253608,1.0970733524650624,1.0,Severe Erosion,-13.162735913106856
2028,500.000000000092,499.9999936291436,496.100676978651,-1.5927370924373465e-06,-0.9748307553602444,471698.3072230991,1490365.5524588707,89.93907527475154,1.7898559499925895,1.0480085121640614,8.506659978537051,Moderate Erosion,5.353708448963259
2029,120.82344346823874,120.82344283878072,117.893355001478,-1.5736450365011478e-07,-0.7325221166901841,471744.92115054594,1490270.5524531275,-0.0608571236797846,1.0696489099751094,1.0181361689272574,1.0,Moderate Erosion,-5.063396357762688
2030,112.5507224835998,112.5507250680214,108.65140849416976,6.461054020689971e-07,-0.9748284973575068,471831.18745903834,1490216.3922964502,89.93930112468861,1.7454183556153822,1.1326483639454763,7.954732112945003,Moderate Erosion,3.872457505276177
2031,208.32449623178783,470.8324469732094,0.4150977279692709,65.6269876853554,-51.97734962595464,471919.79725666094,1490148.794383938,179.93952396640498,1.2645013565642693,1.005313814772849,1.0,Severe Erosion,-49.841377816596214
2032,500.00000000006384,500.00000000006384,108.65141531920143,0.0,-97.8371461702156,472022.403340362,1490067.1714464948,89.93974678144,1.5030656823437665,1.0732358604829693,7.604986391435941,Severe Erosion,-101.06828271943462
2033,33.315459585290895,500.0000000000124,497.0699169718416,116.67113510368036,115.93861434663768,472094.5830466096,1489939.4094333947,-0.060090868075559536,1.4658771205690138,1.02554303414909,1.0,Accretion / Land Gain,124.81516880968523
2034,62.48191175652904,499.9999999999927,497.06991819993215,109.37952206086592,108.64700161085078,472211.1670682184,1489855.958711586,-0.059836109884131315,1.0205367404608359,1.1483123306529917,1.0,Accretion / Land Gain,102.67881745206837
2035,201.96219835166497,201.96219835166497,198.06288249615469,0.0,-0.9748289638775702,472324.1153163391,1489828.4254601402,89.9403842972385,1.7378729095175074,1.2481811865229364,8.48359974908054,Moderate Erosion,3.6209419041724376
2036,261.5697552501603,589.411428567882,79.97963355754938,81.96041832943042,-45.39753042315273,472221.0090056273,1489917.9443833039,-90.05974483609558,0.950087565169479,1.0008194372511887,7.2880456074560875,Severe Erosion,-40.39461883293784
2037,500.00000000000375,589.4113631174216,258.8022883497845,22.352840779354462,-60.29942791255482,472110.5140142139,1490007.4713185187,-90.0600624000449,0.6994071884194578,0.9575816686470908,8.425663885317324,Severe Erosion,-63.652528957938046
2038,380.78482308947486,410.5886163605503,49.04383547362596,7.450948317768862,-82.93524690396222,472043.03434039775,1490126.757380492,89.93980723931969,1.8088695742736252,1.0969954224316403,9.00217514742228,Severe Erosion,-75.97292040364059
2039,91.65582775098832,704.1721294750903,87.91924824456854,153.12907543102548,-0.9341448766049468,472007.4021239946,1490245.882324428,179.93970828156333,1.1629139383318385,1.1093982786456207,1.0,Moderate Erosion,-2.184377449599711
2040,91.6575795522036,762.5059033440982,0.4190692299521115,167.71208094797365,-22.80962758056287,472095.0224228989,1490358.2881250947,179.93989262006644,1.2437236729888432,1.1267209294620109,1.0,Severe Erosion,-21.366159434163585
2041,499.9999999999956,995.8435675416952,496.2634234920433,123.96089188542489,-0.9341441269880876,472007.5761696226,1490411.270529041,179.93970236184043,1.2394692326648038,1.0740325598529603,1.0,Moderate Erosion,0.36746506686801605
2052,470.8333397582441,4.166696378931672,1.2365980264397516,-116.66666084482812,-117.39918543295109,472241.48421130644,1490957.1740249372,-0.05981670986847619,1.179436089441311,1.09887608007444,1.0,Severe Erosion,-118.07072914030383
2065,500.0000000001101,917.2527926979096,20.372183387585448,104.31319817444988,-119.90695415313115,472728.87806802546,1489798.2037751677,-90.05870387202124,0.9216214509250836,1.1331699268768478,7.877742824014955,Severe Erosion,-115.85291278733224
2067,52.94310118891645,619.2151318460939,50.17584118227028,141.56800766429436,-0.6918150016615421,472448.21600142086,1489917.7080739588,-90.05921096047474,0.9190235216767606,1.188178629167382,8.419277315191534,Moderate Erosion,3.275628601099523
2068,33.318269630636074,908.3466375567116,0.4140839074167166,218.75709198151887,-8.226046430804839,472415.57963032747,1490084.9323422224,179.94059478924143,0.9381349305481996,0.9501752456259558,1.0,Severe Erosion,-16.96870629699574
2072,142.35443036303946,917.2530345906712,139.58706790376095,193.72465105690796,-0.6918406148196254,472306.50143367314,1490245.6970476748,-90.05963208455222,0.9956512530747293,1.0786255061213972,7.759860203537275,Moderate Erosion,5.829860599571138
2073,120.82172321579094,120.8217229220168,117.89163691706035,-7.34435339211359e-08,-0.732521574682643,472211.46448921156,1490140.7235591905,-0.05984785261322721,0.950208385039287,1.1242269044980748,1.0,Moderate Erosion,-9.044981514861014
2074,149.9886087941093,149.9886087941093,147.0585235589536,0.0,-0.7325213087889253,472357.2459059748,1490086.4095392546,-0.05953083894922949,1.3544663270675699,1.0331554531646217,1.0,Moderate Erosion,4.430209712919361
2075,179.1548780856907,179.1548778146757,176.22479426565303,-6.775375283041285e-08,-0.73252095500942,472386.2967431653,1489973.8824440837,-0.05946335744425727,1.3685906380499833,1.2439881717137224,1.0,Moderate Erosion,4.901004729128497
2076,52.94333876849657,82.74715260744438,78.84783616656733,7.450953459736953,6.476124349517692,472412.1232496659,1489858.1378697264,89.94054013769349,1.4363548200742715,1.0535263133865174,8.095127508434357,Accretion / Land Gain,1.0212921984417003
2077,179.15362800864116,179.15362800864116,176.22354603664982,0.0,-0.7325204929978355,472502.8583029333,1489867.9839396856,-0.059209209570808656,1.137964498618578,1.10115248417696,1.0,Moderate Erosion,-2.7865919327707593
2078,350.9810979984384,470.1962491979265,348.2137480984869,29.803787799872023,-0.6918374749878637,472460.4427040002,1489768.6764569862,-90.05942495094972,0.6341445148676998,1.1479596776580963,7.827075222864379,Moderate Erosion,-6.220360817417543
2079,112.55076869339898,410.5886583320962,50.175828578842406,74.5094724096743,-15.593735028639143,472290.27757130476,1489798.656888694,-90.05964594504127,0.7677620622004181,1.0564707767062915,8.09268804193759,Severe Erosion,-16.66834018008282
2080,149.98283378603907,149.98283378603907,147.05275521040167,0.0,-0.7325196439093489,472298.45491504687,1489648.6507490552,-0.05963891141003419,1.1533784993007594,0.9545649936248655,1.0,Moderate Erosion,-2.272691064838055
2081,500.00000000001137,529.1682792584483,526.2382031545097,7.292069814609221,6.559550788624591,472327.4453665765,1489477.788721051,-0.05957084960534456,1.316533196929799,1.0662991730118412,1.0,Accretion / Land Gain,10.45785344997129
2082,231.76609018118268,52.9434888392474,49.044173124416695,-44.70565033548382,-45.6804792641915,472430.9216015416,1489381.2577125316,89.94068438549655,1.7965460975683003,1.1819818671554407,7.746285826280259,Severe Erosion,-39.128935533593456
2083,500.0000000000241,499.99999990002334,409.5644451419825,-2.500019036233425e-08,-22.6088887145104,472414.74721799855,1489281.8766809776,-0.05937489844280563,1.4089380567043384,1.071677970275174,1.0,Severe Erosion,-15.63046966056062
2084,383.3258465035414,354.1573096822477,0.3983149006272692,-7.292134205323421,-95.73188290072854,472560.5431247064,1489236.6410549402,179.94094075451602,1.1160871072552168,1.0304597920760548,1.0,Severe Erosion,-98.54272303362005
2085,441.663107031675,412.4946614561733,58.73676453638254,-7.29211139387543,-95.73158562382312,472618.96588137804,1489319.9069316227,179.94106400147624,1.1690281697546392,1.17306533127452,1.0,Severe Erosion,-96.77769499254576
2086,500.00000000001006,529.1685658344712,526.2384936866944,7.292141458615291,6.559623421671077,472648.02190785715,1489210.4806313938,-0.05886916735523835,0.9470732869198659,1.0714490396953726,1.0,Accretion / Land Gain,-1.8575675394336741
2087,440.3924528751386,410.5886230512201,407.821272655852,-7.450957455979619,-8.142795054821661,472545.66365804995,1489172.5126273006,-90.05908772351931,0.6791197027313111,1.0567152777803674,7.593597573417999,Severe Erosion,-12.172145387302606
2088,179.14439412399406,529.1686879598877,176.21432365161823,87.50607345897342,-0.7325176180939579,472414.5625647538,1489103.6780338453,-0.05936732119762811,1.3443132829495859,1.108789112508375,1.0,Moderate Erosion,4.09174054739333
2089,499.9999999999917,499.9999999999917,497.2326489552023,0.0,-0.6918377611973625,472324.3010838598,1488993.9191317558,-90.05958293918012,1.0423376398182986,1.1573800233210583,7.577866010841737,Moderate Erosion,7.386076356543796
2090,499.9999999999479,440.3925314703062,437.6251807831454,-14.901867132410416,-15.593704804200613,472271.9571314266,1488904.5623102926,-90.05967358597806,0.6148478861626719,1.2853480424524166,7.870432119820426,Severe Erosion,-21.765449163600223
2091,237.4806154444772,237.4806154444772,29.56230399906687,0.0,-51.97957786135258,472210.2572309569,1488984.5055841743,179.9401973607291,1.111547862233924,1.1618032658321207,1.0,Severe Erosion,-54.94189915711705
2093,499.999999999916,798.0376276641587,527.036415614571,74.50940691606067,6.759103903663743,472261.99309881346,1489202.6104771486,-90.05977946730795,0.796039354171372,1.1906189058329395,8.404147371009083,Accretion / Land Gain,6.627075118869107
2095,500.0000000000287,704.1816406868929,497.0699315685624,51.04541017171606,-0.7325171078665704,472122.76704656717,1489000.1072845892,-0.05999094982365865,1.2416053580611364,1.0553055565877263,1.0,Moderate Erosion,0.6682886862314636
2096,62.46665200841196,4.128882143214542,0.3922832231668876,-14.584442466299356,-15.51859219631127,472093.51620262564,1488921.8528013618,179.93994922595732,1.0789787054251663,1.0129176375305533,1.0,Severe Erosion,-19.5666097959195
2097,500.0000000000007,704.1829257377553,30.365994972880763,51.045731434438665,-117.40850125678,472005.91800019814,1488834.8507692835,-0.060234345482921496,1.2631886416864884,1.0990862688481557,1.0,Severe Erosion,-115.28819603445955
2099,499.9999999999015,201.9621571182296,198.0628418689697,-74.50946072041796,-75.48428953273294,472207.6533429125,1488815.2181815596,89.94026717010284,1.5289238805637233,1.1024727455835912,8.192021099648857,Severe Erosion,-77.85348626808752
2100,261.56993078886074,261.56993078886074,138.45559601003004,0.0,-30.77858369470768,472377.88043036096,1488844.8445990346,89.94054843531057,1.5978319440349213,1.0079208065943848,8.553273499465002,Severe Erosion,-30.850845049099078
2101,380.7849553160602,380.7849553160602,376.8856397081345,0.0,-0.9748289019814252,472458.603629249,1488785.153451102,89.94080181945635,1.6819424236988192,1.079568115677459,8.506527837147802,Moderate Erosion,1.7565923380370725
2102,142.35481810168127,82.74730449868082,79.979953607148,-14.901878400750114,-15.593716123633316,472492.71734463214,1488874.5294961075,-90.05920166234117,0.8009635539984916,1.1264501876676316,8.283968828721875,Severe Erosion,-15.561604774578626
2103,142.354882041149,142.354882041149,138.4555662241036,0.0,-0.9748289542613549,472445.40639005456,1489023.5973007071,89.9407297422458,1.5345419023990612,1.1248527581107535,8.255413046467968,Moderate Erosion,-3.156758406894198
2104,33.29754465825463,295.81769417131613,117.8741990048756,65.63003737826537,21.14416358665525,472531.0367891591,1488909.2572365177,-0.05910925796996082,1.1831458690163301,1.135201822811901,1.0,Accretion / Land Gain,20.596114567026095
2105,52.94357511838144,23.13981969153324,20.372468917007943,-7.45093885671205,-8.142776550343374,472657.45732735563,1488874.3598197538,-90.05882506792211,0.7867457669381114,1.1177802271878363,8.132828368188488,Severe Erosion,-8.58459134637005
2106,500.0000000000248,179.14044031380595,176.21037491355648,-80.21488992155471,-80.94740627161707,472618.40206506243,1488771.6875942065,-0.05891401050567261,1.1440870482066057,1.0528931637278578,1.0,Severe Erosion,-82.7974614210277
2107,82.74738285491239,142.35491077266906,139.58755974638532,14.901881979439167,14.210044222868234,472524.26851595927,1488725.4780790147,-90.05907034121223,0.7611808031805458,1.0518683628135248,7.8716822036469765,Accretion / Land Gain,12.916063909532722
2108,383.3231916733853,266.6463740087366,351.2239248006523,-29.169204416162174,-8.024816718183246,472414.0777290882,1488635.6898335451,-0.059348668234480643,1.4393827437828537,0.9961421878477367,1.0,Severe Erosion,-0.03158086565966123
2109,23.139812404362463,23.139809338214047,20.372459073826523,-7.665371040133095e-07,-0.691838332633985,472361.3063727322,1488606.4315964766,-90.05944222653514,0.8841381324568823,1.2345392052399777,7.726456134486238,Moderate Erosion,2.112758907072209
2110,82.74734145215663,82.74734145215663,79.9799906379342,0.0,-0.6918377035556098,472309.025108575,1488576.6821333678,-90.05956655738943,0.7556781684627744,1.092526767412205,7.996332061243167,Moderate Erosion,-2.1692392937014118
2111,82.74749165668274,321.17747537604873,78.84817617765765,59.6074959298415,-0.9748288697562728,472307.97610299,1488457.4681471658,89.94040674882949,1.7045429443156748,1.0722312787132866,8.024309821781811,Moderate Erosion,2.5099431527974057
2112,23.13978542871891,52.943655923316456,50.17630503603272,7.450967623649387,6.759129901828452,472322.2237622146,1488338.2382641889,-90.05952582969645,0.7499272924082463,1.0146797944460377,8.7705100245092,Accretion / Land Gain,5.090032453048401
2113,500.0000000000162,529.1695604188994,351.2221274610628,7.292390104720809,-37.19446813473834,472209.5540047096,1488310.6038504494,-0.0597750350196704,1.3755513872450618,1.323548529566047,1.0,Severe Erosion,-31.32884494680513
2114,499.9999999999724,499.9999998619618,497.0699427120634,-3.4502647849876666e-08,-0.7325143219772485,472326.14562101854,1488227.1609379456,-0.059521143944038214,1.2550307929299034,1.0019606494411282,1.0,Moderate Erosion,1.115696639013221
2115,23.139980580771173,112.55124811270782,109.78389704319996,22.352816882984165,21.6609791156072,472311.709591992,1488099.8190653673,-90.05957920391839,0.7839048946583125,1.0521882533409228,7.825964778190537,Accretion / Land Gain,21.124468395586057
2116,500.0000000000117,645.8494867963993,409.5602470645164,36.462371699096906,-22.60993823387382,472209.23239010654,1488002.3012548918,-0.059762118351190247,1.2667403206539154,1.1187401661598344,1.0,Severe Erosion,-20.37135360482243
2117,179.1305664924095,179.1305664924095,175.39395289798546,0.0,-0.9341533986060142,472296.69014586916,1487952.3041230822,179.94042665577345,0.964784477516059,1.1329645841623486,1.0,Moderate Erosion,-8.788534158948512
2118,33.282825965686385,33.282825965686385,29.54621411908585,0.0,-0.9341529616501348,472325.97692450165,1488064.7640819368,179.94048528937725,1.0314003706503088,1.1627633310405734,1.0,Moderate Erosion,-6.567990306199161
2119,500.0000000000828,619.2149856335157,615.3156700324931,29.803746408358208,28.828917508102577,472343.0674259894,1487950.7676836494,89.94052074101303,1.420911033506141,1.2295400599500588,8.210788245865485,Accretion / Land Gain,22.8592924761073
2120,120.79127596282054,120.79127547672816,117.05466254413598,-1.2152309381008308e-07,-0.9341533546711388,472442.58060510835,1487991.586104619,179.9407391270908,1.2218551830807405,1.1258532432318737,1.0,Moderate Erosion,-0.21943788085260507
2121,499.9999999999697,499.9999999999697,496.1006849866508,0.0,-0.9748287533297172,472564.30647809047,1488010.1464879622,89.94095752650799,1.8598770375426843,1.0010731636728278,8.377171200357305,Moderate Erosion,7.687746244095742
2122,33.28028908093168,208.30019799405807,30.35023659059345,43.75497722828161,-0.7325131225845567,472675.8682677229,1487921.6843828147,-0.058756732643909314,1.5342848226238521,1.064069582804885,1.0,Moderate Erosion,10.423987608378605
2123,499.9999999999704,499.9999882960335,496.10067275683286,-2.925984219359634e-06,-0.97483181078438,472755.58827448875,1487920.5389607332,89.94149417688786,1.6957074566792292,1.1092397178787003,7.859014336607217,Moderate Erosion,2.2154236964194056
2124,500.0000000000106,499.9999995621141,496.2633867041569,-1.0947411510642269e-07,-0.9341533239634146,472821.7940316444,1487996.002685549,179.9415540244506,1.2755347010540568,1.2508651256445409,1.0,Moderate Erosion,1.5700690507588702
2125,149.96318701152293,120.7934563293451,117.0568457093159,-7.292432670544457,-8.22658532555176,472821.9385420468,1488137.6630172885,179.94154828482087,0.9302494097596312,0.9750677231214915,1.0,Severe Erosion,-17.231873996315457
2126,412.4910449661666,33.28551436900836,1.1857958177412726,-94.80138264928956,-102.82631228710632,472880.35776722484,1488215.9734114376,-0.05832853825637017,1.118191720094054,1.183916318671578,1.0,Severe Erosion,-105.53968128577642
2127,499.9999999999533,499.9999999999533,496.1006856421031,0.0,-0.9748285894625468,473023.1678152267,1488158.6966406826,89.94186139312748,1.4818322312864594,1.1015052366000644,7.839512198836033,Moderate Erosion,-4.913747349003741
2128,120.7938715797019,120.79387149506776,117.86381510935485,-2.1158534480036906e-08,-0.7325141175867671,473172.0050582288,1488166.9824613086,-0.057698889874655615,1.106470046089193,1.1542251240134638,1.0,Moderate Erosion,-3.8367521088423473
2129,33.28385286024779,33.28385286024779,30.3537972612106,0.0,-0.7325138997592973,473259.46102496487,1488114.011249632,-0.05750955546775226,1.1743769348419888,1.0784851025092754,1.0,Moderate Erosion,-1.5732329926832453
2130,499.9999999999955,470.8301885578997,30.35289443693689,-7.292452860523952,-117.41177639076466,473405.25566262385,1488059.7142665624,-0.05719363571499555,1.1287871265099765,1.0186812076495229,1.0,Severe Erosion,-119.7722292792503
2131,412.49032239362174,412.4903223333766,58.71504901862175,-1.5061289104778552e-08,-88.44381834375,473521.85819402523,1487982.4702684912,179.94305953497712,0.9035025478151041,1.1453346387436478,1.0,Severe Erosion,-98.34031739562893
2132,82.7480615685768,470.1962206516105,168.25977948133587,96.8620397707584,21.377929478189767,473665.3440798086,1487979.2317482182,89.9433737338384,1.7121863430644222,1.137585252471308,8.007297077278285,Accretion / Land Gain,25.117480758777436
2133,23.14062412398129,499.99999999996913,496.1006855154244,119.21484396899696,118.24001534786076,473805.6778018264,1487919.485946706,89.94362686450737,1.4390883525284526,1.162366593544733,8.49218014689246,Accretion / Land Gain,112.87630021916173
2134,500.0000000000059,500.0000000000059,496.1006852636216,0.0,-0.9748286840960816,473946.07040847297,1487919.3482458496,89.94397186926773,1.6358868383686458,1.083536214972865,8.210988508250557,Moderate Erosion,0.22140563645966616
2135,500.0000000000575,619.2148463507311,615.3155310842914,29.803711587668403,28.82888277105846,474056.6300701168,1487889.4366445735,89.94422385267522,1.9111122109308556,1.0362995967102169,8.178331759458889,Accretion / Land Gain,39.199296119808324
2136,500.0000000000849,500.0000000000849,496.1006850815895,0.0,-0.9748287296238516,474079.1914433778,1488008.6296072772,89.94428220279549,1.4620921221267449,0.9608367359765613,7.311093443711161,Moderate Erosion,-5.5717516875559685
2137,500.000000000042,500.000000000042,19.241445497261644,0.0,-120.1896386256951,474219.64182760677,1488068.1007482242,89.9444682054761,1.2204566837134314,1.1517136090847082,7.711814214237596,Severe Erosion,-132.84107623942674
2138,324.9810429826276,324.9810429826276,0.3763925719548706,0.0,-81.1511626026682,474280.3200264186,1488028.503279882,179.94468940632512,1.1574855074463526,1.1196595293643021,1.0,Severe Erosion,-82.58118371206875
2139,112.5519250078909,112.5519007287658,108.65258646079272,-6.069781274931074e-06,-0.974834636774542,474410.98692324985,1488038.1126166815,89.94493979557335,1.765143760552575,1.0085866109019808,8.164149616770546,Moderate Erosion,4.529963538218313
2140,4.111844007405206,4.111845108054476,1.1817913375764943,2.751623175978324e-07,-0.7325131674571779,474542.79253931483,1487969.8572296894,-0.05474386447021644,1.4933699339191304,1.0420463035165324,1.0,Moderate Erosion,9.059224103645791
2141,354.1506017458999,324.9807204991029,322.05066653501126,-7.292470311699247,-8.024983802722161,474688.6470852356,1487975.1751814454,-0.05442915535725451,1.0151875737012646,1.0478474142529268,1.0,Severe Erosion,-14.172731774984246
2142,470.1962419282162,440.3926009432726,437.6252494266488,-7.450910246235892,-8.142748125391861,474604.7435116935,1487918.7123189776,-90.05455406316521,0.8745050648026358,0.9659551325779228,8.162326008326373,Severe Erosion,-5.659252009209252
2143,410.5888778407864,410.58889914642987,228.99933893349728,5.326410871475673e-06,-45.39738472682228,474494.1263113583,1487889.014275628,-90.0548666245035,0.7302036148837737,1.0188663135060978,8.006546028756883,Severe Erosion,-47.72393701072255
2144,261.5703443575662,261.57038359071186,109.78451799946971,9.80828640706477e-06,-37.946456589524125,474383.45174386277,1487799.7093117652,-90.05502019710873,0.7841079312832818,0.9926315279848934,7.605219216821332,Severe Erosion,-38.4761983610448
2145,172.15939300534768,52.944580461477535,49.0452659838449,-29.803703135967535,-30.778531755375692,474287.24921913364,1487710.3908068736,89.94473218173873,1.9966513159598545,1.0493938847465787,7.097679745708086,Severe Erosion,-17.556815020290518
2146,261.5703994661342,23.14094266814085,19.241627973923386,-59.607364199498335,-60.5821928730527,474427.58429362264,1487650.648407888,89.94492250664904,1.3745542659275083,1.0226623473121985,8.172400180587656,Severe Erosion,-68.09704451502846
2147,231.76673689895773,172.15937535239033,168.26006098204363,-14.901840386641853,-15.87666897922852,474568.033879507,1487710.1214028443,89.945390708327,1.638060767539725,0.952228955434498,8.069575249675905,Severe Erosion,-14.607970671755652
2148,201.9631917578,201.9631917578,198.06387712205455,0.0,-0.9748286589363532,474708.4263996409,1487709.987760564,89.9456415844903,1.6701537957458434,1.244195150480365,7.752726382780501,Moderate Erosion,1.363637199890813
2149,201.96316584866875,172.15945974923366,169.39210761155942,-7.450926524858772,-8.142764559277332,474644.59554388176,1487650.4411315972,-90.05454441818668,0.9628681299939528,1.1819592037446416,7.352327152332638,Severe Erosion,-2.713832934580596
2150,321.17785251693306,291.3741763026084,287.474862130549,-7.45091905358116,-8.425747596596011,474580.7150141167,1487590.8944498363,89.94533230484693,1.6146972909473503,1.018801236256281,8.251892164297812,Severe Erosion,-7.935831829241534
2151,321.17791316118246,82.74836070379514,78.84904614259557,-59.60738811434683,-60.58221675464672,474721.10763445037,1487590.7609637813,89.94564585336043,1.646207400934917,1.1029150810553883,7.893628370507815,Severe Erosion,-59.04196405712621
2152,321.17791670852733,112.55202299264724,108.6527095217072,-52.15647342897002,-53.13130179670503,474891.2756630957,1487560.7964658698,89.94596048243005,1.541252536973755,1.1141995250324368,8.22274633068773,Severe Erosion,-55.089544633813986
2153,321.178047604158,172.15952229383691,19.24183937936521,-37.25463132758027,-75.4840520561982,475061.49991611665,1487590.440216916,89.9462729904032,1.6403688653255644,1.176404824061844,8.745615894940668,Severe Erosion,-74.13841734997266
2154,172.15946351260283,172.15945689555306,169.39210483077275,-1.6542624408089068e-06,-0.6918396704575187,475137.9519866478,1487620.172472294,-90.05344586448017,0.7485213327008969,1.015945844405832,7.143424167361946,Moderate Erosion,-2.407801047944571
2155,500.0000000000172,529.1700855129392,525.4334699942108,7.292521378230489,6.35836749854839,475155.18226225954,1487778.8983342967,179.94658024899857,1.2936087236406044,1.1704863787178008,1.0,Accretion / Land Gain,9.466226947828645
2156,291.37417095197986,201.96309265678207,199.19574004349977,-22.35276957379945,-23.044607727120024,475034.88851228624,1487799.0910084841,-90.05370305056331,0.7445586252978444,1.0394989943949753,7.916246240587444,Severe Erosion,-24.892659407338193
2157,324.9790277522851,324.97902805205496,263.70864825233406,7.494246290207229e-08,-15.317594874987762,474980.0990368923,1487712.1905064217,-0.05379448442497533,1.256189502791453,0.9755422956492485,1.0,Severe Erosion,-13.43209290547683
2158,440.3926225099404,410.5889306430333,407.8215784883623,-7.450922966726779,-8.142761005394519,474842.2195069492,1487769.4685154585,-90.05404694807203,0.7956107559091594,1.1409489728070115,7.345435233079281,Severe Erosion,-8.28907507381941
2159,149.95861448179818,149.95861542837162,146.22199953034286,2.366433591305395e-07,-0.9341537378638308,474805.117132083,1487753.5939683209,179.9458286710595,1.3692857247795582,1.1861106680702418,1.0,Moderate Erosion,4.69609751599701
2160,208.3004013069414,179.13044433414487,58.71400847920747,-7.292489243199135,-37.39659820693348,474863.5909739095,1487895.1987041368,179.94594932667178,1.1926682862907574,1.2913788240375639,1.0,Severe Erosion,-37.65356682487592
2161,410.3433409609473,110.84241093278338,107.09501273981762,-74.87523250704098,-75.81208205528242,474893.0559769844,1488007.8502030033,-166.94593355904303,0.8436969673300596,0.989553487833941,1.7685629840846224,Severe Erosion,-84.67724439631682
2162,23.141006775651864,23.141006775651864,19.241691974036872,0.0,-0.974828700403748,474973.51961457834,1488067.381920116,89.94613062358493,1.7892880483126619,1.1420697866954583,7.920772558823698,Moderate Erosion,5.334778803166211
2163,82.74840034759534,82.74840034759534,78.84908594577674,0.0,-0.97482860045465,475084.0245891991,1487977.8672366294,89.94638471473797,1.4641399797400452,1.052432324827392,7.82549128451675,Moderate Erosion,-5.503490104767745
2164,4.110907692388543,62.45080898812999,59.520755978682494,14.584975323935362,13.852462071573488,475155.30333616945,1487908.7511779496,-0.05342448010906818,1.1015620760250948,1.1471576384933495,1.0,Accretion / Land Gain,10.583630378329389
2165,120.78953622858349,91.61949698075526,1.1793238456455652,-7.292509811957057,-29.90255309573448,475213.56568742095,1487825.3768979309,-0.05329588706794582,1.1102787304642898,0.9659700831052521,1.0,Severe Erosion,-32.88085956595194
2166,500.0000000000075,500.0000000000075,257.67123877151954,0.0,-60.58219030712199,475327.53630069166,1487858.4258303114,89.94689070924497,1.806165542135053,0.9829366479815274,8.138162235846153,Severe Erosion,-53.7099998412679
2167,172.15954054698437,500.0000000000418,108.65289074645302,81.96011486326435,-15.876662450132836,475438.0975498701,1487828.5200046187,89.94720537832885,1.279648698092882,1.021572466949428,7.846323937510936,Severe Erosion,-26.555033520026313
2168,112.55221392123214,52.94484729445305,19.24186263053303,-14.901841656694772,-23.327587822674776,475548.7687518838,1487917.829303061,89.94735907099043,2.0706621112259302,1.0909017091343458,7.695143244132984,Severe Erosion,-7.638845154374806
2169,261.570515411839,261.57051987799827,20.37363516020068,1.1165398206003374e-06,-60.299220062909576,475468.10635801114,1488007.3145282066,-90.05273812584421,0.958408690806986,1.0342393810941721,9.034386681331995,Severe Erosion,-55.01893601757932
2170,500.000000000007,499.9999999812642,496.2633884655451,-4.685702492679411e-09,-0.934152883615468,475417.9532889955,1488039.2311964557,179.94713433832817,1.233854909009974,1.1385853065915368,1.0,Moderate Erosion,0.1820416870303303
2171,149.96437917096932,149.96437917096932,146.22776991700184,0.0,-0.9341523134918716,475476.4232526384,1488180.8379731644,179.94725617788234,1.1921341211979666,1.169495000397578,1.0,Moderate Erosion,-1.2086223165733034
2172,441.6608244446203,470.8304129799462,117.86526399945988,7.292397133831471,-80.9488901112901,475476.4660365467,1488227.3132187934,-0.052745899856759496,1.24246487543289,1.1357946834174488,1.0,Severe Erosion,-79.52111973700181
2173,440.3926037803675,440.3926037803675,437.62525139905006,0.0,-0.6918380953293592,475522.40633567405,1488156.2830701515,-90.05261783709075,0.8781685329318872,1.2165898698344912,7.4314566483728495,Moderate Erosion,1.9137740465673323
2174,499.9999999999787,675.0185328002245,496.2633891656199,43.75463320006146,-0.9341527085896928,475593.0031013755,1488073.0508875381,179.9475091818029,1.2971487928830892,1.1194817673794957,1.0,Moderate Erosion,2.291925221160592
2175,412.4912051208792,412.4912056455051,146.22824176792935,1.311564687966893e-07,-66.56574083823747,475593.13288519066,1488214.7115358964,179.94750505967528,1.2837071536689655,0.9903452964725639,1.0,Severe Erosion,-63.78771850822023
2176,237.47369030688736,266.64328282067686,263.713224840656,7.292398128447374,6.559883633442155,475680.64981533494,1488223.5828904493,-0.052306209579225875,1.2130719360084514,1.1968596962405964,1.0,Accretion / Land Gain,7.007787039718399
2177,33.28525202455756,33.28525202455756,29.548642273527115,0.0,-0.9341524377576108,475768.0839449594,1488141.4973408906,179.94788456555423,1.170763071272606,1.0385197651753633,1.0,Moderate Erosion,-1.9208445392942413
2178,52.94464719154036,52.9446362363885,49.04532216690531,-2.7387879661944226e-06,-0.9748312561587636,475893.9286981234,1488155.944533393,89.94829184576614,1.5773088445588417,1.1599167998471749,8.232686088125572,Moderate Erosion,-1.7311976744263222
2179,266.6428247719699,266.6428247719699,262.90621533388105,0.0,-0.9341523595222156,476088.9677429329,1488160.7338494256,179.9485736445444,1.1711227815888925,1.2130321171774403,1.0,Moderate Erosion,-1.9086937612856207
2180,499.9999999999257,470.19632571435153,466.29701185350456,-7.450918571393544,-8.425747036605287,476204.5443600314,1488185.468716607,89.9487927176138,1.7700653547773775,1.123926834883164,7.933270908667002,Severe Erosion,-2.756896552269964
2181,33.286539230863376,33.28653930373934,29.54993067028996,1.821899076048794e-08,-0.934152140143354,476264.02668612107,1488206.7375159855,179.94894905830492,1.2893899111025007,0.9679211238470384,1.0,Moderate Erosion,2.0336314712609553
2182,383.32133361164585,383.3213334726458,380.39127655459424,-3.4750016197904194e-08,-0.7325142642629032,476322.3080003815,1488141.5957460378,-0.05092446308344712,0.7585861850269193,1.0134763198418342,1.0,Moderate Erosion,-15.434457437584305
2183,500.0000000000789,350.98161456585746,49.04567317940115,-37.25459635855536,-112.73858170516944,476446.8471474727,1488125.6460782888,89.94939070624777,1.6983849604361174,1.1925860027551782,7.401103921339396,Severe Erosion,-109.45907782252063
2184,52.94510760360399,23.14142223263877,19.242108332837685,-7.450921342741303,-8.425749817691575,476557.35732564447,1488036.137532884,89.94958189825796,1.6292102743412447,1.0722986805761208,8.290601551602997,Severe Erosion,-7.452068844097701
2185,500.0000000001105,499.9999707647194,347.0823301911137,-7.308847770559623e-06,-38.2294174522492,476638.24740817415,1488155.2812055822,89.94973476382032,1.5971935326042181,1.0934422686617242,8.277479366436529,Severe Erosion,-38.32296123447869
2186,499.9999999999892,142.3561015621168,138.45678790013747,-89.4109746094681,-90.38580302496294,476720.24846454506,1488095.6020517831,89.94986221626635,1.541722078887384,1.1471578752176985,8.63379468707716,Severe Erosion,-92.32839529040737
2187,410.5890053904777,410.58896026462224,20.373920264552297,-1.128146386975004e-05,-97.55377128148136,476747.153874428,1488125.3822278,-90.04998194330332,0.9686170601966144,1.1424695135275778,7.683990117299668,Severe Erosion,-91.9332076815513
2188,499.9999999999377,142.3561115552274,138.45679834963914,-89.41097211117759,-90.38580041257464,476795.022116538,1488184.947829889,89.95011019758442,1.7421288176803507,1.1096903392869195,8.277123051358808,Severe Erosion,-85.64816810196035
2189,52.9451383768343,52.945122688234,49.04580879524367,-3.92215007494201e-06,-0.9748323953976588,476935.4664767665,1488244.4332094176,89.95045330799768,1.4840682002669492,1.0713134995521287,7.88651431746392,Moderate Erosion,-4.839220734515704
2191,179.1344677307047,179.13446758594213,176.20440968226754,-3.619064159465779e-08,-0.7325145121092902,477051.5980554966,1488197.6656457633,-0.04935702078006449,1.2607132661026628,1.0625056667936736,1.0,Moderate Erosion,1.3027469235133853
2193,82.74877240560198,82.74875796101634,78.84944408445153,-3.611146411230948e-06,-0.9748320802876124,477142.0834137509,1488423.0771668227,89.95082393927919,1.454251342488472,1.1584953191005114,8.408782164064553,Moderate Erosion,-5.8331157529940425
2194,440.3926658009744,827.8402003272648,378.0179270153965,96.8618836315726,-15.593684696394476,477084.3436545511,1488512.5377958876,-90.04927307078717,0.5930574231938488,1.1350744543213813,8.084480801446016,Severe Erosion,-22.49177552033913
2202,231.76714739847463,231.7671776036052,49.04597425568645,7.551282642737078e-06,-45.68029328569705,477171.37146253034,1488125.015325862,89.950927712836,1.5059922696023202,1.0661758453330705,7.864185003149906,Severe Erosion,-48.81387940864687
2203,201.963418570806,410.5890183789865,79.98140319670645,52.15639995204513,-30.495503843524887,477171.0701390382,1488035.6045838867,-90.04906939233666,0.9293591675492902,1.1723918875881671,8.384369937605776,Severe Erosion,-26.183536481611092
2204,499.999999999988,266.6408805587827,30.35167689312295,-58.33977986030132,-117.41208077671628,477080.53405852045,1487926.1242706738,-0.04928605081942579,1.3426246753040052,1.0743492247938822,1.0,Severe Erosion,-112.64645554983585
2205,499.9999999999808,179.1301788194804,176.20012630621088,-80.21745529512509,-80.94996842344247,476963.7825117018,1487842.9047144293,-0.0495335518873768,1.2766170036294133,1.01566140512758,1.0,Severe Erosion,-78.38454132295601
2206,499.9999999999857,324.97973460911845,88.6893004373544,-43.755066347716806,-102.82767489065782,476817.8855452506,1487788.8812536222,-0.049845206065884225,1.30841638288622,1.0225057887796019,1.0,Severe Erosion,-99.20219595641784
2207,201.9635156781613,201.9635177287016,78.84959624745561,5.126350615114461e-07,-30.778479857676427,476907.17370501184,1487678.1880429722,89.95031500995536,1.677426592671648,1.0037513105597697,7.88458383181537,Severe Erosion,-28.197588422101635
2208,82.74890147016552,82.74892808504637,78.84961472040338,6.653720213023462e-06,-0.9748216874405352,476929.7221775217,1487797.3831525415,89.95040518983058,1.5037776108664118,1.0615205582619258,8.606162529136379,Moderate Erosion,-4.1822296635552965
2209,112.55261910077836,112.55261345975542,78.84965173078483,-1.4102557344131128e-06,-8.425741842498383,477070.06335694704,1487737.6546883916,89.9506580003056,1.6647882333747797,1.1813791129918898,8.45859189696699,Severe Erosion,-6.26612911912868
2210,23.141781616223643,52.94528871706444,49.04597522678678,7.4508767752102,6.476048402640784,477150.951164615,1487856.7998612607,89.95093638397778,1.7200612821268102,1.0195334545528594,7.555066078984925,Accretion / Land Gain,10.478096028779195
2211,499.999999999928,559.607301725383,287.4751538140561,14.901825431363749,-53.131211546467966,477291.39469379716,1487916.287106356,89.95118536580819,1.7131435542993934,1.0996464002925257,7.532894130187176,Severe Erosion,-49.359754897400094
2212,499.99999999998,616.6797049052628,233.73407821977295,29.16992622632071,-66.56648044505175,477401.3697121372,1487886.9791588646,179.95140537935427,1.3786762601321338,1.0317242990368278,1.0,Severe Erosion,-60.621913587678534
2213,172.159922539721,172.15990958618357,168.26059628860358,-3.238384358894564e-06,-0.9748315627793572,477512.62317988125,1487975.7067959236,89.95159117524048,1.7062454343112037,1.0643689856646208,7.545742782717751,Moderate Erosion,2.5666876732259616
2214,23.141729270841825,52.94537236090294,19.24241596393404,7.450910772515278,-0.9748283267269472,477623.23721777234,1488005.4173282466,89.9518411442446,1.6527170898329089,0.9647026568570047,8.203715303490233,Moderate Erosion,0.7824127109809674
2215,172.15975481885278,172.15980001967836,168.26048636892455,1.1300206395503665e-05,-0.9748171124820502,477763.67987990426,1488064.907240677,89.95218428132948,1.7605223964554941,1.0684872092191229,7.753568728026068,Moderate Erosion,4.375934079100087
2216,321.17816358584315,321.17816688784853,168.26066128574124,8.255013455027438e-07,-38.22937557502548,477874.1946403412,1487975.4040816037,89.95246937512495,1.5960216734767327,1.0696940956487782,8.646815217090504,Severe Erosion,-38.36198187127078
2217,178.59433967005504,178.594339423342,174.8569797855261,-6.167825716829611e-08,-0.934339971132232,477926.6332675679,1488064.771537057,-176.5562419315512,1.0436913085990673,1.1293518803085385,1.0,Moderate Erosion,-5.343713227270821
2218,231.76718717820376,231.76719978016664,19.242428496669618,3.1504907198609544e-06,-53.131189670383534,478037.1813451867,1488154.091185879,89.9527147150703,1.5755398191897367,1.104926418841696,8.457341887708358,Severe Erosion,-53.946524490102355
2219,231.7672440305524,231.7672692680057,227.86795593283887,6.309363321577166e-06,-0.9748220244283844,478147.8439089133,1488243.4110899689,89.9529942459928,1.48826446866611,0.9921249457056475,8.073940769365693,Moderate Erosion,-4.699335248460629
2220,201.96358773124564,112.55267647635108,108.6533630637473,-22.35272781372364,-23.327556166874583,478228.7269189878,1488362.5594751663,89.9531787945644,1.4987231251958486,1.1759716233537671,8.100875270533832,Severe Erosion,-26.703447541746492
2221,470.19635528826007,559.6072829975581,139.58886826647318,22.3527319273245,-82.65187175544672,478331.0479188248,1488332.6723857569,-90.04663205448942,0.778322331873736,1.105749567419543,7.211873917838165,Severe Erosion,-83.37446510902431
2222,350.98178717038587,321.1781076169498,317.27879489258976,-7.450919888359024,-8.425748069449028,478391.5176525278,1488302.8196740686,89.95352572026442,1.4811368802638976,1.1044864133330412,7.118832026995548,Severe Erosion,-12.387847674448835
2223,291.3745423635475,261.5709675953647,257.67165479986244,-7.450893692045696,-8.425721890921267,478502.17896045913,1488392.1410228065,89.95374259218181,1.5538056401932616,1.0888081353281707,7.911771016675427,Severe Erosion,-9.965529539116469
2224,231.76731381633712,142.35638036548707,138.45706641898158,-22.352733362712517,-23.327561849338885,478612.8399455558,1488481.4628875882,89.95399085363037,1.315957670991577,1.049047141516574,8.09875984605954,Severe Erosion,-32.79563518410781
2225,295.8157616615932,354.1541132726031,175.40246070664463,14.584587902752476,-30.10332523873715,478685.3763408772,1488549.3154390634,179.9541463805562,1.2323141747250699,1.108592731244783,1.0,Severe Erosion,-29.036856701872455
2226,23.141766291891336,410.5890471922938,108.65335562970206,96.86182022510062,21.377897334452683,478687.65723443753,1488630.4211954859,89.95411184940319,1.6001806930163978,1.1300511772407684,7.564520070050746,Accretion / Land Gain,21.383924711263806
2227,142.35635103265506,112.5527186809309,108.65340578603406,-7.45090808793104,-8.42573631165525,478768.39497062354,1488570.7493900878,89.95433329701339,1.477436578287035,0.9516379293744504,8.224586510875723,Severe Erosion,-12.511179466996204
2228,383.3239934325548,470.83099762240766,467.09439708385634,21.876751047463216,20.942600912825384,478831.3482928296,1488707.8550825394,179.95445521326064,1.2992048128256635,1.0496987868569734,1.0,Accretion / Land Gain,24.238829254987408
2229,440.39272096756287,678.8218467479047,79.98158327345409,59.60728144508546,-90.1027844235272,478761.1653712836,1488719.7734097969,-90.04567119863991,0.9406356477217368,1.0725261546573783,7.944901034289766,Severe Erosion,-85.4149337353944
2230,112.55263108949045,142.3562685695161,138.45695504874882,7.450909370006411,6.476080989814594,478807.4166789266,1488838.951197232,89.9544193680964,1.3588658937703957,1.1146352905555608,8.312078156989262,Accretion / Land Gain,-1.561718332030276
2231,142.3562944916385,231.7672000199313,227.86788710835535,22.3527263820732,21.37789815417922,478947.7620261676,1488779.23257813,89.95464081570562,1.4855911578677112,1.1889959670590706,7.530316574764808,Accretion / Land Gain,17.56427426134815
2232,354.1546083479047,354.1546083479047,59.53372567346007,0.0,-73.65522066861115,478947.9690264116,1488637.8889679282,-0.04529331030088657,1.084312440607288,1.0303416536151548,1.0,Severe Erosion,-77.50093241754765
2233,321.17811684238865,470.1963692690783,139.58891972470312,37.25456310667241,-45.39729927942138,478903.3634120789,1488600.4457878657,-90.04544797678149,0.6590146606722526,1.051858616782406,8.659148525541823,Severe Erosion,-50.09681478496571
2234,261.5708553848156,410.5890836798944,79.98164342985037,37.25455707376969,-45.39730298874132,478879.59999324137,1488540.857320451,-90.04550894157511,0.9244213524661755,1.0500785450534376,8.02732632844766,Severe Erosion,-41.24992877908258
2235,295.8151968224091,295.815197257395,292.88513469044835,1.087464767124402e-07,-0.7325155329901918,478801.99538104224,1488476.8110233387,-0.045600825657785705,1.170607725397946,1.02629742456252,1.0,Moderate Erosion,-1.7016462268542094
2236,231.4439657355864,231.4439471568612,227.5439519791734,-4.6446813115608165e-06,-0.9750034391032472,478946.84487575677,1488421.5894872013,92.7668099010923,1.5598564807167867,1.062073079574254,8.913052772654662,Moderate Erosion,-2.297577645656301
2237,4.121205207790483,4.121205207790483,1.191143824645466,0.0,-0.7325153457862543,479006.11972613557,1488400.0489052667,-0.04515759359938964,0.899105385895391,1.1512889074851438,1.0,Moderate Erosion,-10.751827167820021
2238,33.28704858738564,33.28704868924902,30.35699032196021,2.5465844544214636e-08,-0.7325145663563575,479005.9620964219,1488200.0489673845,-0.04515759359938964,1.294997445087788,1.0032371811689642,1.0,Moderate Erosion,2.4445755846897743
2239,52.94550101843272,52.94550101843272,50.17814809720778,0.0,-0.6918382303062351,478852.66416556435,1488153.4313637414,-90.04537184416071,0.614111366189315,1.1212821996149414,8.66559200357652,Moderate Erosion,-6.8881302045735975
2240,142.35634757079208,172.16000235147743,169.3926484450753,7.450913695171337,6.759075218570807,478771.9261811931,1488213.1028095626,-90.0457186898141,0.8089900218821232,0.951528070508609,7.870054282557102,Accretion / Land Gain,7.058738369902448
2241,52.945428766221696,142.35635188227107,50.17808597777207,22.352730779012344,-0.6918356971124062,478661.2656415229,1488123.780294574,-90.0458728226869,0.8416066688959754,1.0418398822416495,8.343849750697004,Moderate Erosion,0.6950489926785521
2242,291.37451866921043,291.37451866921043,50.17805270284806,0.0,-60.2991164915906,478550.7482138991,1488213.2800003705,-90.04603238502857,1.0040989184714635,1.0613229536283364,7.607189619202322,Severe Erosion,-53.49582351239735
2243,350.98180938354733,350.98180938354733,20.374429735425636,0.0,-82.65184491203043,478410.30744760623,1488153.7861934742,-90.04640697833776,0.6036770713374063,1.2210495312432903,7.725304417667595,Severe Erosion,-89.19594690762598
2244,201.96358799461217,201.96358799461217,139.58894468860606,0.0,-15.593660826501528,478269.86626298365,1488094.293023768,-90.04675019545697,0.34707330978006407,1.0644540266485192,8.153983903355297,Severe Erosion,-30.691221605605655
2245,208.3021375257904,529.1697837548129,526.2397284359097,80.21691155725563,79.48439772752982,478159.8840255085,1488004.2915716053,-0.04696653043207863,1.2272495435120632,0.9093946501704656,1.0,Accretion / Land Gain,80.4036454512983
2246,261.57083854963963,321.1781620033732,318.4108089252415,14.90183086343339,14.209992593900466,478048.5416435055,1487915.6525677594,-90.04718375253236,1.0700768128609688,0.9246505421658414,8.44837189227568,Accretion / Land Gain,23.212548501454734
2247,499.9999999999948,470.82999920918087,1.1798693519924726,-7.29250019770349,-124.7050326620006,478013.8735761155,1487808.6008006202,-0.04727459608021263,1.3855119140367032,1.0861543259160678,1.0,Severe Erosion,-118.51030089730342
2248,321.1781710431752,201.96359924382944,20.37437892070393,-29.803642949836444,-75.20094803061782,477885.605148888,1487796.5727253456,-90.0474936591315,0.8314490497130997,1.1324064581267965,7.9730186281398066,Severe Erosion,-74.15265095424469
2249,172.15976151261523,172.15976151261523,169.3924086910566,0.0,-0.6918382053896579,477745.16286949394,1487737.0823412475,-90.0478367428539,0.7262547115696809,1.1127115756614725,8.477441913779273,Moderate Erosion,-3.1500191335498946
2250,266.6382752169212,266.6382752169212,30.346471039531664,0.0,-59.07295104434739,477722.0145146504,1487618.491134552,-0.04789569661174704,1.3207340144931752,1.0948219767232323,1.0,Severe Erosion,-55.03733806116084
2251,500.0000000000976,470.19636821357807,79.98169182887985,-7.450907946629883,-105.00457704280444,477641.73289069254,1487498.7397239506,-90.0480173560639,0.6539682105135565,1.1731213943238548,8.360833715250772,Severe Erosion,-109.87230804132679
2252,440.3927357022075,529.8036441219674,436.4934226122183,22.352727104939973,-0.9748282724973052,477621.00649732276,1487528.5607625733,89.95188764824432,1.6714535243778583,1.0372914578980994,8.082992698629385,Moderate Erosion,1.406960574283791
2253,112.55263652168684,112.55263652168684,109.78528355513214,0.0,-0.6918382416386741,477595.6767868425,1487617.992993294,-90.048209268439,0.8758206654692995,1.1530039156446572,8.17826833094666,Moderate Erosion,1.8355125541944601
2254,172.1599228518487,172.1599228518487,169.3925696017011,0.0,-0.6918383125369019,477455.2840523185,1487618.1113950328,-90.04846011789768,0.959031629196499,0.9508511394191943,8.169400288175472,Moderate Erosion,4.609211224957497
2255,499.9999999999778,62.44472994976078,59.514682539441424,-109.38881751255424,-110.12132936513407,477371.87245545717,1487501.4946806505,-0.04864539018049993,1.6136093969876355,1.0077742017404177,1.0,Severe Erosion,-96.32302917057868
2256,4.101917981922177,33.272397272825806,30.34235157584959,7.292619822725907,6.560108398481853,477342.60649470903,1487389.0307197957,-0.0487037903200089,1.2585223785180486,0.9344044611687918,1.0,Accretion / Land Gain,8.522188234375689
2257,410.5890538266022,410.5889958787592,109.78523129429828,-1.4486960751014522e-05,-75.20095563307598,477241.18634140585,1487290.4531935265,-90.04895123802494,0.7236556021301627,1.0559229859633585,8.041013656201258,Severe Erosion,-77.74577376161348
2258,500.00000000011386,499.9999253820562,199.19616839548263,-1.865451442029098e-05,-75.2009579011578,477247.3557764176,1487379.858887767,-90.04907953090243,0.7961639999237015,1.0751686468403483,7.325085433093518,Severe Erosion,-75.32882946211778
2259,112.55260857525414,112.55261016455668,109.78525693068664,3.973256355038757e-07,-0.6918379111418744,477077.13385348575,1487350.2010643228,-90.04942344172639,0.5346387630829912,1.08767984866145,8.332481464952723,Moderate Erosion,-9.537217435587465
2260,52.94521665911421,201.96351568626687,50.177925867009165,37.254574756788166,-0.691822698026261,476906.963351837,1487380.1516290114,-90.0496752250049,0.6957931806731255,1.0838233480733812,8.348619379785573,Moderate Erosion,-4.165388353471552
2261,499.9999999999893,499.9999999999893,496.26338010585073,0.0,-0.9341549735346462,476788.4304840739,1487461.6508896563,179.95010286046437,1.138955981987892,1.0055402950033907,1.0,Moderate Erosion,-2.980567164100166
2262,500.00000000001137,149.95589857590923,58.70826521260195,-87.51102535602553,-110.32293369685236,476642.6259794274,1487515.9263503372,179.94978636711994,1.121737297554194,1.0651047402288607,1.0,Severe Erosion,-112.94337568652533
2263,52.94510230244107,52.94510230244107,50.17774922326023,0.0,-0.6918382697952108,476575.3785217432,1487589.0666041286,-90.05043461693239,0.8228533857731039,0.9613076027307697,8.552052476186494,Moderate Erosion,0.0699360903733992
2264,499.9999999999735,62.44658187902775,58.70996443152164,-109.38835453023644,-110.32250889211296,476409.3580356637,1487623.1625412935,179.94928168998268,1.076991090696768,1.1905243567521926,1.0,Severe Erosion,-114.43460855402397
2265,500.0000000000412,500.0000000000412,407.8217088364274,0.0,-23.044572790903445,476264.8158385112,1487619.1450901618,-90.05096866589744,0.9681547583659855,1.0571332362869956,8.058827565632091,Severe Erosion,-17.439419454281087
2266,499.9999999999463,500.0000122587174,258.8033526115422,3.064692776888478e-06,-60.29916184710102,476124.42312275834,1487619.2704863583,-90.05140765246915,0.8000312207430569,1.0423137659840966,8.204210931273948,Severe Erosion,-60.29812652251003
2267,499.9999999999853,529.1701595591901,0.3707476921976735,7.292539889801205,-124.9073130769469,476001.04010907694,1487695.9293685548,179.94840166244603,1.1989651761320659,1.2093540578701738,1.0,Severe Erosion,-124.95381468263997
2268,52.94469660932969,52.94472260883986,20.373832263764815,6.499877542864851e-06,-8.142716086391218,475873.52198439196,1487708.9074645569,-90.05184970729417,0.750815956309267,0.9829967542707996,8.212144399875427,Severe Erosion,-9.782189668955807
2270,23.14121158317726,23.14121158317726,20.37385956860961,0.0,-0.6918380036419114,475682.1204419209,1487679.2778026513,-90.05228770669576,0.8232787691439006,0.992015174835506,7.952173166048365,Moderate Erosion,0.0841154156529843
2271,410.5890183414508,23.14128163759706,19.241967883293466,-96.86193417596344,-97.83676261453934,475585.16204630013,1487619.7590451692,89.94755756010643,1.7237645721478123,0.9937322245133597,7.986170953015823,Severe Erosion,-93.71127129120117
2272,380.785357926392,380.785357926392,378.0180051162644,0.0,-0.6918382025319119,475606.0240556351,1487530.3289208664,-90.05247069447702,0.6699306353762917,1.0750478985252216,8.36228368554041,Moderate Erosion,-5.027489281086414
2273,412.4888191483285,529.170392096488,438.7291668186602,29.17039323703986,6.560086917582922,475504.95881919743,1487491.0579538336,-0.052658311314737374,1.1009149023260723,1.1145891613428238,1.0,Accretion / Land Gain,3.2695044722066386
2275,470.8296446935605,470.829645003691,0.3674180904106014,7.75326185475933e-08,-117.61555665078748,475475.820494574,1487525.9228816286,179.94728001351842,1.1548091505698488,1.1396046639353554,1.0,Severe Erosion,-119.13418679467081
2276,499.99999999999295,704.1930565542831,409.55863621134,51.04826413857253,-22.61034094716324,475359.07045802363,1487451.7630352697,-0.052969778745387844,0.9977495627144312,1.2853985208432295,1.0,Severe Erosion,-29.339695564529315
2278,499.9999999999994,529.8036712261652,318.4106096992696,7.4509178065414545,-45.39734757518244,475236.4523967722,1487232.63281391,-90.05327545652257,0.6771114939593197,0.8973344902360545,7.52781234755628,Severe Erosion,-49.493636873789924
2279,499.999999999939,559.318744894594,394.2170060636771,14.829686223663757,-26.44574848406548,475183.9266801105,1487321.731785353,-119.50972808224442,0.7804580384706585,1.1269452320618776,7.598986569383285,Severe Erosion,-28.826852851788775
2280,82.74852939912854,82.74856839711427,79.98121594977476,9.749496431510352e-06,-0.6918283623384447,475073.7823598014,1487411.6066971142,-90.05359527493344,0.9311585521067707,1.0346389957069195,7.764901312274807,Moderate Erosion,3.6801175412251927
2281,142.35592140756566,142.35592140756566,139.58856913157587,0.0,-0.6918380689974484,474903.55813814263,1487381.9627336182,-90.05397044191521,0.8393843768087236,1.0319788664875733,7.4227161333169835,Moderate Erosion,0.6209685760121766
2282,201.96321028099305,321.1779213686356,318.4105687983174,29.80367777191064,29.111839629331087,474733.3900691155,1487411.9271528416,-90.05431638047894,0.8290386664457956,1.0296311004460128,8.255271204726148,Accretion / Land Gain,30.07978918616881
2283,23.140922101430075,23.14087487986165,20.37352350108899,-1.1805392106545298e-05,-0.6918496500852713,474592.9975702215,1487412.0605099958,-90.05462991565203,0.9276348761469141,1.006512724085519,8.697720809462878,Moderate Erosion,3.5626401607545892
2284,112.55201935039824,52.94462404112634,50.17727173496435,-14.901848827317975,-15.593686903858472,474452.60497831873,1487412.1947457416,-90.05484936225969,0.7793944150254866,1.213977720958203,8.265435481716384,Severe Erosion,-16.280545845855457
2285,82.74825951100607,82.74825406556046,50.17720728531783,-1.3613614022744969e-06,-8.14276305642206,474312.155166947,1487352.7222801633,-90.05516072297978,0.8585699128615302,1.1459625439418768,8.08191544346883,Severe Erosion,-6.190438806777612
2286,412.4883171863272,120.78267220168324,117.85262772454904,-72.926411246161,-73.65892236544454,474162.99411994714,1487361.643292903,-0.05553749079762885,1.1841290122917552,1.0805300566764644,1.0,Severe Erosion,-74.17503113010702
2287,499.9999999999023,529.803703902379,527.0363519367971,7.450925975619171,6.759087984223712,474061.2026126322,1487382.7690328446,-90.05582021006997,0.8398045422411602,1.1869819744462007,8.565932468505903,Accretion / Land Gain,8.085899731221854
2288,500.00000000009385,440.3927252026812,437.6253732740585,-14.901818699353155,-15.593656681508833,473891.0354776527,1487412.7390096826,-90.05610347629263,0.7125863931210087,0.9582192410060901,7.6503164567394215,Severe Erosion,-18.507449969566743
2289,52.9443203117668,52.9443203117668,50.17696897541325,0.0,-0.6918378340883873,473750.701580955,1487472.4841415773,-90.05648192498423,0.4341776206170966,0.9734038835197373,7.955257271194254,Moderate Erosion,-12.885923625470532
2290,500.0000000000183,529.1703857595281,525.4337660759136,7.292596439877457,6.35844151897382,473667.26007549115,1487529.461271179,179.94339209998594,1.1802533233029142,0.9062309390448788,1.0,Accretion / Land Gain,5.6870457080423
2291,52.944410567911625,500.0001158718888,348.2141852649265,111.76392632599428,73.81744367425372,473558.14931296225,1487562.0858113656,-90.05676747238769,1.0134124167436998,1.0248628891862033,7.532849950509142,Accretion / Land Gain,80.93118435475343
2292,499.9999999999881,499.99999997524986,497.0699536858567,-6.184563972055912e-09,-0.7325115785328649,473550.5356488512,1487486.3131357215,-0.05685817587703822,1.3385353654510965,1.0929438571248902,1.0,Moderate Erosion,3.898565432675097
2293,500.0000000000296,499.999973590968,497.2326220404749,-6.602265401056684e-06,-0.6918444898886804,473423.7014910045,1487413.2008018265,-90.05710676753833,0.9448098213712831,1.087455185918368,8.443084464740828,Moderate Erosion,4.135142933067173
2294,499.9999999999791,499.9999999999791,497.232647757504,0.0,-0.691838060618764,473283.3090813167,1487413.3410966753,-90.05748298841975,0.9854198095800157,1.0911753537942182,8.22663683317543,Moderate Erosion,5.488815548412325
2295,499.9999999999869,499.9999999999869,497.23264836526135,0.0,-0.6918379086813928,473142.8566797035,1487353.8748170186,-90.05770019388116,0.8132988414775074,0.9657065662962878,8.257720143377442,Moderate Erosion,-0.24854995387420564
2296,237.46384232609373,237.46384232609373,30.338977306675663,0.0,-51.78121625485451,473025.25006892177,1487271.5168354337,-0.0579795080728846,1.229192582854098,1.1419595559986884,1.0,Severe Erosion,-50.79463771782653
2297,499.9999999999099,500.00004144564855,109.78431823168506,1.0361434661376734e-05,-97.5539204420562,472861.9510771788,1487234.9444213924,-90.0582912990319,0.7073524226952457,1.0964841564380472,8.20932537288347,Severe Erosion,-100.64217991922794
2298,62.43741147797704,33.26656775014699,30.33652710926588,-7.292710931957512,-8.02522109217779,472879.2568796974,1487134.2014826823,-0.05828727695550833,1.1521821497081723,1.1348729256286194,1.0,Severe Erosion,-9.605585372313039
2299,470.82905058464894,470.82905058464894,0.3573099261809354,0.0,-117.617935164617,472791.63897976937,1487030.976398,179.94152809439765,1.2927738833038847,0.923692173322064,1.0,Severe Erosion,-114.5390794157613
2300,4.09258800495627,120.7767000679676,1.1625501946980838,29.17102801575283,-0.7325094525645466,472704.0626453685,1486969.013182094,-0.058657668168514136,1.3801731578704237,1.0993612478742083,1.0,Moderate Erosion,5.286912733279534
2301,410.5888612711536,410.58886577642886,406.6895513072657,1.1263188213206377e-06,-0.9748274909719754,472637.3901055518,1486877.529121134,89.94118965968103,1.5790828479344874,0.9784276482494498,8.111002129285502,Moderate Erosion,-1.6720588693769731
2302,441.6575283339231,266.6300995990012,263.7000644305133,-43.75685718373048,-44.48936597585245,472616.3485467738,1486773.300828671,-0.05883705411001919,1.1320608502179235,1.0405284030284196,1.0,Severe Erosion,-46.74031230010951
2303,441.6575797811078,441.6575797811078,437.920948710984,0.0,-0.934157767530948,472587.20091813576,1486796.2795408668,179.94109795233686,1.2004904076232128,1.1153138824074011,1.0,Moderate Erosion,-0.9315179732479616
2304,23.140439812893856,23.14034624635736,20.37299447014503,-2.339163412479195e-05,-0.6918613356872063,472468.5857804126,1486877.7028796393,-90.05918644114973,0.8901812257564335,1.0807382446460034,7.84902637120654,Moderate Erosion,2.3141724089583677
2305,291.37389274912897,291.373929131032,169.39171616212383,9.095475761000673e-06,-30.49554414675129,472357.90448647056,1486788.4061879143,-90.05937098975825,0.5834219923300168,1.004355704729163,9.263104218216755,Severe Erosion,-37.714818227419
2306,149.94714291004945,120.77607484182244,0.3551814993463686,-7.292767017056754,-37.39799035267577,472295.62345339195,1486926.0470518023,179.94046704662583,0.8559884753745559,1.0744777327851707,1.0,Severe Erosion,-48.87889511836196
2307,201.9626603531948,201.9626989870374,199.19534790057173,9.65846065525966e-06,-0.6918281131557649,472166.7474056992,1486997.2312203178,-90.05978663100633,0.7174196903436566,0.9522249524182722,8.165254635033165,Moderate Erosion,-3.4445123606136825
2308,321.17757574592366,350.9813440105971,348.2139921563429,7.450942066168366,6.759104102604823,472144.42872925004,1487116.4694941775,-90.05988537531846,0.6168933546001987,1.1680586038099352,7.90671223097099,Accretion / Land Gain,0.6555419730340297
2309,261.57009782880374,649.018554265804,19.24103299456181,96.86211410925009,-60.58226620856048,472237.6181260483,1487175.9798684008,89.94030036057138,1.5237787532187659,1.0602563586524782,7.8195081265397,Severe Erosion,-63.122967196797035
2310,179.11978735173565,179.11978680382654,176.18974737224343,-1.3697727752060018e-07,-0.7325099948730553,472266.59522047563,1487063.3854260435,-0.05960208573149573,1.1774168511975964,1.1649477107501154,1.0,Moderate Erosion,-1.4714115889604131
2311,440.3925565128219,350.9814050396253,78.84863426066887,-22.352787868299146,-90.38598056303826,472312.09141868824,1486967.2761389406,89.94049663523475,1.5320125229378083,1.032300611791337,8.117127223259882,Severe Erosion,-92.65222260815332
2312,237.46119456133405,237.46119456133405,233.72456671898644,0.0,-0.934156960586904,472470.73513073794,1487008.510992582,179.9408390853619,1.418283151196791,1.0329838678532814,1.0,Moderate Erosion,6.328180711766823
2313,62.43765781936038,62.43765781936038,58.7010321543689,0.0,-0.9341564162478696,472412.5397832893,1487150.2294644588,179.94070846125928,1.249425647644309,1.0152665354319608,1.0,Moderate Erosion,0.6995674067637306
2314,142.35542445348497,142.35542445348497,138.45611003490194,0.0,-0.974828604645758,472557.22445085226,1487205.4525873044,89.94098884934526,1.645070941786826,1.1470904672063744,7.745242801328453,Moderate Erosion,0.5275431934083837
2315,149.94856019680032,383.3161964353886,147.01852101064188,58.341909059647065,-0.7325097965396097,472529.10532127705,1487035.8786690352,-0.059037857775787406,1.29291890967884,1.0184117038027836,1.0,Moderate Erosion,2.3785259236774
2316,324.9743600584445,324.9743600584445,321.2377327412278,0.0,-0.934156829304186,472645.7944607847,1487041.0283798904,179.941214065614,1.0295854355044387,1.126789549359204,1.0,Moderate Erosion,-6.628322418208032
2317,383.3167369403366,383.3167369403366,379.5801113302195,0.0,-0.9341564025292826,472733.4222842683,1487153.426095618,179.9413975269926,1.3562758904832237,1.0458397591851119,1.0,Moderate Erosion,4.261402534572061
2318,500.0000000000873,500.0000000000873,497.23264829482616,0.0,-0.6918379263152872,472733.1650086495,1487294.683269766,-90.05860707538336,0.7886355662789926,0.9198789741022988,7.40703710001546,Moderate Erosion,-1.0706593589925866
2319,499.9999999999292,499.9999923423581,497.2326406321242,-1.9143927687537143e-06,-0.6918398419512357,472592.83359788975,1487354.434656448,-90.05882884320447,0.9005723034321544,1.0329719885888817,7.6994575952392,Moderate Erosion,2.660563244254827
2320,500.0000000001124,559.607378380478,556.8400268624279,14.901844595091418,14.21000671557887,472452.50245852233,1487414.186817459,-90.05911333674231,0.6392216279341625,0.9849083932646636,8.608032438592723,Accretion / Land Gain,8.850720550378092
2321,500.00000000001984,500.00000000001984,497.0699562284574,0.0,-0.7325109428906131,472383.56705164415,1487341.4594115007,-0.05936123805713291,0.9665217655508671,1.0811702171536826,1.0,Moderate Erosion,-8.501304772970935
2322,500.00000000000296,500.00000422983953,497.2326521672358,1.057459144249151e-06,-0.6918369581917858,472229.9351213998,1487295.2027745815,-90.0597983970808,0.9226836665568705,0.9827289979654497,8.353932676058136,Moderate Erosion,3.3976113319333576
2323,500.00000000007526,500.00000000007526,497.2326483264456,0.0,-0.6918379184074155,472089.4802910051,1487235.7419537688,-90.06001548248922,0.8564616483523538,1.1514005425408667,8.820494388553257,Moderate Erosion,1.1902097120801676
2324,500.00000000000864,500.00000000000864,497.2326489035237,0.0,-0.6918377741212396,471978.7977831838,1487146.4468201685,-90.06016866824191,0.6646924874057314,1.0690746131319813,7.722473821652111,Moderate Erosion,-5.202095545908792
2325,500.000000000018,350.9813325159479,348.21398047872924,-37.254666871017534,-37.9465048803222,471897.8873413276,1487027.3170189813,-90.0603833524121,0.6695507599448906,1.06086586387444,7.960269822161294,Severe Erosion,-42.294820286695675
2326,208.288807906637,208.288807906637,205.35877109796905,0.0,-0.7325092021669946,471887.19667513104,1486896.2226627963,-0.06040994947700348,1.3683934767326194,1.1261233781879096,1.0,Moderate Erosion,4.894664719906853
2327,231.76644424728823,261.57018016559886,258.8028284877598,7.450933979577655,6.759096060117898,471940.8650155117,1486759.0380205775,-90.06037266689539,0.6215884381273835,1.1492712973667745,7.218158357057036,Accretion / Land Gain,0.8120365957812581
2328,82.74778255492565,82.74778255492565,79.98043160821112,0.0,-0.6918377366786324,471800.53549023776,1486818.793595689,-90.06068845659901,1.0464011673749727,1.071201996800734,7.875836790766047,Moderate Erosion,7.5215270296011845
2329,52.9439226608877,52.9439226608877,50.17657151229272,0.0,-0.6918377871487458,471630.37096876214,1486848.77778792,-90.06090903714885,0.6649071158234899,1.0114401969134745,8.352420354538861,Moderate Erosion,-5.1949414603880895
2330,380.78506924063095,350.9813837303917,138.45589582975816,-7.450921377559808,-60.5822933527182,471641.4106409159,1486967.981050169,89.93905483753333,1.6957585625524008,0.9325132199830043,8.216231290947762,Severe Erosion,-57.39033372467629
2331,354.14520099565567,266.63231690581546,1.1635827070567908,-21.878221022460053,-88.24540457214972,471566.4748542458,1487046.889464489,-0.061103687645369234,1.1502806445047054,1.020401339335821,1.0,Severe Erosion,-89.88849695089465
2332,142.35507313289995,112.55131059586724,109.78395946118766,-7.450940634258178,-8.14277841792807,471504.89056518505,1487027.7341193021,-90.06132370457257,0.8904783437709849,1.0257010780536675,7.849791825571531,Severe Erosion,-5.126841262516355
2333,112.55129940225176,112.55131413927585,109.78396300205652,3.6842560220407e-06,-0.691834100048812,471364.562028406,1487087.4920499937,-90.06154553910578,0.7183831304520738,1.0842888586092314,7.73755649021369,Moderate Erosion,-3.412404110619775
2334,440.3925111671613,559.6074627753026,19.24079854269099,29.803737902035323,-105.28792815611756,471325.5124999234,1487147.1415191502,89.93835801109691,1.5755808325960963,1.0487564242438479,8.507697638898257,Severe Erosion,-106.10189268647903
2335,201.96249923526383,201.96252361148225,199.19517274774452,6.094054604943722e-06,-0.6918316218798211,471347.0438069647,1487176.92213348,-90.06158051716503,0.8061381073409405,1.1317238720711347,7.801068520825283,Moderate Erosion,-0.4872357449012154
2336,324.9755407888739,354.14628248726586,29.531532149297306,7.292685424597991,-73.86100215989416,471333.3216300616,1487246.4568210775,179.93838511175574,1.050102034617115,1.0283991190043518,1.0,Severe Erosion,-78.87193943880152
2337,383.31722523695714,383.31722523695714,1.168097872979705,0.0,-95.53728184099435,471479.2236708221,1487291.5439443141,-0.06130260034316892,1.310695679008264,1.073359031121096,1.0,Severe Erosion,-91.83316011389373
2338,295.8042803919126,324.97509928853924,1.1660172092249272,7.292704724156664,-73.65956579567191,471508.27411880373,1487179.0250724205,-0.06123628944037833,1.122590455161676,1.1714308905684356,1.0,Severe Erosion,-76.22563362802984
2339,231.76635164554844,201.9626662346733,78.84836485226757,-7.450921352718787,-38.22949669832022,471646.3247717773,1487116.9946279342,89.9390488477742,1.5657097863656586,1.103388898140056,8.38856041640217,Severe Erosion,-39.37249627502031
2340,33.2656067029023,62.436512878720606,59.50647303446487,7.292726543954576,6.560216582890641,471770.7288413497,1487100.891156959,-0.06066844626796612,1.0504240482320912,1.071065999168528,1.0,Accretion / Land Gain,1.5884697098480798
2341,91.6084165250724,354.1458500582707,87.87179080167479,65.63435838329957,-0.934156430849402,471887.47103609436,1487156.4195393652,179.93958113925564,0.8160717543226472,1.0283126741674558,1.0,Moderate Erosion,-13.745824724825955
2342,52.94398795688405,23.14026811336788,19.240951980440588,-7.450929960879042,-8.425758994110865,471832.9956284919,1487236.0117432307,89.93945158903777,1.5713456122577973,1.0266669249778024,8.231559460184108,Severe Erosion,-9.38089780711171
2343,499.9999999999025,499.9999999999025,497.2326483950407,0.0,-0.6918379012154645,471831.6197269296,1487325.424542619,-90.06058333565997,1.1618925368518507,1.010236945667961,7.974260468850066,Moderate Erosion,11.371239206849115
2344,500.0000000000692,500.0000000000692,497.23264928399885,0.0,-0.6918376790175813,471661.45516024705,1487355.4085833547,-90.06083533242919,0.9176908686586992,1.0353270045732488,7.817926776938581,Moderate Erosion,3.231183760472538
2345,499.9999999999114,499.9999999999114,50.17640620814317,0.0,-112.45589844794203,471610.5057020187,1487385.2665707027,-90.06108735588006,0.7971111703858549,1.139380729836645,8.406246606677504,Severe Erosion,-112.552200346614
2346,441.6588419221987,441.6588419221987,437.92221957733767,0.0,-0.9341555862152546,471479.3339571634,1487394.6174489493,179.938691973522,1.1609943863050605,1.061276530554602,1.0,Moderate Erosion,-2.248609732256593
2347,500.0000000000845,500.0000176691466,497.23266661508217,4.417265515144209e-06,-0.6918333462505899,471359.62033059064,1487474.9462867593,-90.06159263008563,0.8033701150442863,0.971904746470983,8.02097833230619,Moderate Erosion,-0.579503882190358
2348,500.0000000000258,559.6075233878984,20.372486523993363,14.90188084696814,-119.90687836900813,471249.06381142256,1487504.8690714792,-90.06181331736096,0.8820681000579581,1.2216595811224553,8.311926800668486,Severe Erosion,-117.17128279313208
2349,499.99999999992303,559.6075298604567,556.8401789465402,14.901882465133411,14.210044736654282,471168.40770693496,1487624.171304075,-90.06200632367853,0.6228783119412975,1.1070739791399384,7.8499517172700894,Accretion / Land Gain,8.305980660110059
2350,499.9999999999719,499.9999991887312,496.2633817297513,-2.0281018464629602e-07,-0.9341545675551686,471071.30639697233,1487727.06376299,179.9378000363427,1.3675824917792143,0.9700134766076123,1.0,Moderate Erosion,4.637453905789192
2351,499.9999999999712,499.99999410679135,497.232642724302,-1.4732949580320565e-06,-0.6918393189173031,471036.93283082097,1487892.5479044134,-90.06229955507791,0.907307433774495,1.0489702468138782,7.684776221540631,Moderate Erosion,2.885067258288917
2352,499.99999999999903,531.5488637488481,527.7793609373238,7.887215937212275,6.944840234331181,470984.0725268871,1487981.308570954,-157.66994641735553,1.155751294363532,1.0941235146698614,3.3023029163899986,Accretion / Land Gain,10.535768862870853
2353,470.196237436977,470.19622519054354,466.2969093347809,-3.0616083677159622e-06,-0.97483202554902,470919.03191659565,1488071.49906833,89.9374421782408,1.665771122398582,1.222566738579559,8.573528367006396,Moderate Erosion,1.2175466684996166
2354,4.112665574224843,33.28251387597369,30.352459463990648,7.2924620754372125,6.559948472441452,470838.33630694053,1488085.1109050622,-0.06271527638995734,1.2025046635158072,0.9976930234738959,1.0,Accretion / Land Gain,6.658031760911401
2355,500.00000000008447,500.00000000008447,497.2326491312344,0.0,-0.6918377172125219,470741.3546253834,1488161.1050036887,-90.06296930088294,0.9009294269647063,1.165220516536412,7.862661098265351,Moderate Erosion,2.672468462621578
2356,500.000000000068,500.000000000068,497.23264890010273,0.0,-0.6918377749913134,470630.8645065431,1488250.6379862346,-90.0632553552486,0.8887723638306609,1.2000305480412332,8.456878081765138,Moderate Erosion,2.267232893715577
2357,500.0000000000306,529.8037880801741,527.0364380707755,7.450947020035869,6.759109517686227,470490.5381075854,1488310.4006758118,-90.0634460537132,0.7468941386003192,1.0384014399639496,8.462892914262955,Accretion / Land Gain,4.988905962981108
2358,499.9999999999861,500.0000434904489,497.2326932382903,1.0872615703760856e-05,-0.6918266904239374,470379.9826303238,1488340.3273324992,-90.06372965348075,0.7139599815042644,1.0668037768289453,7.931396811068711,Moderate Erosion,-3.5598355549084424
2359,231.7659125713052,231.7659125713052,49.04390697320952,0.0,-45.68050139952392,470270.79147027753,1488280.8412114657,89.93605326109471,1.6152781951619015,1.005481474659651,7.706126579981331,Severe Erosion,-45.17121992321398
2360,499.9999999999922,500.000000425083,176.2023521802008,1.0627269375618199e-07,-80.94941195494786,470225.8448034042,1488152.7665096403,-0.0640358249047335,1.4319059684238207,1.0707732061827098,1.0,Severe Erosion,-73.20431119747192
2361,500.0000000000071,470.8301330413645,322.050736028553,-7.292466739660654,-44.48731599286353,470342.4310822838,1488069.3157115441,-0.06378111672017028,1.0136886625489323,1.083249286202224,1.0,Severe Erosion,-50.68285137113303
2362,142.35450580301315,172.15830899708422,169.39095884451504,7.450950798517766,6.759113260375472,470287.26696102385,1487982.7847440303,-90.0638087209735,0.5798714581902944,1.1380401220844487,7.534129699531833,Accretion / Land Gain,-0.5785130683867274
2363,499.99999999998505,500.0000002320591,497.0699472985609,5.8018514437208075e-08,-0.7325131753560328,470138.1548587183,1487991.6808443042,-0.06421709183553617,1.2242658064039058,1.1725763041155253,1.0,Moderate Erosion,0.09129103082655088
2364,499.9999999999956,499.9999994935887,497.0699487184994,-1.266017335410652e-07,-0.7325128203740547,470079.6559082809,1487850.0864125553,-0.06433622668468698,1.2071840037792059,1.0240225185889642,1.0,Moderate Erosion,-0.4780743110939644
2365,380.78495988148376,410.5886335596172,406.68931728655633,7.450918419533366,6.476089351268144,470085.8600351969,1487714.7758574423,89.93566946291983,1.626000997528745,0.9250526935468033,8.251739210835233,Accretion / Land Gain,7.342797673120185
2366,84.87052369534979,84.87052369534979,36.447532077824405,0.0,-12.105747904381346,470108.6077818124,1487655.5125737363,59.52471762995782,1.5813321934259692,1.0801102332815289,6.775156640701864,Severe Erosion,-10.885981914838844
2367,208.2961604305293,208.2961604305293,205.36611347082032,0.0,-0.7325117399272472,470254.39886857907,1487601.2010643561,-0.06394983050160657,1.1660732078581366,1.104715465152244,1.0,Moderate Erosion,-1.8485230131012726
2368,291.3735319508363,291.3735319508363,288.6061815852402,0.0,-0.6918375913990218,470060.22155845765,1487595.589456512,-90.06416869351158,1.0234797666501168,1.101126168920562,7.715940340068957,Moderate Erosion,6.757479601611389
2369,500.0000000000204,500.0000000000204,147.0254050796712,0.0,-88.2436487300873,469962.7075190816,1487612.4471142164,-0.06457760132042274,0.9594135666175423,1.0552182325091792,1.0,Severe Erosion,-96.24816862246988
2370,500.00000000010544,499.99999653628186,169.39097976346324,-8.659558972112791e-07,-82.65225505916055,469927.0879956323,1487506.3279051199,-90.06466659060438,0.675725701050808,1.090201772226184,7.830434475710062,Severe Erosion,-86.79474018306178
2371,441.6588159851671,529.1705910546616,555.4111373184319,21.877943767373623,28.438080333316197,469874.97512756614,1487416.7394838105,-0.06475619687375297,1.1840597025352826,1.2004999480913432,1.0,Accretion / Land Gain,27.92180653257096
2372,500.00000000001495,587.5119505929607,584.5819072443993,21.87798764823644,21.14547681109609,469787.4034677086,1487363.9579775787,-0.0649423963541217,0.9530682949677481,1.109237917865262,1.0,Accretion / Land Gain,12.929532755325251
2373,470.1962186939435,470.1962186939435,168.2591246948637,0.0,-75.48427349976996,469891.45985685306,1487327.5453153292,89.93527834096034,1.573621584133252,1.0484392844895354,7.536553590497458,Severe Erosion,-76.3635455219303
2374,410.5887455013436,499.9999999999315,228.9986747752148,22.35281362464697,-45.39751768153221,469806.0079658059,1487297.8382673676,-90.06500253740907,1.0492207822809916,1.0379740914792215,7.273735261212694,Severe Erosion,-37.09016685289212
2375,499.9999999999962,529.1707638922217,526.2407221230216,7.2926909730563665,6.560180530756341,469699.7761170366,1487262.4917728296,-0.06512602117236888,1.2026783079430265,1.0640219913693016,1.0,Accretion / Land Gain,6.66461297223615
2376,499.9999999999994,499.9999999999994,497.0699599311478,0.0,-0.7325100172128884,469787.1608631568,1487149.9049532332,-0.06493473239670482,1.2341518060031578,1.2073371755830515,1.0,Moderate Erosion,0.4209945113805289
2377,231.76586743752185,231.76586743752185,228.99851771031365,0.0,-0.6918374318020497,469707.3039334737,1487029.7159427823,-90.06508507336147,0.6109755433000313,1.0604354498102242,8.502473814247105,Moderate Erosion,-6.992661257664951
2378,499.9999999999883,499.9999999999883,497.0699642343466,0.0,-0.7325089414104156,469728.4974561112,1486866.65526186,-0.06504797420455252,1.107091668362983,1.0717471057705277,1.0,Moderate Erosion,-3.8143159816078027
2379,499.9999999999533,529.8037763241862,49.044202129121295,7.450944081058225,-112.738949467708,469735.0004789396,1486731.6465404364,89.9349904056136,1.5437202854737238,1.0332748081600742,7.673631036386864,Severe Erosion,-114.61493136932768
2380,499.9999999999829,499.9999999999829,497.0699662196227,0.0,-0.7325084450900476,469874.1994719146,1486730.2968591147,-0.06472563776080338,1.1518908653869233,1.159763831111392,1.0,Moderate Erosion,-2.321083928871218
2381,82.7473379629739,82.7472981584546,78.84798246228156,-9.951129825935824e-06,-0.9748388751730844,469985.88049694314,1486641.9517039622,89.93543295413,1.792246315266472,1.2276666814028212,8.198648766310093,Moderate Erosion,5.433380099845759
2382,112.55117446672178,112.55115641884308,108.65184111778528,-4.511969674325656e-06,-0.9748333372341236,470096.43556879036,1486612.0236602672,89.93574758325765,1.6836534075939253,1.1066011468441201,8.254034974342304,Moderate Erosion,1.8136219663914992
2383,172.15894025027038,172.15870649328076,78.84810715785181,-5.843924740389639e-05,-23.32770827310464,470206.9241353849,1486522.4887238424,89.93603338416465,1.4332810571771497,1.0761922596372169,8.160062856434285,Severe Erosion,-28.8849980577898
2384,112.5515153253991,112.55124989527454,19.240656176445253,-6.635753113926057e-05,-23.32771478723846,470347.3829217416,1486581.9397146932,89.93631288848552,1.6369754696562404,1.0731651528236676,7.1943697481336875,Severe Erosion,-22.095190895078435
2385,201.9628260906759,201.96254065852443,78.84820783951412,-7.135803786439965e-05,-30.778654562790443,470341.186192163,1486492.5352516032,89.93637932278835,1.6747330156812241,0.8784969335901316,7.653241234180738,Severe Erosion,-28.28754582030652
2386,500.00000000002393,500.00000000002393,497.06997045528897,0.0,-0.732507386183741,470486.4741292113,1486437.7226172448,-0.06339760536413956,1.3705797570879112,1.1282508985368043,1.0,Moderate Erosion,4.968237806422591
2387,441.6565976589749,441.6565976589749,117.03129814074536,0.0,-81.15632487955737,470428.0786708586,1486390.7091358728,179.93647831390152,1.4375245679219444,1.0788545344497322,1.0,Severe Erosion,-73.2536214467155
2388,500.00000000002206,499.99999979163846,1.1504020653807538,-5.209589915011748e-08,-124.71239948366032,470340.53221613244,1486362.5654585508,-0.06371029681939142,1.0472910895387089,1.1020784169497533,1.0,Severe Erosion,-129.78787044279966
2389,410.58901584327936,410.5887440161289,287.4744070896428,-6.795678761761792e-05,-30.77865218840914,470345.1017455506,1486283.9045704743,89.93629407877324,1.4783711260639025,1.0100259293887297,8.05769646382188,Severe Erosion,-34.83293974446083
2390,201.9626121673467,201.9626121673467,199.1952608159052,0.0,-0.6918378378603691,470400.1307998923,1486194.4322284833,-90.06382746398471,0.6113635693617143,1.0351966867769442,8.132308558637158,Moderate Erosion,-6.97972713243345
2391,172.15892463969195,172.1589755870265,20.372815754240005,1.273683363933742e-05,-37.946527221362985,470200.1309239918,1486194.6550283052,-90.06382745064447,0.7648972693327559,1.0330737094895188,8.03394121936838,Severe Erosion,-39.11662651689789
2392,112.55118667658444,112.55118667658444,109.78383578785586,0.0,-0.691837722182143,470089.575679794,1486224.582296115,-90.06436128629105,0.869954008534851,1.1480168307442327,8.274242702329376,Moderate Erosion,1.6399541500495296
2393,266.62445639956195,499.9999999999711,292.8663761440679,58.34388590010229,6.560479936126484,469931.92449764797,1486182.3629847856,-0.06457868521344191,1.347649333310389,1.035518772273013,1.0,Accretion / Land Gain,11.497152519071992
2394,499.99999999988654,500.0000088486208,109.78377808670868,2.2121835598909456e-06,-97.55405547829446,469808.65645043354,1486105.6836623508,-90.06482612631619,0.788607602480067,1.2315821082758522,8.026289943490006,Severe Erosion,-97.93381059650707
2395,500.000000000118,700.3867175780906,698.956064419879,50.09667939449315,49.73901610494025,469728.00669071235,1486224.9901089661,-17.37006454150795,1.0326059965874728,1.100760498132558,2.2809899788310566,Accretion / Land Gain,48.139778488666025
2396,499.9999999999958,500.00000007816857,438.7258683615781,1.954319372998725e-08,-15.318532909604414,469727.6086666767,1486083.571915844,-0.06501470702639926,1.2223098106547827,0.962669163926981,1.0,Severe Erosion,-14.559742948360713
2397,82.74746506195345,291.373716951736,287.47440117939107,52.15656297244564,51.18173402935941,469683.960950104,1485956.8061284977,89.93492968092391,1.4747283067965724,1.0530299008553325,8.193831392357229,Accretion / Land Gain,47.006019521209296
2398,500.0000000000065,616.6891964461282,613.7591758834625,29.172299111530435,28.439793970864,469669.0088554621,1485858.6714767,-0.06512783544253788,1.5129761302868614,1.010084792573961,1.0,Accretion / Land Gain,38.887487579337865
2399,499.9999999999764,500.00000034875694,497.0699819655794,8.719513289179305e-08,-0.7325045085992485,469668.84784214594,1485717.0163434306,-0.06512270946229966,0.9583962037510064,0.8850831252324058,1.0,Moderate Erosion,-8.770809644189542
2400,500.0000000000276,470.8273899837796,380.3795376907208,-7.293152504062007,-29.905115577326697,469668.6868444153,1485575.3614746768,-0.06511693981634768,1.2272564849327752,1.187000771507592,1.0,Severe Erosion,-28.981412682848074
2401,441.6545339042425,441.6545349542511,234.5153680693392,2.625021551239115e-07,-51.78479145872582,469697.73172697646,1485462.8463866482,-0.06504982849538082,1.5030867995079666,1.1140271785586349,1.0,Severe Erosion,-41.66676036257762
2402,499.9999999999734,559.6074827851644,556.8401310376345,14.901870696297747,14.21003275941527,469629.65225683374,1485450.203757447,-90.06520510867763,0.801020235712726,1.1002897456126308,7.740395411236209,Accretion / Land Gain,14.24403198221526
2403,499.99999999997294,616.6911424807607,613.7611286642265,29.172785620196947,28.440282166063383,469522.6427477359,1485416.9047812673,-0.06542236086120896,1.171037410608441,1.070489618699578,1.0,Accretion / Land Gain,27.49008699105591
2404,499.9999999999231,499.9999403079277,497.2325891077701,-1.492299884375825e-05,-0.6918527230382523,469408.33886440046,1485331.241417036,-90.06557568670208,0.746383448559787,0.9457277031273582,7.453515425305408,Moderate Erosion,-2.479079837090388
2405,499.9999999999967,529.1730030927966,526.2429922937541,7.293250773199986,6.560748073439356,469376.55428558966,1485221.282131018,-0.06572641120010847,1.1724823909238917,1.0163540580930748,1.0,Accretion / Land Gain,5.658789664627317
2406,500.00000000000585,499.99999941618256,205.338047045536,-1.4595582342735725e-07,-73.66548823861747,469347.1851592421,1485050.488803571,-0.06578449119167404,1.4054680089151665,1.120444768029245,1.0,Severe Erosion,-66.80124586523482
2407,499.9999999999603,500.00021925136826,497.2328679355518,5.48128519852753e-05,-0.6917830161021357,469194.1498899178,1485003.64651899,-90.06609363416257,0.4682209794367712,0.9684710056133142,8.206553344390686,Moderate Erosion,-11.75109257274967
2408,410.5887736922681,410.5887736922681,198.0632499786112,0.0,-53.13138092841423,469085.4795434474,1484914.3605651276,89.93369116137406,1.8300147873223223,0.8490082263983657,7.501974153155873,Severe Erosion,-45.4642124219326
2409,470.1962503967312,23.140196228928072,19.24088049941359,-111.7640135419508,-112.7388424743294,469167.4562546137,1484854.6582522884,89.93375636837995,1.3864061597869346,1.0326989014599193,7.846867660694428,Severe Erosion,-119.85862823658013
2410,499.999999999942,499.999999999942,258.8026605743441,0.0,-60.29933485639948,469065.76021753176,1484824.9721096521,-90.06633622610202,0.7600024187082878,1.0391871340817977,7.757561105243134,Severe Erosion,-61.63259650257156
2411,500.0000000000594,321.17749127168184,318.41013966696806,-44.70562718209439,-45.397465083272834,469014.8136233296,1484854.8349477348,-90.06652532375156,0.7356136065792803,1.0617144763305237,7.80532407836577,Severe Erosion,-47.54368718476614
2412,412.4801689998055,120.7474413375241,117.01078177270188,-72.93318191557036,-73.86734680677591,468997.02307493676,1484978.574724728,179.93346877987022,1.2887474658998814,1.1105642123792943,1.0,Severe Erosion,-70.92458045792232
2413,499.999999999984,499.9999078662747,497.2325565540064,-2.3033427325458437e-05,-0.691860861494419,468881.9597022717,1485004.00830356,-90.06668838128796,0.5602816181648664,1.1035811971303795,8.282596766470327,Moderate Erosion,-8.682482620913156
2414,440.3925269338546,619.2151040283895,227.86693242418423,44.70564427363374,-53.13139862741758,468842.71203238616,1484884.8389780195,89.93312905777009,1.669325627479383,1.0719140409643866,7.9923456794003505,Severe Erosion,-50.820535297007865
2415,208.26533561924103,208.2653364853718,88.64144663079243,2.165326904446374e-07,-29.90597224711215,468967.6535344164,1484809.7223064005,-0.06658595839661675,1.503181585913819,1.1459956879724968,1.0,Severe Erosion,-19.784424130677888
2416,470.8264131855847,470.8264136712114,1.1189279179132798,1.214066713828288e-07,-117.42687131691788,468938.349255359,1484697.2768978998,-0.06664330467696769,0.9950586413795777,0.9275466596131299,1.0,Severe Erosion,-124.24274133988193
2417,354.1324542978218,354.1324542978218,117.00775199189528,0.0,-59.28117557648164,468909.25733574975,1484767.4386978631,179.93329016096456,1.2289216475701938,1.0902354051385588,1.0,Severe Erosion,-58.33264473842966
2418,120.74556465342576,120.74556465342576,117.00890311548446,0.0,-0.9341653844853256,468792.66072691407,1484850.880938227,179.9330364766272,1.1011701668087173,1.1009472466477,1.0,Moderate Erosion,-4.244076273468371
2419,500.0000000000317,499.9999943634307,288.60633658953464,-1.4091502578139623e-06,-52.84841585262427,468686.3245960103,1484885.0219224645,-90.06718394386694,0.8638833559181758,0.9520495646707832,7.7173268585863335,Severe Erosion,-50.71897982165909
2420,499.9999999999957,559.6075081048652,288.6063387154657,14.901877026217392,-52.84841532113249,468605.3997617736,1484765.9018442289,-90.06739773427148,0.8028724433544898,0.9296215997260676,8.287834264207413,Severe Erosion,-52.75267643405373
2421,500.0000000001042,500.0000000001042,199.1950484719257,0.0,-75.20123788204462,468465.00734230096,1484766.0673569865,-90.0676794264096,0.7037772427036293,0.9901777750228253,7.971904970564634,Severe Erosion,-78.40867242726617
2422,52.94363380609271,52.94363508433384,49.04431887640707,3.195602822358979e-07,-0.9748287324214112,468326.95539393026,1484766.2306459832,89.93207019095311,1.6731805616017776,0.996931700969616,7.885150575477397,Moderate Erosion,1.4645326919339587
2423,266.6105319098535,500.0000012455729,30.29102034342645,58.34736733392985,-59.07987789160676,468383.9630685864,1484623.3398918041,-0.06782989744985453,1.4701786745619079,1.1084885679409329,1.0,Severe Erosion,-50.05813734267305
2424,412.47908725407575,412.4790869525016,58.6588323921169,-7.539354385244225e-08,-88.45506371548971,468296.4901397642,1484663.9236026544,179.9319816619008,1.1718392887099944,0.9995182145214322,1.0,Severe Erosion,-89.40958267412621
2425,412.4792579853557,120.7434974962165,0.3125478217790576,-72.9339401222848,-103.04167754089416,468267.3793471806,1484716.8299175508,179.93191571784527,1.3084390091673483,0.9807807182695719,1.0,Severe Erosion,-99.44288783015324
2426,500.0000000000578,708.6263392480711,586.6438889314409,52.15658481200332,21.660972232845765,468176.3752923872,1484647.1945452618,-90.06826870406299,0.6060093402602531,0.9995584507262252,8.048578746861264,Accretion / Land Gain,15.194607443489947
2427,499.9999999999901,820.911287733721,380.37496616978575,80.22782193343272,-29.90625845755109,468062.9773125537,1484560.6243400737,-0.06851434425415659,1.0560562232344615,1.136984201981515,1.0,Severe Erosion,-34.68844034164113
2428,112.55115913152818,142.35491093536965,138.4555954828629,7.450937950960366,6.476109087833677,468200.58937538334,1484498.1467948009,89.9316441442621,1.6708606570157096,1.0478174740725104,8.267628390780068,Accretion / Land Gain,8.838140477235564
2429,52.94371242262691,52.94371274789156,49.044397056939765,8.131616269224652e-08,-0.974828841421786,468311.2134311398,1484527.8190750303,89.93201831082742,1.8226171227219337,1.0327758031102598,8.747620970302082,Moderate Erosion,6.4457513012580385
2430,441.65245392607255,295.78360047425747,292.04693402051464,-36.46721336295377,-37.40137997638948,468442.20853259217,1484537.072448715,179.93229928259524,1.2538146423777374,1.038422017989557,1.0,Severe Erosion,-35.62331323246118
2431,201.9623441441871,201.9623441441871,199.19499298131112,0.0,-0.6918377907189992,468468.6286724347,1484468.0252155832,-90.06766608618707,0.7530415743718029,1.1497915552055562,7.333944302472862,Moderate Erosion,-2.257127943334771
2432,470.1962507699805,321.17753161246225,78.84822157793721,-37.254679789379566,-97.83700729801085,468555.947334101,1484408.3147644785,89.93252431880866,1.5998934334308894,0.9858039348909996,7.199298385357223,Severe Erosion,-97.84055027089407
2433,62.38991497821037,120.73793507470546,117.8079381791487,14.587005024123773,13.854505800234584,468500.3094129847,1484327.8807696728,-0.067566888292472,1.0119671341474608,1.1500487843950506,1.0,Accretion / Land Gain,7.602467130385996
2434,208.2599867353057,266.6079946653201,263.677997684526,14.587001982503608,13.854502737305085,468354.44599237246,1484333.5306792127,-0.06787911286599739,1.2902034134590208,1.0617131696163615,1.0,Accretion / Land Gain,16.87707936908192
2435,231.76619285827945,559.6075379409646,228.9988418319056,81.96033627067128,-0.6918377565934719,468288.17476533324,1484438.4351106253,-90.06822800304356,0.9323502429509753,1.033251816703444,8.083138528377551,Moderate Erosion,3.719827555023574
2436,500.0000000000156,500.0000000000156,497.0700015048676,0.0,-0.7324996237870067,468092.0008161274,1484434.8382249312,-0.06844636247901362,1.1317086044341849,1.246115897885975,1.0,Moderate Erosion,-2.9929512879524087
2437,500.00000000002007,587.5221463876713,584.5921500389506,21.88053659691282,21.14803750973265,468033.48354673025,1484293.2560336462,-0.06856612432882551,1.1290149961003804,0.9599563410887038,1.0,Accretion / Land Gain,18.797826770935142
2438,440.3924889345338,529.8037564858048,525.9044409227832,22.352816887817752,21.377987997062363,468082.07667972735,1484200.2503364263,89.93153245991738,1.6398814488504867,1.0150351321379456,7.2740407562610265,Accretion / Land Gain,22.707379145322605
2439,499.99999999998806,499.99999999998806,497.0700065948022,0.0,-0.7324983512964707,468120.7719970488,1484097.3706097505,-0.06836896250673295,1.1340147343064153,0.9435412418178635,1.0,Moderate Erosion,-2.916097031499448
2440,23.139871501266203,261.5699333407357,109.7837582069801,59.60751545986737,21.660971676428478,468201.697257366,1484170.3039067807,-90.06821590346159,0.7900803913080112,1.1191795787792451,8.05416586385029,Accretion / Land Gain,21.330308603299365
2441,231.76621731731268,500.0000000000596,108.65191665480825,67.05844567068672,-30.77857516562611,468267.4127696467,1484259.637114857,89.93190521241995,1.9149579858789019,1.179153361033062,7.829667150731873,Severe Erosion,-20.27996621979353
2442,52.943670067886366,201.9624712030304,199.19512029670912,37.25470028378601,36.56286255720569,468330.6094319032,1484170.1507736992,-90.06790304856037,0.7629464257955298,1.176574666803448,7.337136947798491,Accretion / Land Gain,35.32773405347571
2443,500.0000000000167,529.1743262493364,526.2443337492549,7.293581562329933,6.561083437309549,468266.56825619785,1484034.106398831,-0.06805343622493258,1.145773874696758,1.1393160428730977,1.0,Accretion / Land Gain,4.769382677203438
2444,499.9999999998914,350.98125721671386,347.0819418293064,-37.25468569579438,-38.22951454264624,468393.976177628,1483961.4493945385,89.93223143422337,1.5028684493588758,1.024744565254537,8.50875422225257,Severe Erosion,-41.467223570822036
2445,500.0000000000021,470.8254607570956,380.37185380724736,-7.29363481072663,-29.907036548188685,468412.2083279277,1483838.1544749334,-0.0677319335255019,1.3111559377356197,1.0098966823840947,1.0,Severe Erosion,-26.186076690689003
2446,499.9999999998952,529.8037539973699,525.9044389162524,7.450938499368675,6.476109729089302,468496.9155511266,1483722.8977269414,89.93246107281387,1.5728160961144373,0.904074838571855,7.6610048857170305,Accretion / Land Gain,5.569988862998787
2447,500.0000000000286,499.9999789337302,496.1006636270175,-5.266574603979279e-06,-0.9748340932527668,468577.5601659657,1483603.5877830386,89.93262276965044,1.502593767678016,1.1992403046613767,8.017815334753054,Moderate Erosion,-4.221699284859897
2448,499.9999999999969,499.9999999999969,497.07001542737993,0.0,-0.7324961431542363,468674.3834289933,1483500.418231458,-0.06715434858356052,1.3977267791523662,1.0726773125999922,1.0,Moderate Erosion,5.874024018210824
2449,499.9999999999713,500.00000018774944,497.0700163644579,4.694453537013033e-08,-0.7324959088783487,468820.19467948546,1483446.1223749374,-0.0668383320564902,1.4124738311985068,0.9951640921598018,1.0,Moderate Erosion,6.365519113689837
2450,500.0000000000195,500.0000000000195,497.0700178829433,0.0,-0.7324955292690447,468849.2385349077,1483333.61347168,-0.06677118738264014,1.1094703144185902,1.1394403155541981,1.0,Moderate Erosion,-3.73461335796257
2451,500.0000000000086,500.0000000000086,497.07001955506206,0.0,-0.7324951112366307,468936.63300405943,1483221.0371162738,-0.06657898146038677,0.9195541984248694,0.9540462935432231,1.0,Moderate Erosion,-10.065194868039711
2452,179.07375500539496,412.4746514450626,146.16196072735838,58.35022410991691,-8.227948569509145,469053.41783624666,1483293.56549442,179.9336685363573,1.3515901343473884,1.0652532934572754,1.0,Severe Erosion,-3.1903801203245346
2453,149.89896232669415,149.89896232669415,146.9689803877708,0.0,-0.7324954847308334,469199.3259720679,1483321.7390195713,-0.06601944251742681,1.096844623581085,1.0192454484258806,1.0,Moderate Erosion,-4.155644613530853
2454,499.99999999995606,529.8038451295879,525.9045289232619,7.45096128240796,6.476132230826451,469176.1792591274,1483215.4420941228,89.93392193387662,1.7185935738635774,1.0828955413492956,7.8667756313930335,Accretion / Land Gain,10.429260226640295
2455,149.89807823262086,383.2993497925983,379.5626640823258,58.350317889994365,57.41614646242624,469286.76328594325,1483245.157620366,179.93416946503203,0.904944011075524,1.0270663938800513,1.0,Accretion / Land Gain,47.56562737386706
2456,91.54776885430114,91.54776885430114,88.61778792779106,0.0,-0.7324952316275208,469315.9475196702,1483253.043239993,-0.06576864967803714,1.3334304490531392,0.9161711355848817,1.0,Moderate Erosion,3.7304914598690253
2457,440.392602081302,440.3926460914448,436.49333320311536,1.1002535700299632e-05,-0.9748172195466652,469390.09069972497,1483304.6074646313,89.93438704071777,1.4183239483286316,1.0388998773274645,8.22661114924764,Moderate Erosion,-7.030676865950571
2458,237.42542838917868,237.425428621602,233.6887458462152,5.8105833034005634e-08,-0.9341706357408696,469462.02867074404,1483432.7339449234,179.93453692811653,1.3100716362176803,1.1182722560768568,1.0,Moderate Erosion,2.7196499595917527
2459,412.4754173188996,412.4754170177329,408.7387354919422,-7.529166623498895e-08,-0.934170456739352,469578.82322294166,1483515.9012770106,179.93478259163783,1.2025962634793625,1.0330036918989085,1.0,Moderate Erosion,-0.8628051175571814
2460,149.90356043156103,295.7770665210606,292.04038716514845,36.46837652237489,35.53420668339685,469578.984461683,1483657.551684435,179.93477680865166,1.057364430767234,1.0990123301654964,1.0,Accretion / Land Gain,30.76450958641363
2461,52.94433883787024,768.2334707064258,50.176977191098665,178.8222829671389,-0.691840411692894,469561.174155866,1483781.2718497906,-90.0653521579434,0.7389448132593394,0.954808917750034,8.392454682261011,Moderate Erosion,-2.7270219763267964
2462,295.7778566003818,208.25409040430924,204.5174126317419,-21.880941549018143,-22.81511099215998,469404.0588229045,1483764.7473828753,179.9343976195138,1.3034057594580883,1.0361571873407827,1.0,Severe Erosion,-19.383518707376474
2463,91.55790975424038,62.38347869733778,58.64680312276804,-7.293607764225651,-8.227776657868086,469404.2210159591,1483906.3982702466,179.93439244684274,1.216342194993901,0.9899516138429144,1.0,Severe Erosion,-7.698304392291915
2464,440.3925561744848,82.74794657235805,78.84863195862394,-89.41115240053169,-90.38598105396522,469374.17100558867,1484019.915323627,89.9342934190399,1.6876616840426066,1.1009934786700055,8.171581918854088,Severe Erosion,-87.4639161516028
2467,441.651615911127,4.038660432966721,1.1086661938722662,-109.40323886954008,-110.13573742931368,469550.34924834914,1484130.9728971305,-0.0653037629534329,1.4960101815050397,1.045045398789114,1.0,Severe Erosion,-100.25353450673626
2468,295.78025728314185,4.037713838572913,1.107720393541877,-72.93563586114223,-73.6681342224,469637.81167457445,1484078.0035314062,-0.06511413169965433,0.964909175946099,1.0971165438501667,1.0,Severe Erosion,-81.48934228095526
2469,231.7665195829676,947.0556545237374,20.37306595420629,178.82228373519246,-52.84836340719032,469555.6739843945,1483960.100412993,-90.0652660468111,1.0425821457584021,1.1275553193470103,7.97268032663211,Severe Erosion,-44.7623005323472
2470,172.15917756973357,142.3554704813054,138.45615604920775,-7.450926772107046,-8.425755380131456,469566.9354431076,1483840.8726542199,89.93477038533483,1.6156531314050178,1.0944771910160216,7.894625361482917,Severe Erosion,-7.903975692515391
2471,179.08099933359136,237.4299027842852,233.69322688932857,14.58722586267345,13.653056888934302,469725.1130110114,1483882.5628804287,179.93508060885836,1.0656356155040794,1.0614838549454513,1.0,Accretion / Land Gain,9.159136647318661
2472,33.209876513063755,266.6049587607347,117.80304549383976,58.34877056191773,21.148292245194,469841.8913387453,1483953.8183144003,-0.0646710629137163,1.0000014670435755,0.9606083043701577,1.0,Accretion / Land Gain,14.49672411649905
2473,321.17771142900443,321.17771142900443,317.2783969813252,0.0,-0.9748286119198184,469811.8083353122,1483840.5949167598,89.9353333960554,1.5716316866154947,1.038921572654566,7.625662412724772,Moderate Erosion,-1.9204305658049858
2474,383.30236792714607,470.825591051629,0.2984581205538501,21.880805781120728,-95.75097745164804,469929.3798215725,1483922.983724824,179.9355178946565,1.3386976867123843,0.9974586331257115,1.0,Severe Erosion,-91.14272689202575
2475,33.20923759000022,179.08136830719408,176.15137715638892,36.46803267929847,35.735534891597176,470046.066264381,1483912.937229118,-0.06423122913538194,1.1804192134648883,1.0124635966550561,1.0,Accretion / Land Gain,35.0977892897095
2476,440.3926049765048,82.74822353335583,49.045203913217286,-89.41109536078724,-97.83685026582188,469997.0066423503,1483780.7788383448,89.93568000169493,1.826672987492887,1.0084827804788725,8.818256778186562,Severe Erosion,-90.28107561458515
2477,149.90396706727608,179.07863890588993,30.275279557780173,7.293667959653462,-29.907171877373976,469929.1155144819,1483688.1158817762,-0.0644706694384759,0.9818735564061786,0.9589671430505982,1.0,Severe Erosion,-37.16305032763177
2478,112.5519029594366,112.5518617937885,109.78450933915332,-1.0291412024798774e-05,-0.691848405070818,469932.9915752118,1483542.4210735466,-90.06456002891339,0.7981869117519835,0.8790654269127417,8.121791802094222,Moderate Erosion,-0.7522931443010908
2479,383.30104272708815,558.3494838939351,321.2148880538529,43.76211029171175,-15.521538668308809,469812.34188298165,1483621.8177717275,179.9352810456903,1.0125928067784125,0.9831327856476434,1.0,Severe Erosion,-21.783505890374403
2480,112.5518140998132,112.55182046307878,109.78446853359084,1.5908163959466035e-06,-0.6918363915555865,469771.4211809742,1483542.6032942839,-90.0649040332113,0.8545450390359365,1.0511250100978278,8.249331787426105,Moderate Erosion,1.1263230215692528
2481,266.60076648004923,383.3003887499564,263.6707819852263,29.1749055674768,-0.7324961237057295,469695.4785264577,1483476.9070737397,-0.06496338052300905,1.3325795786584274,0.9270285304773545,1.0,Moderate Erosion,3.7019408267807723
2482,305.5204192647437,61.26113639174503,58.85551985902665,-61.06482071824966,-61.666224851429256,469666.1759974301,1483364.4651504843,-37.661128213452905,0.8924896904387825,1.0348139097039109,4.973588386633889,Severe Erosion,-63.770033819834524
2483,4.022383663136993,4.022383656326701,1.0924026871404084,-1.702572971495897e-09,-0.7324952439991461,469636.87323221186,1483252.0235585459,-0.06507948380849732,0.8089135810964424,1.1842548041832168,1.0,Moderate Erosion,-13.753564527134817
2485,149.89681829034262,62.37103685767733,58.634349798001615,-21.881445358166324,-22.815617123085254,469899.31919250166,1483136.1100089657,179.93548840943154,1.2302925977887618,1.1127081896490225,1.0,Severe Erosion,-21.820876389102782
2486,499.999999999983,733.4022482955492,730.4722689402693,58.35056207389154,57.61806723507157,470045.1771481215,1483119.6236975382,-0.06419768181310975,1.2650625984858892,1.1621519576594956,1.0,Accretion / Land Gain,59.80175999373912
2487,62.37091328449127,62.37091298978579,58.634225815616894,-7.367636989386028e-08,-0.9341718672185948,470132.70752008836,1483123.6238212092,179.93598990171253,1.2610910879391533,1.0620061924327224,1.0,Moderate Erosion,1.0873019075898935
2488,412.4745341054624,295.7739213941212,29.460893629299758,-29.1751531778353,-95.75341011904068,470045.3077690505,1483236.1960465072,179.93579662191226,1.385815552814934,1.1254472558359403,1.0,Severe Erosion,-89.57449915992991
2489,500.00000000007407,529.8037130031438,525.9043980033177,7.450928250767433,6.476099500810918,470147.8106843685,1483214.339400911,89.93601674890839,1.4393416986406726,0.9738711666784668,7.384911888348599,Accretion / Land Gain,1.1208311025656732
2490,295.7730034315481,529.1752820623669,526.2453027608065,58.35056965770471,57.61807483231459,470249.40012880316,1483115.9251519523,-0.06375998914439596,1.3015872872127976,0.9790776553102769,1.0,Accretion / Land Gain,61.01915535956684
2491,499.999999999935,410.5889579677614,406.68964337861263,-22.352760508043403,-23.3275891553306,470339.08491797355,1483124.715381786,89.93645823019816,1.7788758808897123,0.811597659448257,8.273789533781517,Severe Erosion,-17.365051592940723
2492,499.99999999999017,470.1962271028248,376.88589836926894,-7.450943224291336,-30.778525407680306,470449.57470256713,1483035.1820297495,89.9366495556535,1.3332116178961209,1.124560497810642,7.6481376397214715,Severe Erosion,-39.671463327712885
2493,91.54617717782172,62.37090777494819,58.63422059285607,-7.293817350718381,-8.227989146241413,470570.326700764,1483114.384112664,179.93692843298066,1.2483880964024698,1.1538325610559106,1.0,Severe Erosion,-6.629730016646526
2494,499.99999999991655,529.8036744758738,49.04563686829102,7.450918618989306,-112.7385907829064,470700.65468923753,1483124.3166927136,89.93714603867012,1.5243727846633115,0.9864699796651712,7.910784913782684,Severe Erosion,-115.25948993794475
2495,410.58897421749583,440.392648843372,436.4933346439291,7.450918656469042,6.476090106608311,470723.22017032537,1483243.5067246908,89.93726615402211,1.5877713592682474,1.0118166500375574,8.112809688854773,Accretion / Land Gain,6.068476741100081
2496,440.3926445103198,350.9816163708629,317.2786275941798,-22.352757034864226,-30.778504229035008,470745.78581735527,1483362.6967971015,89.93741753885227,1.652151233920023,0.9732295281953782,7.938853231059763,Severe Erosion,-29.040121811343326
2499,237.4234311659212,237.42343104741047,30.267195723935806,-2.962767808867284e-08,-51.78905886049635,471008.0515174161,1483202.415031962,-0.062136727674357,1.1264819192742668,1.062259762382445,1.0,Severe Erosion,-54.22520168106411
2500,142.35594397091293,321.17798893613605,139.58860548924238,44.70551124130578,-0.6918346204176373,470975.7138600986,1483034.605581479,-90.06222499658217,0.6986440240184308,1.1196566335471365,8.705187143161506,Moderate Erosion,-4.070375016225697
2501,383.29807258369175,383.29807258369175,380.3680960660317,0.0,-0.7324941294150022,471007.7443045696,1482919.1166567323,-0.06212692594692518,1.2046891349434294,0.8888705909509731,1.0,Moderate Erosion,-0.5617320419748792
2502,500.00000000001256,500.00000000001256,497.0700238493976,0.0,-0.732494037653737,470891.01665450755,1482895.5526760118,-0.06237638808143145,1.036477639917591,1.06076764393078,1.0,Moderate Erosion,-6.16872373196775
2503,499.999999999987,499.999999999987,497.0700251251882,0.0,-0.7324937186996863,470774.22363912425,1482812.3822079957,-0.06262152798545739,1.0366890500158703,1.0048904305343624,1.0,Moderate Erosion,-6.161619363125613
2504,500.0000000000125,500.0000035169214,496.1006893437135,8.792272296886949e-07,-0.974827664074752,470838.87476920703,1482677.1102869231,89.93753968191727,1.701905754763239,1.0344853288034486,8.673321076766282,Moderate Erosion,2.422038750707765
2505,412.472667777773,383.2968915867164,116.97823910657746,-7.293944047764143,-73.87360716779888,470949.09824579296,1482647.5199773845,179.93775908519902,1.0281154181978325,1.0617805663253095,1.0,Severe Erosion,-79.61757734359216
2506,499.9999999999537,499.9999971892206,496.1006836152395,-7.026832662404559e-07,-0.9748290961785386,471089.8239173698,1482647.0341476668,89.93800972460737,1.699946641019991,1.0099990583837934,7.564895847530721,Moderate Erosion,2.356733408367521
2507,499.9999999999186,499.9999999999186,496.1006863997994,0.0,-0.9748284000298072,471230.21639773966,1482646.8827453572,89.93835352878266,1.6693884624013657,1.016766499985124,7.950438424171381,Moderate Erosion,1.3381280642399487
2508,500.0000000000786,499.9999824083162,496.10066924560647,-4.397940600142647e-06,-0.9748326886180364,471370.5449136347,1482587.1248531744,89.93854348018836,1.3411287605792928,1.0072305836862163,7.552586004272993,Moderate Erosion,-9.60386633257102
2509,499.9999999999994,529.8036515934074,525.9043381391435,7.450912898352001,6.47608453478604,471481.1658266218,1482616.8102975236,89.93897981213166,1.4983650753033149,1.1023200938902917,8.257137660658442,Accretion / Land Gain,3.088261273107764
2510,500.00000000000847,500.00000000000847,257.67158759654995,0.0,-60.58210310086463,471591.7231073559,1482586.888959896,89.93923104850919,1.7791161854748971,1.0578385786134612,7.459479339276449,Severe Erosion,-54.61155608562777
2511,499.9999999999278,499.9998178380204,496.1005048058339,-4.554047684734997e-05,-0.9748737985234754,471761.8878093322,1482556.9053243143,89.93957601327583,1.4528249478938844,1.0416265386470318,7.879944036565454,Moderate Erosion,-5.880701454221883
2512,500.0000000000407,500.0000000000407,108.65345782891242,0.0,-97.83663554278206,471932.0527782332,1482526.922360214,89.93998347697358,1.5303391412082563,0.9219456335136545,7.598260480575725,Severe Erosion,-100.158656854329
2513,295.76916217106753,295.7691623286356,58.62583077938816,3.939202031233435e-08,-59.28583284791984,472086.8749231557,1482571.9853092616,179.94020046900047,1.2697266133948266,0.993873512577616,1.0,Severe Erosion,-56.97552838166036
2514,412.4726102421638,412.4726104462982,205.312041657458,5.1033595127591986e-08,-51.79014214617645,472232.7895778816,1482606.08421903,-0.0594881769243261,1.3170932706456702,1.0964603681438647,1.0,Severe Erosion,-47.87318959976347
2515,412.4728520062049,354.1214228001642,116.97903591906577,-14.58785730151017,-73.87345402178478,472203.6893980899,1482678.8501885394,179.94044226383136,1.1626849584549184,1.0284502386603689,1.0,Severe Erosion,-75.13114845200725
2516,470.82450190092015,441.6490040512117,437.9123137051115,-7.293874462427112,-8.228047048952163,472203.89729376376,1482878.8500804878,179.94044226716642,1.1107892621345632,1.080576694847038,1.0,Severe Erosion,-11.215598022410372
2517,441.6488488929338,412.4732675981559,1.0851376984366432,-7.293895323694471,-110.14092779862428,472262.1731201791,1482806.3558586293,-0.05943329525758049,1.412940556654164,1.1682734478288472,1.0,Severe Erosion,-103.02907849013174
2518,82.74924706251588,52.94558489046475,49.04627108106207,-7.450915543012782,-8.425743995363453,472302.8228756847,1482764.9649627157,89.94072416603369,1.8608347355074106,1.109548558914374,8.250746544167082,Severe Erosion,0.2687543236244423
2519,440.39273603755305,440.3927612892141,109.78515952366614,6.312915260764385e-06,-82.65189412847172,472314.3881893137,1482705.345701856,-90.05927349942775,0.9468289216626345,1.0332028707948513,7.980489458355449,Severe Erosion,-77.75760387456275
2520,412.4727461416557,295.7697313919283,59.43370277638199,-29.17575368743185,-88.25976084131842,472349.5332156965,1482645.1563140268,-0.05923932178319601,1.2123841529737311,0.9841537294322886,1.0,Severe Erosion,-87.83317012849331
2521,291.3745710711425,261.5709997631879,257.6716865923773,-7.45089282698865,-8.425721119691303,472343.8728965201,1482556.2970026678,89.94076359972507,1.478759927976353,0.8196886244507566,8.896366346932155,Severe Erosion,-12.467049727895935
2522,261.5709052292242,261.5708995423328,49.04627347080657,-1.421722842565032e-06,-53.13115793960441,472514.0384324649,1482526.3180134904,89.94107728166554,1.475433127497098,1.0101437580290284,8.190567836298506,Severe Erosion,-57.28337997238723
2523,499.9999999998962,500.00001667570126,496.1007047128799,4.168951264205134e-06,-0.9748238217540716,472684.26527330186,1482555.9471422106,89.94138864240593,1.6783769064999712,0.9978874150289014,7.938691592842429,Moderate Erosion,1.6377467045747158
2524,470.196373603287,440.3927376612047,20.37469914702757,-7.45090898552057,-112.45541861406484,472807.7907411837,1482496.2139775448,-90.05829652839817,0.8627599401808446,1.0544841471954183,8.566077669729887,Severe Erosion,-110.36342750962142
2525,120.7119075276062,120.71190876277332,30.253903341953038,3.087917797017781e-07,-22.61450104641329,472816.10079667985,1482404.5059648047,-0.05823001072559163,1.4098332668476923,1.0098456343720876,1.0,Severe Erosion,-15.606508081681145
2526,231.76739879394253,201.9638353690657,20.37476156357276,-7.45089085621921,-52.84815930759245,472762.6809842341,1482257.8308268466,-90.05831857978204,0.8975677210846291,0.994769914904477,7.9418560869902795,Severe Erosion,-49.59590884491175
2527,354.11841973086564,354.118419555195,263.6594991904933,-4.391766594835645e-08,-22.614730135093083,472699.1077133882,1482121.3296215388,-0.05847019471911446,0.9741297558420259,0.8764099639566698,1.0,Severe Erosion,-30.130131643892174
2528,208.2359392481609,208.23593943623,117.7767460572062,4.7017280735417444e-08,-22.614798297738677,472815.72827162856,1482037.9162978535,-0.058216223608110566,1.3573857168163537,0.9425614053754147,1.0,Severe Erosion,-17.355060209124083
2529,172.16036032927352,172.16037378689165,168.26106120079643,3.3644045345226914e-06,-0.9748247821192706,472907.8207720481,1482108.6653253196,89.9420620967384,1.4502907013948658,1.0567417498566527,7.941118809533353,Moderate Erosion,-5.965127918691335
2530,440.3925387905308,23.14020662293329,20.372855065233896,-104.31308304189938,-105.00492093132422,472933.56294187374,1482168.2465068419,-89.89362573388347,0.7424049985856871,1.156598140808177,7.920361190925254,Severe Erosion,-106.92477729108597
2531,440.3927821007874,142.3566110618299,139.58925706730085,-74.50904275973937,-75.20088125837162,472823.0041083916,1482198.1622254213,-90.05816005794644,0.8375302370170465,1.0118827032678406,8.073926691862813,Severe Erosion,-73.94988022711316
2532,112.55310723412629,52.945919183976194,49.04660606253639,-14.901797012537523,-15.876625292897474,472772.8586711655,1482198.2132128044,89.94168371473582,1.8993499162796905,1.0459102319356401,8.133100047696725,Severe Erosion,-5.898287843977652
2533,441.6476317527597,33.1811169230298,29.44441719594777,-102.11662870743248,-103.05080363920298,472874.28308840515,1482237.118184122,179.9419001431318,1.6668933968502062,1.0963505042110189,1.0,Severe Erosion,-87.50121085917618
2534,149.88560978325737,149.88561036044496,1.0746228180233288,1.442968979858961e-07,-37.20274674130851,472961.7998038953,1482225.3637394817,-0.05791066920239465,1.2906041661994174,0.9551396974449329,1.0,Severe Erosion,-34.1691314456276
2535,172.16038939004318,142.35676747058434,138.4574550534319,-7.450905479864708,-8.425733584152823,473104.5963143282,1482168.074072552,89.94240348630849,1.5725203050869283,1.048668582879136,7.515698907248062,Severe Erosion,-9.341716677754762
2536,142.3568064654294,112.55321190269748,108.65389944345242,-7.450898640682979,-8.425726755494246,473245.04882807116,1482227.540418236,89.94261993137698,1.6801756466832176,0.9607981232087983,7.624609145926264,Severe Erosion,-5.753198513091494
2537,231.7676204806122,201.96403441298617,78.85034605346684,-7.450896516906511,-38.22931860678634,473385.4414903479,1482227.4003790633,89.94293238600692,1.733148115470816,1.0892216063991247,7.781432984009342,Severe Erosion,-33.79104147741716
2538,231.76763880529384,231.76763880529384,19.24317859064377,0.0,-53.13111505366252,473436.45301073225,1482257.1532779273,89.94314997833233,1.5518996592663086,1.0325048368399112,7.887099825228458,Severe Erosion,-54.73445318144848
2539,261.57119654200693,261.57119654200693,49.0467721128765,0.0,-53.131106107282605,473547.1307467988,1482346.4544652645,89.94336534284021,1.86928150797574,1.0453391342786627,8.420305807966686,Severe Erosion,-44.155049327720995
2540,261.57122530569615,201.9640276014668,198.0647152692174,-14.901799426057336,-15.876627509119686,473687.58224036207,1482405.9231550428,89.94367560967008,1.6345104206028145,0.9595671254890429,7.5348205397409185,Severe Erosion,-14.726273713162676
2541,231.7676385314213,142.35689812142544,138.45758572560567,-22.352685102498967,-23.32751320145391,473798.2590822045,1482495.2253243283,89.94389102753688,1.6746612715633893,1.0798056246011478,7.857030144725324,Severe Erosion,-20.83879775599694
2542,295.76939974961124,295.76939974961124,292.0327052437746,0.0,-0.934173626459156,473924.9489080718,1482568.4832855708,179.94413883545602,1.3002786222445024,1.1908951196478157,1.0,Moderate Erosion,2.3954476338131507
2543,441.6486130933189,179.06734409939335,176.1373705595285,-65.64531724848138,-66.3778106334476,474012.5718946277,1482666.8048504884,-0.055677493066284015,1.262849289424039,0.9446580145625241,1.0,Severe Erosion,-64.26987758037532
2544,208.243833491584,208.2438332121872,204.5071412531491,-6.984921441244296e-08,-0.9341730596087316,474041.81254388526,1482733.708271618,179.94438227111715,1.3262293600060577,0.9989072725558968,1.0,Moderate Erosion,3.2605294427393297
2545,321.1783825111297,291.3747930815801,138.45753901361113,-7.450897357387404,-45.68021087437965,474182.55437324964,1482792.8877173737,89.94463012906002,1.5074118352373815,1.0453209063760562,7.94417944721724,Severe Erosion,-48.76647680711426
2546,500.0000000000177,529.1754330923808,525.4387436249702,7.293858273090777,6.359685906238141,474275.3776437508,1482900.0782471222,179.94487692645444,1.1166395684996044,1.0909788013093058,1.0,Accretion / Land Gain,3.5681771365079884
2547,91.54485111881988,91.54485111881988,87.80816261940082,0.0,-0.934172124854765,474421.3065129499,1482954.0612416207,179.94518681641514,1.0353595332066974,0.9839433610380728,1.0,Moderate Erosion,-6.43494328971324
2548,142.35689302505637,142.35689302505637,78.85040775608068,0.0,-15.87662131724392,474544.354118129,1483030.9696626414,89.94562177426475,1.6659250044428273,0.8029765255254511,8.266822586087208,Severe Erosion,-13.679115164142788
2549,82.74980600664418,82.74980600664418,78.85049371108983,0.0,-0.9748280738885882,474714.5222622163,1483001.0045604475,89.94584168777835,1.7168402968307717,1.1379989584262158,7.381973863116516,Moderate Erosion,2.919854443671982
2550,33.19345250825903,33.19345250825903,30.263475033128515,0.0,-0.7324943687826284,474829.72618160606,1482916.1796393518,-0.05393736150679003,1.2682893761591472,1.08909797161628,1.0,Moderate Erosion,1.5563699619768006
2551,201.96421459052013,201.96425643695727,49.04702570975002,1.0461609285528084e-05,-38.22929722019253,474935.5324393723,1482821.9748727193,89.946285703632,1.851173689224146,0.8877024363442423,8.118625555118028,Severe Erosion,-29.85683505345484
2552,380.7856991968852,380.7856896247476,138.4578177959432,-2.393034407077721e-06,-60.58197035023551,475016.2065506317,1482702.6850020485,89.94647746928104,1.5991604226505092,0.9771130045025287,8.213474608699803,Severe Erosion,-60.60995044438074
2553,62.36568053414565,62.36568053414565,58.628988524233336,0.0,-0.9341730024780794,475150.46293299814,1482708.7019225517,179.94675823753556,1.3006829459072111,1.1512447776462504,1.0,Moderate Erosion,2.4095352754844837
2554,447.49416316957416,429.7851877347193,216.29400219643995,-4.427243858713723,-57.800040243283554,475237.9846359685,1482703.0777734877,-33.84754357783605,0.8134508813222325,1.1415469003469159,4.299469878391176,Severe Erosion,-63.25854462398013
2555,410.5893193047516,410.5893193047516,257.6720961103354,0.0,-38.229305798604045,475231.18876779545,1482613.0743166488,89.94694943288876,1.541934873168073,1.0997414316367424,8.591789275529013,Severe Erosion,-40.16480431097605
2556,380.7856996577251,380.7856996577251,198.0649707004688,0.0,-45.680182239314085,475371.63659268845,1482672.5517488648,89.94722863033036,1.7043304939740969,1.011270453418359,7.736387076120739,Severe Erosion,-42.202493451485196
2557,380.7856986008631,380.7856986008631,138.4580451516311,0.0,-60.581913362308,475482.3080366283,1482761.860793145,89.9474130588561,1.7273651481345107,1.0330621231300052,8.53145519507864,Severe Erosion,-56.33640280859228
2558,321.17857294201804,321.17857294201804,19.243686914739868,0.0,-75.48372150681953,475563.20281044283,1482881.0010620141,89.94769022858237,1.5559047911447126,1.017365664087143,8.326983516566148,Severe Erosion,-76.95355624514045
2559,4.019961326281496,120.72113383836094,116.98444631004594,29.17529312801986,28.24112124594111,475646.7117438235,1482997.5222133638,179.94781166459381,1.189624455484499,1.1194816968201171,1.0,Accretion / Land Gain,27.883124986650774
2560,231.7678412413657,231.7678412413657,227.8685292137923,0.0,-0.974828006893354,475695.2148514072,1483149.1130090987,89.94789980341908,1.3723187726253279,0.9609500556900924,8.122812387449716,Moderate Erosion,-8.564196740297401
2561,380.7856964893481,350.9821221993732,347.08281000115034,-7.450893572493726,-8.425721622049437,475776.10872470425,1483268.2539397313,89.94808328478733,1.5464454556691924,0.9679609208934675,7.979502381590803,Severe Erosion,-10.210867626082484
2562,62.37607159191609,62.37607138015649,58.63938896150267,-5.293989957522172e-08,-0.9341706576033548,475734.5427438815,1483333.6099491552,179.9479869217175,1.3339205942661443,1.114017689860207,1.0,Moderate Erosion,3.5177451599955765
2563,82.74991008571658,82.74991008571658,78.85059815584542,0.0,-0.97482798246779,475762.79280134256,1483447.0875711872,89.94804587881409,1.6862805879694576,1.030983082535844,7.910688075696127,Moderate Erosion,1.9011970980650412
2564,380.7856718195184,23.14256612680627,20.375211850008697,-89.41077642317804,-90.10261499237744,475857.90763298084,1483506.6086608684,-90.05173727593119,0.8751000212838452,1.1455092033509384,7.877098248202029,Severe Erosion,-87.59928638547139
2565,142.3570551927185,142.3570551927185,138.45774323774089,0.0,-0.9748279887444014,475867.4340391439,1483625.8144347698,89.94825865530211,1.6074658899748293,0.9829101176056718,8.54763457105885,Moderate Erosion,-0.725959552839601
2566,142.35708488005034,142.35713800247856,138.45782620091484,1.328060705674261e-05,-0.9748146697838748,475978.04998408735,1483655.5183805877,89.94857037619083,1.601059312651244,1.0325970236389264,7.960508419358085,Moderate Erosion,-0.9394988766429925
2567,500.0000000000608,470.1964283987924,317.2792043595763,-7.4508929003171005,-45.680198910121135,476088.7192438467,1483744.8299004047,89.94881754376053,1.5009516694811649,0.9642320305489789,8.330565737720345,Severe Erosion,-48.98180460748837
2568,291.3749843061266,291.3749543924993,287.475642427895,-7.478406814698246e-06,-0.9748354695578882,476229.0589131744,1483685.0975219307,89.94903849779992,1.7048241048075514,1.037914851636153,7.909856241525744,Moderate Erosion,2.5193066314547856
2570,231.76781120827627,231.76781120827627,229.00045680033492,0.0,-0.6918386019853315,476187.5150092742,1483446.7057917782,-90.0510472798051,0.8631461004143218,0.9162437528433124,8.666662128572742,Moderate Erosion,1.4130261199616174
2571,120.72575266082052,120.72575233054997,117.7957683824134,-8.256763806002709e-08,-0.7324960696017833,476172.15499618277,1483320.3164944507,-0.05107401693808112,1.273446263343026,0.9940283336967931,1.0,Moderate Erosion,1.7275981703622132
2572,120.72372945140803,120.72372945140803,1.09333974591015,0.0,-29.907597426374476,476113.6785684149,1483178.7186838894,-0.05119454581254327,1.1207373682940227,0.9164671495050077,1.0,Severe Erosion,-32.537771639712375
2573,410.5893083492745,380.7857520448772,376.8864399611082,-7.45088907609933,-8.42571709704157,476105.9977750044,1483029.5283844979,89.94877924399307,1.2769984021825522,1.0851157292826679,8.60980367571114,Severe Erosion,-19.19243169639779
2574,52.94664451455855,23.14308353452069,19.24377179640679,-7.450890245009464,-8.42571817953794,476216.5072884161,1482940.019125269,89.94903236129939,1.7645727485021185,1.0858675909581335,7.822018278423185,Severe Erosion,-2.939954620769462
2575,441.64901595296107,441.64901595296107,30.262095487721787,0.0,-102.8467301163098,476288.40393709,1482811.9655225289,-0.05080684237711184,1.1278196829724147,0.8885981986186431,1.0,Severe Erosion,-105.24091739635182
2576,324.94592075384185,441.64863810519256,292.8402663801115,29.17567933783768,-8.026413593432594,476317.4281388594,1482641.1152815968,-0.05073782008679671,1.0702294186335075,1.1316955370047992,1.0,Severe Erosion,-12.340292413648196
2577,201.9644601347152,172.16090265593076,169.39354795865637,-7.450889369696114,-8.14272804401471,476295.3132293271,1482463.0920593722,-90.05076406696661,0.9040219937863279,1.222652110468879,7.93813697739109,Severe Erosion,-4.675333484444741
2578,172.16092775935994,172.16092775935994,169.39357290783863,0.0,-0.6918387128803261,476244.198827671,1482314.119601325,-90.05088403555133,0.7411982617542955,1.0247560862125447,7.274679456349838,Moderate Erosion,-2.651901912475974
2579,62.356845217464354,62.35684541932865,59.42687901124616,5.046607398639935e-08,-0.7324915515545474,476200.2954384132,1482157.9231286503,-0.05096923619177772,1.3586346252584156,0.96791239872104,1.0,Moderate Erosion,4.5671903686785615
2580,91.53000585536437,91.53000637498415,88.60004297740299,1.2990494724363089e-07,-0.7324907194903432,476200.1175222318,1481957.9232077857,-0.0509692395268297,1.292195060064644,1.2427422533177397,1.0,Moderate Erosion,2.3525390283931444
2581,499.99999999995447,470.1964485502447,49.04767513603944,-7.450887862427436,-112.73808121597877,476368.8790726531,1481926.5629764157,89.94925395566852,1.702535241592301,0.9109004922944006,8.466883955566338,Severe Erosion,-109.32023459997637
2582,91.52931990164544,62.35283908869688,59.42287637633381,-7.294120203237139,-8.026610881327908,476433.4859805941,1481909.0881314783,-0.0504643889647951,0.9947543354684936,1.0178158784284226,1.0,Severe Erosion,-14.85638943733058
2583,52.94701370695357,82.75053963060941,78.8512283217316,7.45088148091396,6.476053653694507,476503.12920365523,1481896.6412156164,89.9498484891817,1.7817914445748047,1.030427098801644,7.7260020636793945,Accretion / Land Gain,12.53577358062651
2584,231.7681769139728,172.1610946236034,169.39373913525344,-14.901770572592357,-15.593609444679842,476660.4741110689,1481926.3070167748,-90.04999629737819,0.8391877319712217,1.124026697272487,8.320469659872405,Severe Erosion,-14.287356788510563
2585,23.14349315758616,23.14349280647743,168.26182356694267,-8.777718285557513e-08,36.279582602339126,476725.6661418278,1482015.6609065558,89.95009446946707,1.5446082773793666,1.0462701283380758,8.306157827731278,Accretion / Land Gain,34.43319690610811
2586,82.75052937393511,52.94698553182691,50.179630597520514,-7.450885960527049,-8.142724694103649,476789.56695712305,1482105.0160610424,-90.04987724927018,0.8215084216631158,0.9786750894209492,8.429362049728615,Severe Erosion,-7.425782357392393
2587,4.0032099247045485,91.53206668464104,1.0732441727268371,21.88221418998412,-0.7324914379944278,476608.69957165676,1482086.0242140868,-0.0500954518858502,0.933214982879538,0.9422427255957546,1.0,Moderate Erosion,-9.613667602486027
2588,261.5717344600963,201.96464422039213,198.06533235386016,-14.901772559926044,-15.87660052655903,476505.07112244953,1482135.0678727138,89.9496843511351,1.6612977674842877,0.9915812212362949,7.222997838859033,Severe Erosion,-13.833336469155677
2589,142.3576151705638,82.75048901392906,19.244089727513728,-14.901781539158687,-30.77838136076252,476527.60932120716,1482254.2623097815,89.94971163188167,1.445594119702084,0.9398037283772217,7.937827945576792,Severe Erosion,-35.92523890167288
2590,74.89163860913825,74.89154563282851,70.82532122796923,-2.3244077436146423e-05,-1.0165793452922571,476608.84700758377,1482254.6424961758,50.506046272411496,1.3057761382223456,1.0241885030696887,5.711250592010751,Moderate Erosion,-7.779930774509929
2591,23.14345909939966,23.14346784475479,19.24415647279949,2.18633878290575e-06,-0.9748256566500428,476718.90654147964,1482164.6845089786,89.95012077637752,1.371645970493539,0.9741470560022324,7.918954659357226,Moderate Erosion,-8.586621587739497
2592,23.14344422651894,231.76818536855404,227.86887464929637,52.156185285508776,51.18135760569435,476741.4437556791,1482283.8790803798,89.9502105827269,1.7669031052200301,0.9011900627461749,8.391998673884384,Accretion / Land Gain,56.74479948064398
2593,470.1964580655907,201.96455208307424,199.1971970151991,-67.05797649562912,-67.7498152625979,476715.90250976966,1482373.311947162,-90.0498860938349,0.7056106425616163,1.1221962979609645,8.122057302039295,Severe Erosion,-70.89613223106186
2594,52.94691986301669,52.94691986301669,49.04760828296032,0.0,-0.9748278950140924,476757.9444603119,1482492.4895944481,89.95023496864587,1.8300590056069215,0.9833965371637715,8.45923332894791,Moderate Erosion,6.693810654568404
2595,499.9999999999813,529.1757695181822,204.5056379571152,7.293942379550216,-73.87359051071653,476842.5100658872,1482548.2918537394,179.95039072569898,1.1199761185693122,0.9224260581441089,1.0,Severe Erosion,-76.55259782597801
2596,499.9999999999964,500.0000000950495,116.97949962631274,2.3763263357068357e-08,-95.75512509342092,476784.2297666265,1482630.3837602185,179.95026326991888,0.9442435341970858,1.0113959679953237,1.0,Severe Erosion,-104.29191488138565
2597,499.99999999998175,529.1755882114186,0.2783847592703554,7.293897052859208,-124.93040381017784,476901.00439034705,1482713.5801313631,179.95050840643393,1.032866850468649,1.031318014275892,1.0,Severe Erosion,-130.51302600992113
2598,500.0000000000189,499.9999876171493,138.45824942490916,-3.0957173891010825e-06,-90.38543764377744,477024.24962096685,1482790.2950710421,89.95069400555442,1.7853715948911202,0.8870441284436034,8.059520542473425,Severe Erosion,-84.20637954374274
2599,499.9999999999829,558.350743192665,204.50962683605204,14.58768579817054,-73.8725932909827,477105.40103781846,1482909.1759688861,179.9509406661878,1.176957772029192,1.0547061445125696,1.0,Severe Erosion,-74.65208418066604
2600,441.6493066405869,441.6493062078128,146.15917861390804,-1.0819351814461697e-07,-73.8725320066697,477047.0695758615,1482931.6610576434,179.9508146611575,1.11810028392684,0.9446686452494802,1.0,Severe Erosion,-76.61396848912271
2601,82.75023539554935,231.76801043841843,50.17930616972715,37.25444376071727,-8.142732306455551,477002.5462895766,1483028.7421728189,-90.0492512595305,0.8240028816591856,1.16647485914538,7.3197461445141,Severe Erosion,-7.342641177191613
2602,354.1236754084712,295.7731482347222,146.16015346711023,-14.58763179343724,-51.99088048534024,476901.2590285122,1483008.345532943,179.9504991349823,1.2756129916129981,1.0712676623971478,1.0,Severe Erosion,-49.48196680450252
2603,201.96449574578315,201.96448157966307,198.06517022679452,-3.5415300203567317e-06,-0.9748313797471512,477021.2370724806,1483088.333278107,89.9507468061379,1.7676096745924932,0.9983063304676639,7.9222004501965735,Moderate Erosion,4.612162699765153
2604,208.2491990213688,208.24919924651616,204.5125147054774,5.628683652503241e-08,-0.9341710789728525,477018.1032592307,1483174.8435148154,179.9507443715481,1.4176187535982334,0.9717082333528979,1.0,Moderate Erosion,6.308325070491779
2605,33.19773485430834,354.1243058552736,146.96833185551813,80.2316427502413,28.44264925030245,476872.1860936811,1483126.6509389374,-0.04956729930439374,1.1456886581451284,1.0223543572697429,1.0,Accretion / Land Gain,26.64380602135702
2606,142.3572829781253,440.3928710274371,20.37566899395821,74.50889701232794,-30.49540349604177,476769.94926145964,1483088.550384151,-90.0497846681554,0.6010929980873428,1.079324159028181,8.64322387887612,Severe Erosion,-37.12564192645196
2607,380.785770121832,23.143141458334192,19.243829664864936,-89.41065716587445,-90.38548511424176,476792.06716244563,1483237.5490157497,89.95027294824723,1.5379800751811652,1.0300229149294096,7.585755364574974,Severe Erosion,-92.45281091985814
2608,295.77579660947,266.60091186436864,87.81493515549764,-7.293721186275334,-51.990215363493085,476755.68611120916,1483357.3660534832,179.95017473089032,1.2393899219422533,1.0161029856974908,1.0,Severe Erosion,-50.688812830578655
2609,380.78574063357945,708.62492943412,378.01834777796654,81.95979720013513,-0.6918482139032278,476732.73021343484,1483416.4220337495,-90.04985802601564,0.6554363125133816,1.0388407812522076,8.018916468352025,Moderate Erosion,-5.5106428449562825
2610,62.37583668304047,733.3995072926027,292.8454196725799,167.75591765239056,57.61739574738486,476697.2951470563,1483310.1450423326,-0.04994788572599507,1.0560786607857784,0.9846103576108166,1.0,Accretion / Land Gain,52.83164117290965
2611,201.96445230590868,708.6250220610154,50.17924518772868,126.66514243877668,-37.946301779545,476569.7455373052,1483237.7430643598,-90.05013351486379,0.851568335355688,1.0046082622719552,7.8253909922296785,Severe Erosion,-36.22736237179558
2612,52.94646051805189,798.0356010653726,50.17909988108007,186.27228513683016,-0.6918401592429557,476575.93455092184,1483327.1482563042,-90.05026154093922,0.7927023011706982,0.8662561559752455,8.428669071430917,Moderate Erosion,-0.9351019170952115
2614,91.55236559538976,908.4477311028936,321.2143208590386,204.22384137687595,57.41548881591221,476551.50768436416,1483409.6640488387,179.94973597111004,1.2052704583865066,1.1119897086931962,1.0,Accretion / Land Gain,57.57947379297015
2616,120.72490255670816,149.89991372197426,146.96993065579468,7.293752791316525,6.561257024771631,476376.3237239707,1483257.049802747,-0.05063527049257302,1.0858721989659113,1.0561964819358682,1.0,Accretion / Land Gain,2.768780351271284
2617,237.42382387419084,4.022744058760573,1.0927627636463797,-58.35026995385757,-59.08276527763611,476288.6989798157,1483144.6525118882,-0.05081886524900947,1.1650851103073634,0.969088231443294,1.0,Severe Erosion,-60.23476884866495
2619,4.024701122109516,33.19972361912249,30.26974071051492,7.293755624253243,6.56125989710135,476493.0147091367,1483246.7334799303,-0.05038265011167104,1.0610132911529524,1.1840696795908723,1.0,Accretion / Land Gain,1.9400941757598282
2622,112.55364118327708,708.6249176031978,229.0004997710655,149.01781910498016,29.111714646947107,476316.45647461107,1482999.537547985,-90.05078208960175,0.9335299187794446,1.0362077255485636,8.195668198040584,Accretion / Land Gain,33.56270670257104
2623,142.35713240727208,52.94642807503546,50.17907351828304,-22.35267608305915,-23.044514722247257,476235.77655758965,1483118.8234444966,-90.0509111562155,0.9552875581189224,0.9477676830136662,7.528086142043004,Severe Erosion,-17.868268048628494
2624,62.37540569169423,587.5249322608905,58.63872304303371,131.28738164229907,-0.9341706621651316,476259.64774823084,1483284.1764150774,179.94911509399944,0.9234270642772979,1.101151763167363,1.0,Moderate Erosion,-10.1651099733556
2627,120.7285173416146,791.7473515643587,29.46766079513877,167.75470855568602,-22.81521413661896,476522.4151885132,1483503.4143216547,179.94966996037456,1.0609247408875997,1.067038134081869,1.0,Severe Erosion,-27.46276843758101
2628,354.12654534033203,295.77715973583184,292.847172296176,-14.587346401125046,-15.319843261039011,476405.7525977636,1483544.6347594575,-0.05058171285064663,0.9751674848101404,1.0672449087143416,1.0,Severe Erosion,-22.802489536489407
2630,324.9526474525107,558.3491209387473,87.81952762762319,58.34911837155916,-59.28327995622188,476318.3348996718,1483664.7169895326,179.94922664824134,1.1028508746567574,1.003026633995339,1.0,Severe Erosion,-62.533399628256376
2633,62.38256806750976,91.55706687108444,88.62707674694775,7.293624700893671,6.561127169859498,476522.60905278736,1483724.0940929865,-0.05033748346730443,1.1871328826471848,1.0738220808010575,1.0,Accretion / Land Gain,6.1439373209076935
2634,237.42816352089773,237.42816262432467,59.4502600146636,-2.2414326394937237e-07,-44.49447587655853,476522.48461127665,1483582.4432183453,-0.050333514752337515,0.982201822867806,1.015181677924364,1.0,Severe Erosion,-51.74270197505118
2635,142.35734043183518,23.14297108130334,19.24365929005335,-29.80359233763296,-30.778420285445456,476616.2657419396,1483595.345155886,89.94985462568212,1.4617208748355444,1.0807490420031376,8.086672575085895,Severe Erosion,-35.38771935107202
2638,52.946631565919326,23.143019981850536,19.24370822982816,-7.450902896017197,-8.42573083402279,476948.0593415885,1483624.8605022146,89.95057294307449,1.4494062453496444,0.8842243523970165,8.118263243830183,Severe Erosion,-13.445517694430283
2639,380.7857960447172,917.2498919074042,229.00060048112704,134.11602396567173,-37.94629889089754,476890.1275911493,1483565.3034090598,-90.04951893100822,0.8310902488018016,1.0012112989361248,8.161316853827529,Severe Erosion,-36.90996224390282
2640,142.35727950422654,172.1608678918687,168.26155591393024,7.450897096910538,6.4760691024259245,476790.46727793256,1483475.9789845834,89.9502651041989,1.6104014998575626,1.1726441898952007,7.269733787776657,Accretion / Land Gain,6.822790787607176
2642,295.77698744206765,908.4459537790668,292.84700029525067,153.16724158424978,-0.732496786704246,477047.56756085315,1483511.6476389065,-0.049204255271838374,1.0913958565374409,0.9739256294173477,1.0,Moderate Erosion,-4.341184553390512
2643,33.20251986834799,966.79735573413,176.1467606439342,233.3987089664455,35.73606019389655,476959.9464914379,1483399.2473450757,-0.0493879934316115,1.2261783376250734,0.9856619133411402,1.0,Accretion / Land Gain,36.620164554593536
2644,4.025611312937476,412.4751182157605,146.9704630617498,102.11237672570576,35.73621293720308,477047.37439180474,1483286.6968389284,-0.04919697818284156,1.1176545276535854,0.9968055971464876,1.0,Accretion / Land Gain,33.00281251426675
2645,62.375679218230864,324.9502839820071,59.44569496141077,65.64365119094406,-0.7324960642050229,477134.9050023934,1483293.3608895433,-0.049008897782601965,1.158909586841182,0.9355366263558986,1.0,Moderate Erosion,-2.090771615835289
2646,149.89830908828517,120.72316499476482,117.79318379309856,-7.29378602338009,-8.026281323796656,477105.5837623813,1483122.5609675026,-0.04906804163958656,1.4506752540330072,0.8540409259030788,1.0,Severe Erosion,0.3409791276960288
2647,500.0000000000176,500.0000000000176,108.6546172039629,0.0,-97.83634569901368,477241.4762740603,1483117.9483969416,89.95124605046014,1.8010690129566322,1.0122019036558678,8.358716036574895,Severe Erosion,-91.13404044006194
2648,179.07471926519483,383.299891661357,175.33803561448522,51.05629309904054,-0.934170912677402,477280.71780347655,1483220.4104574407,179.95130281308792,1.0054027849191591,1.042728807446719,1.0,Moderate Erosion,-7.43207709731539
2649,383.3006377783624,33.202600677131265,29.46591950234817,-87.52450927530778,-88.45867956900355,477310.0378235057,1483391.210766689,179.95136199029514,1.3247994200054811,1.0296739435888427,1.0,Severe Erosion,-84.31001747960768
2650,33.20191567034535,4.027031406378877,1.0970466182341418,-7.293721065991618,-8.026217263027803,477426.7085404393,1483357.2411062357,-0.048385466037832406,1.3213716889369,1.0218839331082823,1.0,Severe Erosion,-3.9692344905698427
2651,500.0000000000033,499.9999773136758,496.1006657377622,-5.671581874366893e-06,-0.9748335655602745,477476.5930768552,1483266.767074118,89.95177277562766,1.427760364987306,1.0358506161136642,7.865930376713425,Moderate Erosion,-6.716150009323366
2652,62.37462810802578,4.02457030227383,1.09458752147233,-14.587514451437988,-15.320010146638364,477572.4696720122,1483222.2074267478,-0.048069943202914855,1.3224810550905437,1.1137085947363285,1.0,Severe Erosion,-11.22612192786406
2654,23.14339233143201,23.14339233143201,19.244080733403543,0.0,-0.9748278995071172,477778.6070107874,1483326.1214057065,89.95236496124005,1.8306896495206013,1.0178717506783646,7.723886741879484,Moderate Erosion,6.714831692555647
2655,350.98227475879287,112.55391487170004,109.78656003583012,-59.607089971773206,-60.29892868074069,477782.1993216325,1483177.100642359,-90.0475990735327,0.6316184170959496,0.9854217279773713,7.926581110541179,Severe Erosion,-65.91165271196276
2656,500.00000000001177,529.1752162797042,88.6169438493577,7.293804069923098,-102.84576403766351,477718.19383049273,1483041.0461626705,-0.04775115868618403,1.0620412109101656,1.0072482976690655,1.0,Severe Erosion,-107.43327814273484
2657,354.1239536335753,383.299163975376,380.3691836858229,7.29380258545018,6.561307513061905,477864.0743962719,1483046.4081405664,-0.04743807044393555,1.352318039856347,1.076149598424543,1.0,Accretion / Land Gain,11.649614847279418
2658,380.78586945689847,350.982365145559,78.85127616646888,-7.450876077834863,-75.4836483226074,477897.83088210446,1482938.5764177823,89.95265851273284,1.6407241600811426,1.1414854730760762,8.460663502364897,Severe Erosion,-74.12617176847915
2659,324.9470821264703,324.9470825719917,322.017106113496,1.1138034494706517e-07,-0.7324940032435734,477893.03948484483,1482792.2606788818,-0.047368541228823925,1.282390746521076,0.9765333502181152,1.0,Moderate Erosion,2.024887372954043
2660,23.14337389781976,23.143326132829586,20.37597138861021,-1.1941247542779363e-05,-0.6918506273023857,477755.391757426,1482849.2839156925,-90.04758874820409,0.8510885204328078,1.035377576701413,8.015018471209558,Moderate Erosion,1.011095454700098
2661,172.1611156233486,410.58940844552006,407.8220531817117,59.60707320554287,58.91523438959077,477732.8576386762,1482730.0884961402,-90.04774126691466,0.8586045269977586,1.0531134866260674,8.160253878165195,Accretion / Land Gain,60.86871399423149
2662,441.64877492780806,354.12194073864646,58.62916493520817,-21.8817085472904,-95.75490249814996,477601.18994252506,1482679.3589739916,179.95200962786188,1.0013642167153902,0.9460343356402912,1.0,Severe Erosion,-102.38726313970537
2663,499.9999999999868,529.175529589645,380.3679014277687,7.293882397414535,-29.90802464305453,477484.55319082015,1482757.4450686995,-0.048241365003371214,1.3567608677710234,1.0280039468274678,1.0,Severe Erosion,-24.67143610994729
2664,410.5893671926402,410.5893634196184,407.822008362827,-9.432554577415432e-07,-0.6918397074533118,477546.28950154834,1482670.637399066,-90.0480831900393,0.9754386397188362,0.9080827228846475,7.8531673244993225,Moderate Erosion,5.156110254685556
2665,499.9999999999946,499.999999658723,1.0812622226371662,-8.531789319476958e-08,-124.72968444433936,477571.8666309073,1482503.2497273993,-0.048047194796312635,1.1652559557308924,0.8818149093866464,1.0,Severe Erosion,-125.87663816467949
2666,149.8884322079919,149.8884322079919,146.95846237804176,0.0,-0.7324924574875382,477513.3959527707,1482361.6505701402,-0.04816697327800834,1.1931421886577607,1.050984706508963,1.0,Moderate Erosion,-0.9498772065568504
2667,321.1788321976726,440.3929421854073,79.98319988086665,29.803527496933683,-60.29890807920148,477391.7614404896,1482283.321545522,-90.04841457439346,0.5703340174195136,0.9899964222870968,8.596666687463284,Severe Erosion,-67.95444559198009
2668,354.1205618622213,354.1205621298602,204.50444038665455,6.690973464174023e-08,-37.40403036889168,477396.7496783406,1482429.8298286216,179.95158065647863,1.2774762441488818,1.0386435032329049,1.0,Severe Erosion,-34.83275658880251
2669,499.99999999993446,499.99999999993446,50.17946891762571,0.0,-112.4551327705772,477318.52161125856,1482492.0083313256,-90.04857749847592,0.8858087600227273,1.0217729887931184,8.369188150744058,Severe Erosion,-109.59484556200647
2670,499.99999999998784,499.99999999998784,497.0700297508294,0.0,-0.7324925622896075,477221.6593876502,1482388.865181905,-0.04879289630648087,1.1903307088144233,0.9438588376913337,1.0,Moderate Erosion,-1.0434476472861625
2671,142.35770420706118,142.3576560015543,138.45834465501355,-1.205137672144474e-05,-0.9748398880119068,477141.1142987343,1482283.5345481418,89.95105424480472,1.7686528580269887,1.0170886112575288,7.360949189260884,Moderate Erosion,4.646926911340606
2672,295.7667016616649,266.5905145278505,1.0748390644188168,-7.294046783453609,-73.67296564931152,477104.76315197285,1482164.0210833352,-0.04903562824462628,1.1495460821293382,0.9206266779432299,1.0,Severe Erosion,-75.34335180421122
2673,380.7859259495714,350.98235176447133,347.08304085955416,-7.450893546275012,-8.425721272504305,477215.70852901513,1482194.0602970936,89.9512133669259,1.6846907438778977,1.1309132791893017,8.821803055639059,Severe Erosion,-5.602691643036303
2674,62.35597312385682,33.17970092877878,30.249735322708965,-7.29406804876951,-8.026559450286964,477250.57891441055,1482087.3440826896,-0.0487212626705916,1.0467102106574422,0.9098757175013112,1.0,Severe Erosion,-13.124881143747542
2675,321.1788322409834,321.1788322409834,318.41147687012005,0.0,-0.6918388427158391,477122.65204426245,1482015.318470845,-90.04903078574546,0.7964673238300043,1.0018240671254122,7.865682695185298,Moderate Erosion,-0.8095995970870297
2676,120.70654949770125,120.70654970433856,117.77658618075424,5.165932748241176e-08,-0.7324908292367489,477162.93285800336,1481950.0056508193,-0.04890389692599507,1.173505447748663,0.9333187022609463,1.0,Moderate Erosion,-1.604262118750928
2677,237.4116828797013,3.99981088298317,146.95227141258408,-58.352967999179526,-22.6148528667793,477017.0043394269,1481896.0127995424,-0.04921435048191861,1.2334526073663343,1.061683434801069,1.0,Severe Erosion,-21.488313256574592
2678,52.947066178268734,82.75061187506624,79.98325671813083,7.450886424199377,6.759047634965524,476994.2872397009,1481777.000243906,-90.04927293738497,0.7445711085863836,0.988099272475666,7.326504014726632,Accretion / Land Gain,4.911412990798731
2679,172.16115645761093,142.35762933290383,139.59027410571923,-7.450881781176776,-8.142720587972924,476971.9570594721,1481896.233587381,-90.04930806217939,0.780279258771593,0.9745590651440958,7.957045590189116,Severe Erosion,-8.800083566331264
2680,291.3752764034673,321.17881451649134,79.98309130774595,7.450884528256012,-52.848046273930336,477007.9793751466,1482015.416763966,-90.04924948528145,0.9239072234868461,1.0857441954561011,8.642268227820578,Severe Erosion,-48.717810416722806
2681,266.5900428084978,266.5900429827716,175.32461642305296,4.3568448404585076e-08,-22.81635659636121,477017.1862940051,1482107.8312148587,179.95077690834015,1.134829006378986,1.020954087811382,1.0,Severe Erosion,-25.0001777825523
2682,324.943450410748,266.5912709089283,29.445874458106225,-14.588044875454926,-73.87439398816045,476958.95582184166,1482249.5291182313,179.95064949925157,0.9593579663368246,1.0616326974334,1.0,Severe Erosion,-81.90727949185384
2683,440.39293106286726,410.58939564205167,50.17956056159015,-7.450883855203898,-97.55334262531927,476911.0035270561,1482164.517994006,-90.04944181120683,1.0624377345578153,0.9407746755555487,8.550235807181638,Severe Erosion,-88.80542310429217
2684,412.4710044601309,412.4710044601309,409.5410396823314,0.0,-0.732491194449878,476842.064316774,1482033.403316954,-0.04959410647290264,1.4068718796677928,0.9053191737521139,1.0,Moderate Erosion,6.174779199002555
2685,179.05896593142697,91.52958263636324,88.5996196476958,-21.88234582376593,-22.61483657093279,476754.43763820804,1481921.008477466,-0.04977566017301658,1.005813096114919,1.0249276704394357,1.0,Severe Erosion,-29.076150046460885
2686,499.9999999999864,499.9999999761213,1.0670599138746295,-5.966285243630409e-09,-124.73323502152796,476725.1126080363,1481750.2104834835,-0.04983518422690894,1.3031082556114082,0.9887825217218831,1.0,Severe Erosion,-121.28469599530199
2687,500.0000000000159,529.1767332274738,234.47941976460783,7.294183306864483,-66.38014505885202,476666.68672003003,1481666.9680720456,-0.04995668026490148,1.1242050210398928,1.0633989143519342,1.0,Severe Erosion,-68.89501891160874
2688,172.16103610823362,172.1610915508191,169.39373672526173,1.3860646369323604e-05,-0.6918248457429712,476564.9097782314,1481568.7480490352,-90.0502030841024,0.8395232358481307,1.0057029428337219,7.768983223422878,Moderate Erosion,0.6256112309123267
2689,321.1788654596698,23.14367446299186,19.24436307908327,-74.50879774916949,-75.48362559514663,476498.85134814883,1481449.5918120956,89.94970718958896,1.6441334652541977,1.0270577761231827,8.278892136599595,Severe Erosion,-74.01250495007916
2690,412.469001246246,383.2920026408331,146.1393202959677,-7.294249651353226,-66.58242023756958,476666.473315874,1481422.19214413,179.95005121047421,1.165187538242227,0.8804488261080233,1.0,Severe Erosion,-67.75445923915119
2691,380.7858848411675,350.98236673243,108.65491323922778,-7.4508795271843695,-68.03274290048493,476749.9112280411,1481538.783174956,89.95026638485987,1.4824349994719261,1.1628076817072968,7.53737489937078,Severe Erosion,-71.95157122841691
2692,410.5894205292367,410.5894205292367,19.244426951626146,0.0,-97.83624839440265,476890.3557091438,1481598.2685976494,89.95057673169647,1.4964186933372465,0.9993136354069687,8.5124924851029,Severe Erosion,-101.28895365598395
2693,3.9952617157157535,3.9952617157157535,0.2585541114911773,0.0,-0.934176901056144,477045.9634223421,1481642.5651068597,179.95085637268454,1.0629142998769576,1.0687959489712235,1.0,Moderate Erosion,-5.515136478462357
2694,324.93933208768686,324.93933208768686,322.0093734898932,0.0,-0.732489649448425,477133.47441550094,1481619.9806102586,-0.04895623060154878,1.0748848898416759,0.9458284189821522,1.0,Moderate Erosion,-4.891600690600649
2695,179.055521935763,179.055521935763,176.12556325349394,0.0,-0.7324896705672685,477279.36290032073,1481625.3473550738,-0.0486429355803791,1.1895836647799056,1.0374214816466363,1.0,Moderate Erosion,-1.0683811208140448
2696,500.0000000000082,441.6463496503391,438.7163916982818,-14.588412587417269,-15.32090207543159,477425.20103460783,1481571.1079046936,-0.048329657235936595,1.0922985970153474,0.9078966113148413,1.0,Severe Erosion,-18.899702020985348
2697,33.172240244536205,179.0559023032466,175.31919487160366,36.4709155146776,35.536738656766865,477541.97298320197,1481648.103772975,179.95191782715233,1.3026434867085752,1.0492214157579567,1.0,Accretion / Land Gain,38.94699898532996
2698,440.39289213899417,440.3929641251321,79.98338229849013,1.7996534481312665e-05,-90.102377460126,477615.7433408908,1481746.6696408403,-90.04792884371815,1.023087063252228,0.9857695304141474,7.80004878716121,Severe Erosion,-82.66614668344636
2699,321.1788483748846,321.17884382187964,49.04800275977971,-1.1382512354884966e-06,-68.03271140377622,477667.1643216162,1481806.233809384,89.95213173421126,1.5129918741962052,1.0173019571478057,7.86356003517759,Severe Erosion,-70.93297761062644
2700,410.5895296389773,380.78595855874886,138.4586128151324,-7.450892770057109,-68.03272920596123,477807.557152092,1481806.1169189776,89.9525378104423,1.6359105378404535,1.0708032283100979,8.408782517226935,Severe Erosion,-66.83570670328434
2701,412.47060353865794,412.47060353865794,408.7338998203176,0.0,-0.9341759295850808,477921.4720578588,1481892.178952845,179.95272290262895,1.275282822911951,0.9174002945310763,1.0,Moderate Erosion,1.5642496219295885
2702,91.53125553091644,91.53125553091644,87.7945535947961,0.0,-0.9341754840300852,478009.09386557783,1482004.5775434808,179.95290661076754,1.2711291144800845,0.962598263493783,1.0,Moderate Erosion,1.4258358705662868
2703,23.14387840693381,52.94738836756137,49.04807730376135,7.450877490156891,6.476049724206886,478109.7672166344,1482103.9031818525,89.95312205861859,1.6113931563055433,1.0551383658965205,7.603748033011696,Accretion / Land Gain,6.855826063787323
2704,470.82387480913854,62.35816990415876,58.621470960008764,-102.11642622624495,-103.05060096228245,478213.48760404834,1482200.1767544132,179.9533375331494,1.311728128191405,1.1875666351650216,1.0,Severe Erosion,-99.33718887048383
2705,354.1191713888604,354.1191716219822,351.18920456322564,5.828044891131867e-08,-0.7324917064086947,478330.1616194847,1482162.4981485233,-0.04641113381552465,1.2720133320996656,1.0082099041366916,1.0,Moderate Erosion,1.6787530569945912
2706,410.58950873276615,410.5894696491032,406.6901589368272,-9.770915738727126e-06,-0.9748374489847436,478441.5120804427,1482073.830289317,89.9538415499157,1.4143505068471842,1.0654817330293058,8.179228740330736,Moderate Erosion,-7.163149560621233
2707,440.3929864808239,440.3929605376612,78.85167231521824,-6.485790663646185e-06,-90.3853285414014,478581.85716852755,1482014.1105669467,89.95424950710746,1.7303732821389906,1.0089146328349134,8.612949602647038,Severe Erosion,-86.03954821945504
2708,441.647325727597,441.647325727597,292.0289457058444,0.0,-37.40459500543814,478738.4970607983,1481997.725683467,179.95446864018948,1.3334114944131967,1.172654764605951,1.0,Severe Erosion,-32.96814081910443
2709,266.5888564132803,91.53048017122968,88.6005162936099,-43.76459406051266,-44.497085029917606,478855.16224374715,1481946.8583797223,-0.04527964658322587,1.08519097283931,0.8768847802835401,1.0,Severe Erosion,-48.313515550810514
2710,350.98255346928966,350.98255346928966,19.24486768863041,0.0,-82.93442144516482,478973.1148911811,1481864.782645418,89.95500372297894,1.6056905519675044,1.0232428380026042,8.216004653696537,Severe Erosion,-82.7447322679268
2711,350.9825512493993,231.76857074187524,79.98372503950333,-29.803495126881018,-67.749706552474,478977.7452586469,1481715.7615143326,-90.04502306417749,0.9024994724182049,0.88383048228938,8.424864509104573,Severe Erosion,-64.33306158841864
2712,441.6469484911843,441.6469484911843,437.9102439475983,0.0,-0.9341761358964932,478942.59333916754,1481822.2003153265,179.95491179220616,1.1689177021025374,0.8146336950660347,1.0,Moderate Erosion,-1.980745233793301
2713,410.589509363912,410.589468102118,407.8221129694387,-1.0315448491837742e-05,-0.6918490986183201,478844.8402730483,1481864.8837578073,-90.0453086515509,0.9609468322331256,1.0394713381936254,8.005712383389117,Moderate Erosion,4.673041140211739
2714,410.5895495937565,142.358017396189,139.59066103591482,-67.05788304939188,-67.74972213946042,478704.49454664125,1481924.6021624675,-90.04559158422215,1.1545810008279973,1.0275541661665624,8.364375228833925,Severe Erosion,-55.930359666363614
2715,440.39296043113467,82.75094334799206,79.98358784396478,-89.41050427078565,-90.10234314679246,478593.9289287088,1481954.493869112,-90.04587363644016,0.6821022233115479,0.9939675416910675,8.645188704101317,Severe Erosion,-94.03227330996738
2716,410.5894886052418,142.35790321207563,139.59054767463186,-67.05789634829154,-67.74973523265248,478423.75639767543,1481984.4340531887,-90.04609322976073,0.5928434389640975,1.0086195583512185,8.291692190981026,Severe Erosion,-74.65495824842135
2717,321.1794030121989,321.1794090494995,318.4120536496836,1.509325144866125e-06,-0.6918373406288367,478253.5840008767,1482014.3758122756,-90.04656275205882,0.845572921428313,1.2653394976736994,7.9667286494745175,Moderate Erosion,0.827255637395542
2718,410.5894654535562,410.5894654535562,20.37638675491222,0.0,-97.553269674661,478083.36316878215,1481984.710712184,-90.04693671838056,0.9082345099867323,0.9964644057935564,8.55093132745512,Severe Erosion,-93.94545714903028
2719,410.5894691454798,380.7859575907926,20.376410003068397,-7.450877888671812,-97.55326478560286,478002.4793847701,1481865.5630065268,-90.04712045319918,0.7653701791939492,1.0564925152102256,7.123205832074754,Severe Erosion,-98.7075966548267
2720,321.1789358988065,321.17904613041645,19.244635892366453,2.7557902484431903e-05,-75.48357500161002,478039.1176709064,1481805.9259186618,89.95291265722122,1.8179889644175264,0.9630138148440458,7.43110349778468,Severe Erosion,-68.21727168500485
2721,499.9999999999926,499.9999999999926,497.07003914802976,0.0,-0.7324902129907116,478125.5927697171,1481751.9812360653,-0.046836530010669376,0.9988821494143707,1.0379302259087486,1.0,Moderate Erosion,-7.4255192116069555
2722,23.143878255594693,23.143878255594693,20.376522623039,0.0,-0.6918389081389229,478108.7911876005,1481627.0476990642,-90.04686314708,0.9039379272521209,0.9937425684489821,8.005640666553663,Moderate Erosion,2.7727542070191324
2723,201.9649244710345,172.16141285012887,169.39405711089378,-7.450877905226406,-8.142716840035177,477998.2262577839,1481656.941889301,-90.04714515928244,0.7091210122987175,0.9803214085459706,8.242202752198637,Severe Erosion,-11.172020943829644
2724,266.5857511465074,441.646435033158,437.9097269221348,43.765170971662656,42.83099394390685,477862.8794991109,1481602.5376137109,179.95260590224896,1.4582375591140693,1.1580165461648728,1.0,Accretion / Land Gain,51.42788347494333
2725,410.5895005186003,410.5895005186003,50.179969851934565,0.0,-90.10238266666644,477835.4502044947,1481716.6832830065,-90.04752184701174,1.0988774405602943,1.1080599416521313,8.22837552614002,Severe Erosion,-80.13980590082585
2726,324.9394921463692,3.9951837982031946,1.0652249091140007,-80.23607708704151,-80.9685668093138,477717.02267458796,1481635.1411838268,-0.047707369421086165,1.084668451601438,1.0238389135782613,1.0,Severe Erosion,-84.80184974823054
2727,261.5719039306296,201.96490176288629,199.19754618444463,-14.901750541935831,-15.593589436546246,477584.3436313356,1481567.8748233935,-90.04798561968552,0.7175665698973188,0.827748090855396,8.228191628759758,Severe Erosion,-18.341375116089147
2728,440.39314963330105,440.39314963330105,139.59065090535358,0.0,-75.20062468198687,477443.90061900555,1481508.3859275104,-90.04851465270887,0.9289383264408311,0.9824837182866202,8.397762943405814,Severe Erosion,-70.90268524708786
2729,410.5896751814645,410.5896602339646,407.8223049477026,-3.736874973014892e-06,-0.6918425584404702,477243.9006907025,1481508.5552755776,-90.04851465270887,0.7419305459254336,1.2276087133876248,8.488217373695274,Moderate Erosion,-2.6274958073880432
2730,120.70027138291567,120.70027112109751,117.77031426830952,-6.545453956618985e-08,-0.7324892786515385,477104.2018115255,1481507.9795186715,-0.04901385700868191,1.1928461360783378,0.9929065981069385,1.0,Moderate Erosion,-0.9595453683127295
2731,23.143702621923826,261.5719163744981,258.80456106595625,59.60705343814356,58.9152146110081,476992.94392556604,1481538.573214382,-90.0492963894885,0.8038084111335831,1.0999875890647486,8.097636416356522,Accretion / Land Gain,59.04215671372015
2732,149.87688540407046,149.87688524027416,1.062276584237213,-4.0949075241769606e-08,-37.20365220495831,476841.5940547523,1481490.0114970098,-0.04957600046172695,0.9117029208383278,1.126497168605532,1.0,Severe Erosion,-46.80201798594659
2733,499.9999999999968,529.1770157955361,1.060700694416072,7.29425394888483,-124.73482482639518,476724.81397089356,1481406.8206375693,-0.04982289121577433,1.1975765087318688,1.0276500568184797,1.0,Severe Erosion,-124.80401355686637
2734,231.7683066104353,231.7683066104353,50.17972575725615,0.0,-45.39714521329479,476601.38765667455,1481330.287865455,-90.05003901275721,0.6965409864368461,0.9418582016646709,7.787432388615186,Severe Erosion,-48.84578408361566
2735,470.1964943176186,82.75074401097855,19.244408629759235,-96.86143757666,-112.73802142196485,476550.19104964694,1481300.5291225638,89.94980584050367,1.52603142314615,0.814017477228838,7.922764100519674,Severe Erosion,-115.2036355339637
2736,500.0000000000336,499.9999604060032,109.78679134311685,-9.898507599359618e-06,-97.5533021642292,476467.087749309,1481300.6020524022,-90.050381509523,1.0165449551621784,1.0635764064715245,8.420124728073416,Severe Erosion,-90.33514214688512
2737,3.986589202178047,120.69564039373628,117.76568848260408,29.17726279788956,28.444774820106502,476374.50104515505,1481193.1755375667,-0.05056438390692086,1.0111709599105663,0.942356922375991,1.0,Accretion / Land Gain,22.16224034871022
2738,383.29035381139954,383.29035381139954,1.0539993402181835,0.0,-95.55908861779534,476316.021247621,1481051.5818525588,-0.05068527296633465,1.3216269281001343,1.0199056032155613,1.0,Severe Erosion,-91.49306268405546
2739,383.2902907168353,62.33863167690421,58.60191472858685,-80.23791475998277,-81.1720939970621,476199.29878046387,1481037.2116874547,179.94906495812327,1.1585111540775475,0.905652832185077,1.0,Severe Erosion,-82.56690864872115
2740,324.9363655003942,324.9363655003942,0.2497004543314371,0.0,-81.17166626151568,476199.4247061256,1481178.8569612086,179.9490594286027,1.1583916069562645,0.9861442071601872,1.0,Severe Erosion,-82.57046710399486
2741,23.14347360252988,589.4105750867056,20.37610878233415,141.56677537104397,-0.6918412050489327,476121.4618383401,1481241.3010493207,-90.05106647637955,0.9185559432830943,1.0108201797889418,8.099554410146549,Moderate Erosion,3.260018275209624
2742,179.05017737583498,179.05017737583498,0.249948704350102,0.0,-44.70005716787122,476053.5524189278,1481194.6727999598,179.94874617359127,1.2513655133476425,1.0290431022838036,1.0,Severe Erosion,-42.99980069502677
2743,62.34219674516697,295.7597060012886,59.41224437062793,58.3543773140304,-0.7324880936347604,475995.2615413735,1481265.6712131146,-0.05137974139680615,1.2852332513685252,0.9192331170376501,1.0,Moderate Erosion,2.1205768924628945
2744,383.2906464304429,383.2906464304429,380.3606955776049,0.0,-0.7324877132095082,475995.1345275791,1481124.0257205022,-0.05137618956360461,1.3448690256619882,1.1024487674198846,1.0,Moderate Erosion,4.108435589454797
2745,3.985672878880429,3.985672878880429,0.2489574768136044,0.0,-0.934178850516706,475878.4432701652,1481144.162445744,179.94837555230308,1.1506641491084708,0.9591894307933386,1.0,Moderate Erosion,-2.5907207664333196
2746,23.143419042586103,559.6070365436328,20.37606394999329,134.1159043752617,-0.6918387731482021,475862.7662213339,1481211.729518825,-90.0516899448354,0.7081646526022611,0.873805519779471,7.808009485972034,Moderate Erosion,-3.7530224456869536
2747,500.00000000002416,499.9999992951873,58.60627306433019,-1.7620921255456778e-07,-110.34843173392348,475761.88487345097,1481310.8497400326,179.9481191132797,1.0375896178836843,1.0002459656937985,1.0,Severe Erosion,-115.77418436671246
2748,82.75039619712685,172.16096997879586,169.39361431453352,22.35264344541725,21.66080452935167,475759.76448616997,1481450.250964886,-90.05191672855288,0.6761885847130571,1.0134097669282514,8.166745940838007,Accretion / Land Gain,17.533751879456894
2749,52.9468210214145,52.9468210214145,50.17946623447963,0.0,-0.6918386967337185,475679.0328203572,1481509.9313223748,-90.05207493020663,1.242364329008501,1.0242303370800745,8.263449476872358,Moderate Erosion,14.053633429809908
2750,470.19645556437024,619.2141534447535,78.8512040227755,37.25442447009581,-97.83631288539868,475692.35939061356,1481390.7050013195,89.94792919192095,1.7867017719244804,1.1189079850748036,8.092874498136178,Severe Erosion,-91.61291498171475
2751,354.1143145316089,354.1143137875401,350.3776007789548,-1.8601720341848704e-07,-0.934178438163528,475616.0012365217,1481313.1781346537,179.94780684543977,0.997703221976034,0.9900802156687017,1.0,Moderate Erosion,-7.689550269203634
2752,3.988785003377669,237.4058457713745,1.0588313281738246,58.3542651919992,-0.732488418800961,475557.6582092328,1481325.5252042767,-0.05231857596203923,1.001266053975026,0.9995765207702445,1.0,Moderate Erosion,-7.344778202518811
2753,28.46195405019616,349.193207108702,61.86083118860734,80.18281326462646,8.349719284602795,475499.6513996024,1481241.8629259889,-36.414360691854284,1.0348316662039498,0.9198747358813,4.630942385154222,Accretion / Land Gain,10.759049593195252
2754,500.0000000000103,380.7858322657533,378.0184773185074,-29.803541933564247,-30.495380670375724,475389.0894728195,1481271.7679048965,-90.05262876272998,0.8820898883517366,1.0741372683237154,7.814854110813415,Severe Erosion,-27.759056683485888
2755,3.987055411780073,3.987055411780073,0.2503411425980055,0.0,-0.9341785672955168,475324.1512860323,1481228.1083375206,179.94718544804184,1.2827012903752433,1.0227069777204736,1.0,Moderate Erosion,1.8102406092913053
2757,62.34221875403,208.22813287540748,87.78268642724109,36.47147853034437,6.360116918302772,475149.1307430907,1481274.3856038519,179.9468081266195,1.1621279802439202,0.9749225824129623,1.0,Accretion / Land Gain,5.085337950534283
2763,441.6460093945067,908.4778753542348,146.94606889554083,116.70796648993203,-73.67498512474145,474886.7076582419,1481457.450605332,-0.05375978318004489,1.1808065469659748,0.8583730689357854,1.0,Severe Erosion,-74.30225642475595
2764,91.5213959771304,62.344356584439566,58.60764491999743,-7.2942598481727074,-8.228437764283242,474945.0160227339,1481408.6841028116,179.9463672523912,1.2495563557822893,1.1257085283466155,1.0,Severe Erosion,-6.589040143486455
2765,295.7606769279896,879.3015316076609,88.59137284342704,145.88521366991782,-51.79232602114064,475003.3713435817,1481409.9718552076,-0.05350677592027415,1.2125104032335212,0.9119567794203827,1.0,Severe Erosion,-51.36286098967398
2766,3.988961028477113,3.988961228769588,0.2522485009580886,5.0073118762483666e-08,-0.934178131879756,475061.65605111513,1481335.477282951,179.94661918909787,0.8674776123970069,0.9619647120003676,1.0,Moderate Erosion,-12.030679995617431
2770,52.94671400135736,142.35737323486256,50.17938634077949,22.352664808376304,-0.6918319151444656,475345.63078202034,1481420.8256753806,-90.05279009933696,0.7655302251949443,1.0389704130242636,8.26840372634264,Moderate Erosion,-1.8408300680204346
2771,499.9999999999965,33.16972678024574,29.43301720818148,-116.70756830493768,-117.64174569795377,475266.0861437723,1481541.2433580107,179.94704957457722,1.0726586985139168,0.9160378917665108,1.0,Severe Erosion,-121.89877786925534
2772,499.9999999999853,529.1767719773632,525.4400640088335,7.2941929943444705,6.360016002212049,475353.7203689092,1481653.6319990053,179.9472333127472,1.2266500937553757,0.8936420726814256,1.0,Accretion / Land Gain,7.236073096754609
2773,142.3574116005065,261.5715817350628,19.243902041204866,29.803542533639074,-30.77837738982541,475283.7224085781,1481748.7219729798,89.94710472637726,2.0477886799321,0.8443564427448219,7.974445457699238,Severe Erosion,-15.852082376808358
2774,62.35074767695122,91.52736106658617,87.79065528807753,7.294153347408736,6.359976902781577,475441.3767502991,1481790.9614449854,179.94741552346156,1.2554893586700229,1.0724621082171306,1.0,Accretion / Land Gain,8.197385230153099
2775,23.143293359331988,112.55389837646904,78.85105979293746,22.35265125428426,13.926941608401368,475534.6774217066,1481718.6878122329,89.94757428874082,1.5529703796286856,0.9702944693922434,7.60042210059267,Accretion / Land Gain,12.359293177539378
2776,62.35248733191836,91.52898462390893,87.79228045848758,7.294124322997641,6.359948281642305,475558.1786089649,1481895.3265504164,179.94766489884196,1.3386355931776097,1.2502230749729544,1.0,Accretion / Land Gain,10.968955791528566
2777,470.823438104967,645.8828032390022,30.244986615160137,43.7648412835088,-110.14461287245172,475412.25038302166,1481845.6650105247,-0.052649546790952455,1.2720356199566356,0.935894141518408,1.0,Severe Erosion,-107.73117343640565
2778,321.1785923804722,678.821329879955,20.37565401049096,89.4106843748707,-75.20073459249531,475279.5562127652,1481897.7436520252,-90.05293173244104,0.86301434426125,0.9423545257127377,7.560524836756768,Severe Erosion,-73.1002621402361
2780,4.002857390640706,33.17915610716415,29.44245466937712,7.29407467913086,6.359899319684104,475354.1133672713,1482080.299930897,179.9472176913509,1.2913960789593228,0.9730372064061777,1.0,Accretion / Land Gain,9.394152285762459
2781,266.5892725741465,791.7633631001084,117.77758638969904,131.29352263149048,-37.20292154611186,475470.78984856815,1482048.8977022173,-0.05253081550819983,1.5081148005000595,1.0373417234457085,1.0,Severe Erosion,-26.920203721964153
2782,500.0000000000347,321.1787137649145,317.27940145975265,-44.70532155878004,-45.68014963507051,475579.09196848486,1482076.2899853117,89.94768684016678,1.4303665679738549,0.9806041563162174,7.539506002451988,Severe Erosion,-51.334591811700086
2783,470.196455761386,589.4106368876618,50.179303342357485,29.803545281568944,-105.00428810475714,475660.33581168356,1481986.8052618667,-90.05215385094071,0.8710449772350555,1.0661302142447773,8.44199556645502,Severe Erosion,-102.63612772069986
2784,52.9468199124267,52.94680865017097,49.04749701272518,-2.8155639313354186e-06,-0.9748307249253793,475683.4563497044,1481956.9806666553,89.94794089129279,1.4610426653909518,0.9384973813173425,7.848984238339723,Moderate Erosion,-5.606736374833071
2785,52.94672468609403,23.143138030243662,20.3757834548172,-7.450896663962592,-8.142735307819208,475760.59004787664,1481837.696432325,-90.05193005543137,0.8833270612455528,0.9048190701531647,8.503041959146346,Severe Erosion,-5.365172076107967
2786,149.88158023683312,179.05811240548914,175.32140774707764,7.294133042164006,6.359956877561132,475645.6789695845,1481863.2593587232,179.94785077478014,1.0625610934997989,0.8717976027331777,1.0,Accretion / Land Gain,1.7665243201306602
2787,23.143273901236675,112.55389122299064,19.24396226552346,22.35265433043849,-0.9748279089283036,475635.13966361224,1481778.2033003196,89.94797829726609,1.53739481308461,0.8367423758823455,7.58934650935378,Moderate Erosion,-3.0616619769537254
2788,324.9405267497332,470.82342057571225,87.79121708103266,36.47072345649477,-59.287327417175135,475791.52412959596,1481821.7162942328,179.94816314934158,1.1560984023020866,0.9737080579853667,1.0,Severe Erosion,-60.762776988364664
2789,91.53008309177322,62.35366459174837,58.616961505746666,-7.294104625006213,-8.228280396506639,475791.652283185,1481963.3633362676,179.94815854363108,1.3467344294933907,0.992782908032603,1.0,Severe Erosion,-3.349196799783094
2790,500.0000000000807,139.6146218146701,135.71096945591884,-90.09634454635264,-91.07225763604046,475790.8916452288,1482105.9010526875,97.02166609423108,1.734768165165257,0.9680614770225415,7.784608008769304,Severe Erosion,-86.47998541632839
2791,4.006062722756149,4.0060633177550375,0.2693645031734051,1.4874972209533158e-07,-0.934174554895686,475733.55641895893,1482246.7110010083,179.94802538156804,1.0135052447709205,1.1197397998341199,1.0,Moderate Erosion,-7.1627614371276085
2792,412.4717239889291,412.4717237258304,117.78080359777891,-6.57746852539276e-08,-73.67273009778755,475821.10576073726,1482269.8937752326,-0.051789192727196155,1.2078785599271946,1.1187878082816594,1.0,Severe Erosion,-73.3980595427883
2793,499.9999999999284,112.55392851377084,108.65461659268412,-96.86151787153938,-97.83634585181106,475828.4157400092,1482135.670689578,89.94824716937384,1.4935628586128882,0.9921499709862556,7.931524988586722,Severe Erosion,-101.38424512555693
2794,237.41238590720863,412.4708004313479,30.247582439956098,43.76460363103482,-51.791200866813135,475879.20249474334,1481986.5461335143,-0.051652992429751396,1.010863657532983,0.8736268279674317,1.0,Severe Erosion,-58.08372542018981
2795,62.35210584065752,208.23475085340985,1.069082303865561,36.47066125318808,-15.32075588419799,475849.92459283635,1481874.101953983,-0.05171189950025287,1.1670864253218616,0.9704491387817339,1.0,Severe Erosion,-16.405841136319843
2796,321.1787269367913,619.2141417134352,347.08296244172305,74.50885369416098,6.4760588762329405,475923.91408675996,1481748.1383496276,89.94844785962312,1.553727419819975,0.9662794877395521,8.156675968171147,Accretion / Land Gain,4.9336449339538415
2797,201.9645500283665,142.35744682437752,139.59009157216283,-14.90177580099725,-15.59361461405092,475868.67453351466,1481688.5809650186,-90.05167504381116,1.164007635636415,0.9609746687344678,7.964315427231598,Severe Erosion,-3.4600321823233084
2798,52.94699737226592,52.94699737226592,49.047685453719055,0.0,-0.974827979636716,475911.5182051407,1481569.3281561339,89.94845395610302,1.664943811930745,0.9562851308053095,8.64411395472596,Moderate Erosion,1.1899711471667649
2799,500.0000000000289,208.2311621820252,205.30120506462345,-72.94220945450093,-73.67469873385136,476024.6862762389,1481542.0260518144,-0.051326917466275,0.9929990454529166,0.959494974755744,1.0,Severe Erosion,-80.56278623762255
2800,142.3575939517707,82.75054002198547,78.85122856616597,-14.901763482446306,-15.87659134640118,476044.6198536077,1481658.619336298,89.9487007768275,1.5152837390475016,0.9822598454971505,7.276678662063053,Severe Erosion,-18.70046136725589
2802,82.75039736774092,82.75039736774092,79.98304227390496,0.0,-0.6918387734589899,476104.1794422993,1481747.9767419107,-90.0512085630472,0.9532076540750825,0.9634199591339854,8.247224202358563,Moderate Erosion,4.415077703688002
2803,499.99999999997385,645.883118431734,87.79063050791936,36.470779607940045,-103.05234237301364,475995.7228238256,1481779.9814193833,179.9486030130356,1.5136252345416188,1.0313155807111019,1.0,Severe Erosion,-92.61012850866402
2804,172.1610615623181,559.6071018035288,19.24407272916775,96.86151006030268,-38.22924720828759,476020.3646096339,1481897.0694819472,89.94863019373098,1.362102342395955,1.0448919773196041,7.596623576420519,Severe Erosion,-46.15916376947738
2805,231.7681381049925,500.0000058648144,227.86884610742035,67.05796693995548,-0.9748229993930336,476131.03392085305,1481986.3811996551,89.94884583836405,1.3180111828077337,0.9442869241136322,7.388097229570172,Moderate Erosion,-10.374444925088259
2806,380.7858160072753,380.7858096393546,378.0184544126794,-1.5919801654717958e-06,-0.6918403986489636,476071.8667313336,1482105.648284181,-90.05122068930585,1.080644936142112,1.120258626884464,8.61495549554682,Moderate Erosion,8.662985478209947
2807,23.143285932470235,261.57162669247543,19.24400339344649,59.6070851900013,-0.974820634755936,476059.40849872597,1482224.8736608345,89.94874402581607,1.6584419665489991,0.9416003473090588,8.56564095510998,Moderate Erosion,0.9732502520985833
2808,120.70942151663246,120.70942151663246,0.2679451969503459,0.0,-30.110369079920527,476141.9478716269,1482163.3842649653,179.94890176056015,1.070112823179335,0.8898430846864112,1.0,Severe Erosion,-34.45183273930236
2809,499.99999999991417,529.8035497762068,19.24398370342318,7.450887444073146,-120.18900407412276,476191.2559962901,1482314.1666714014,89.94899096660136,1.6801942044002536,1.0515383850790847,7.816707617935168,Severe Erosion,-117.51585864351058
2810,354.1207038394817,354.1207042806378,233.68058208511343,1.1028903657006597e-07,-30.11003043859205,476171.4024184878,1482475.8300938585,179.94895417761376,0.8049942061683362,0.9576185483413334,1.0,Severe Erosion,-43.28876913367644
2811,23.14316777263857,23.14316777263857,19.243855979420125,0.0,-0.9748279483046112,476118.43109721533,1482612.267246944,89.9488558835486,1.6005061666307698,1.0503439193019486,7.809571789712766,Moderate Erosion,-0.9579504153188062
2812,261.571585095066,291.3751347363231,287.47582322362035,7.45088741031428,6.476059532138592,476199.16376442794,1482552.5881406993,89.94898290910938,1.6491730173582675,0.831634817948026,7.803751935025434,Accretion / Land Gain,8.11516539635402
2813,441.648492217539,441.6484960733322,146.1543170882456,9.639482954071354e-07,-73.87354378232335,476259.0167198148,1482573.48622841,179.9491386728356,1.3389955999324215,1.1355742841700154,1.0,Severe Erosion,-69.2521930846342
2814,412.4733042627641,91.5421208062242,87.80542958201337,-80.23279586413497,-81.16696867018769,476229.9928154639,1482744.3363996353,179.94907064105638,1.0482711611090965,1.0799980041347241,1.0,Severe Erosion,-86.23644843165037
2815,112.55364070099442,23.14292715773885,20.37557248591673,-22.35267838581389,-23.04451705376942,476166.1774180327,1482880.4567916112,-90.05109067553596,0.8128532332364514,0.9077951393350927,7.318086521789829,Severe Erosion,-22.616081246752625
2816,68.51670900124402,410.0375884173474,64.64107960570105,85.38021985402585,-0.9689073488857431,476055.14091774926,1482969.4400501202,-138.10502495807944,0.7940793959932821,0.9105873303595741,5.763157126249494,Moderate Erosion,-5.59603047918368
2817,470.196431427749,470.196431427749,466.2971194905359,0.0,-0.9748279843032748,475990.23256035725,1483059.4356757437,89.94852812771852,1.6383074019433046,1.1637374380063126,7.262822009344071,Moderate Erosion,0.30209079406831063
2818,52.946321190732846,82.74992630611875,79.98257216032792,7.450901278846477,6.759062742398768,476011.011381289,1483208.434934986,-90.05141441595997,0.665698212693242,0.9727282048909491,8.098905359889587,Accretion / Land Gain,2.282331130583648
2819,201.96423452637703,201.96423452637703,199.19688031331611,0.0,-0.6918385532652209,475900.50242869405,1483297.945123676,-90.05157379155172,0.7387850361736487,0.966040402280551,8.354628556149422,Moderate Erosion,-2.732342749066324
2820,441.649857430053,441.649857430053,59.44389897502299,0.0,-95.5514896137575,475792.7767857382,1483205.6845992478,-0.05188237748974424,1.0502654835065817,0.8504019381946698,1.0,Severe Erosion,-100.53056658770865
2821,412.4742242512649,412.47422420597934,1.0905633698880326,-1.132139004766941e-08,-102.8459152203442,475763.4468612468,1483034.8862363752,-0.051941834844479576,1.297307813908193,1.0016030987821716,1.0,Severe Erosion,-99.59023401122592
2822,412.47375747636113,412.47375736466057,409.5437799064715,-2.7925139534090704e-08,-0.7324943924724039,475704.9676570691,1482893.2898781202,-0.052060726208743996,1.3284042151151827,1.009768119212839,1.0,Moderate Erosion,3.5597611908109226
2823,321.1785754960081,350.98214783421486,20.37545702523538,7.450893084551694,-75.20077961769317,475636.48017055646,1482761.7198626085,-90.0522118808923,0.7648070805886983,1.0836609000617612,8.213153366444606,Severe Erosion,-76.37388246748024
2824,350.9821473976207,321.1785749725645,50.17902664329176,-7.450893106264047,-75.20078018858223,475525.80930184625,1482672.4101886177,-90.05242756554962,0.8057358667013041,0.9134314866823527,7.753082368102446,Severe Erosion,-75.00959021378209
2825,321.17858669622126,350.98216162816146,50.17905263104147,7.450893732985051,-67.74988351629494,475415.13804879884,1482583.1009541925,-90.05267449300023,0.5827114568433898,0.902669628748816,8.480896220576039,Severe Erosion,-74.99284058946266
2826,410.5892979199987,410.5892979199987,20.37548632173774,0.0,-97.55345289956524,475274.6902871117,1482523.6232978685,-90.05307867495256,0.7550486744414873,1.0596593713949638,8.482610856531613,Severe Erosion,-99.05183613959917
2827,321.17854053271054,321.17854053271054,318.41118567235304,0.0,-0.691838715089375,475104.46624161117,1482493.9775820335,-90.05329638732617,0.7924694804971806,1.1037665289806449,8.107617616137436,Moderate Erosion,-0.9428618002980989
2828,149.8906083389026,149.8906083389026,146.15391408912865,0.0,-0.9341735624434904,475033.62485112145,1482563.5302038535,179.94651399813583,1.5934923663347667,0.8983667656089747,1.0,Moderate Erosion,12.169791892706385
2829,142.3570606027813,142.3570308227975,139.58967636002723,-7.444995951289002e-06,-0.691846060688512,474913.1190076051,1482523.9599887985,-90.0537662165007,0.6332051222518378,1.1101075097173512,7.834616996252036,Moderate Erosion,-6.25168118955933
2830,231.7677545616179,231.76775328058312,79.98240036500607,-3.202586924544449e-07,-37.94633854915296,474860.96535177575,1482613.419703097,-90.05383190373958,1.0196267623614241,1.0276576974958682,8.114551166610983,Severe Erosion,-30.625452355390774
2831,321.17849424413697,321.178489627569,20.37524723581709,-1.1541419979721468e-06,-75.20081175207997,474867.1628556075,1482702.82466173,-90.05383507871173,0.9495289925892559,1.1130645987183914,7.9245585369533105,Severe Erosion,-70.21651788475093
2832,291.374861889008,291.374861889008,50.17880860772939,0.0,-60.29901332031965,474786.4334579628,1482762.5078500963,-90.05402474994735,0.8420956384892719,1.0208132016951106,8.37557931497891,Severe Erosion,-58.89583129786897
2833,324.9455255829728,412.472764840751,322.0155526530577,21.88180981444455,-0.7324932324787738,474741.9078240628,1482606.9285308165,-0.05411424614264824,1.4634152839784669,0.8227946753601743,1.0,Moderate Erosion,8.060609188496894
2834,47.07930580552662,47.07928843287521,44.31918403466709,-4.343162853359672e-06,-0.6900304427148836,474654.33026492305,1482553.86918913,-99.17659017182133,0.8609352182089733,1.0117862122465573,7.299906642014625,Moderate Erosion,1.1704969203194309
2835,62.36346147414205,91.53923462142578,88.60926212304038,7.293943286820932,6.561450162224583,474596.0130631447,1482590.1187368357,-0.05442517663686972,1.2579939199960122,1.1091878324312385,1.0,Accretion / Land Gain,8.507246140564227
2836,33.189094523535935,33.189094523535935,29.45240169358644,0.0,-0.9341732074873744,474712.78300539136,1482660.8006251724,179.94582217770778,1.1924101345432276,0.9537196969822864,1.0,Moderate Erosion,-1.1997764725751012
2837,4.013777966379231,149.89209483776156,146.9621207932959,36.46957921784559,35.73708570672917,474566.9333728173,1482691.1562591668,-0.054490907232158874,1.3831549141227015,0.9945439572009737,1.0,Accretion / Land Gain,41.8549301188223
2838,261.5712139247529,291.3748724880935,288.60751798994363,7.450914640835151,6.759076016297684,474562.4467604827,1482792.523597836,-90.05471347878569,0.9644705674500134,1.0126972966939978,7.292773664762624,Accretion / Land Gain,12.241422185352103
2839,237.4200362034065,4.01558738399191,1.085611902489461,-58.35111220485365,-59.08360607522926,474362.8007028044,1482792.3600549053,-0.05493172477392021,1.1057649111498766,0.7948249211191911,1.0,Severe Erosion,-62.211992512710324
2840,350.9820580627391,261.57126618284514,258.80391227577485,-22.35269796997349,-23.044536446741063,474251.7718629659,1482703.4101358058,-90.05514780964738,0.6021131060955992,1.1594349522633525,7.978894251091407,Severe Erosion,-29.6407724197349
2841,295.76962153189606,62.36344123035121,30.257693759300476,-58.35154507538621,-66.3779819431489,474158.3827629818,1482596.7862877692,-0.05536277060818009,1.16916639939874,0.9523458389776988,1.0,Severe Erosion,-67.39288513012718
2842,201.9640511796372,172.16045876663838,109.78590711030144,-7.450898103249706,-23.04453601733394,474089.97019919386,1482465.137522274,-90.05551410539289,0.6799944030952997,1.0633421929505142,8.027558698149456,Severe Erosion,-27.044728839322172
2843,201.9640406314769,172.16045641825704,169.39310221809285,-7.450896053304966,-8.142734603346014,473979.29418665596,1482375.8341453872,-90.05576081941254,0.7904715032351807,1.0148787432544293,7.946954580154122,Severe Erosion,-8.46035747642279
2844,261.5712296992097,500.0000134068461,169.39311477970978,59.6071959269091,-23.044528729874983,473868.6178864642,1482286.531234755,-90.05597623727807,0.9856159110965425,1.121354408215997,8.470796436837702,Severe Erosion,-16.85733805645429
2845,261.57125633504023,112.55323200944956,50.1787085080044,-37.25450608139767,-52.84813695675896,473757.9411708721,1482197.228759426,-90.05622287125834,0.7314049443167843,1.0521580178126455,7.475009227024523,Severe Erosion,-55.13464523219291
2846,261.5712333672593,261.5712326163801,20.37506503940635,-1.877198059219154e-07,-60.29904208196324,473617.48980391084,1482137.759685456,-90.05647061247792,0.7935766870839782,1.0001653680355276,8.214551801924742,Severe Erosion,-60.51315898852112
2847,499.9999999999986,529.1763558296434,526.246391372733,7.294088957411205,6.5615978431836055,473486.81602688896,1482068.494085811,-0.05678024231306886,1.2083070094147652,0.9466454605072844,1.0,Accretion / Land Gain,6.851711517225581
2848,231.7676283950908,231.7676300549413,20.375051412065424,4.149626207095025e-07,-52.848144245756345,473396.13429713034,1481959.1572241795,-90.05702624597137,0.9272648304535032,1.0806387264540234,7.664651285545466,Severe Erosion,-48.605989834729925
2849,201.9640152904178,201.9640152904178,199.1966617183552,0.0,-0.691838393015658,473255.6821328907,1481899.690024881,-90.05721142156314,0.4629667993137966,0.8662187675854408,7.514933158720927,Moderate Erosion,-11.926285062938684
2850,172.160409712754,201.9640724948677,199.1967186487268,7.45091569552843,6.759077233993203,473115.2297777208,1481840.2236273405,-90.05749029886027,0.708995157145495,1.0670481324268342,8.312772986974977,Accretion / Land Gain,3.7255757601667194
2851,52.94595678379047,500.0000082445864,497.2326539709362,111.763512865199,111.07167429678644,473004.5505723431,1481750.9241648105,-90.05786171726498,0.8316927578124073,0.9263752709864006,7.9738318271521145,Accretion / Land Gain,112.1280927581838
2852,82.74955322438558,23.14232118570812,20.37496753926406,-14.901808009669365,-15.59364642128038,472864.2181702439,1481810.6733477516,-90.0581139007849,0.9800120492163529,1.1152029958835012,7.994594587116334,Severe Erosion,-9.593251639146073
2853,112.55309406616853,499.9999503625421,199.1965740543783,96.8617140740934,21.66086999705244,472753.6594108848,1481840.5892786386,-90.05836495038724,0.7262148404079153,1.0282852737962465,7.5573026542312975,Accretion / Land Gain,19.201357759521414
2854,500.0000000000279,500.0000000000279,496.26329497412536,0.0,-0.934176256475638,472669.70228426723,1481897.0529304761,179.94147771172112,0.9189256566691857,1.0675921819359948,1.0,Moderate Erosion,-10.316939786685008
2855,142.3566676065871,172.16027396607123,169.3929201386946,7.45090158987103,6.759063133026871,472620.79005205183,1481989.7430554063,-90.05862062904711,0.8929569262510312,1.0237381147032927,7.694609691554139,Accretion / Land Gain,9.857620362857553
2856,179.059849757101,529.1763809085445,204.49952173310763,87.52913278786087,6.359917994001656,472553.16699511115,1482063.7605972348,179.94121910821724,1.1051060096437164,0.8778795690842593,1.0,Accretion / Land Gain,3.1831060498735098
2857,149.88534336502468,91.53290841038772,87.79620810215849,-14.58810873865924,-15.522283815716548,472611.6647380608,1482205.3481554475,179.94134003064352,1.0219595249066589,0.950912660513928,1.0,Severe Erosion,-21.470617111168355
2858,290.10321212869394,16.362727413561718,14.049896486115838,-68.43512117878305,-69.01332891064453,472612.21012555045,1482347.3953554775,-146.37402017579677,0.884840524858684,1.0752654064703675,4.962071079768675,Severe Erosion,-72.13505585921065
2859,321.17815711078254,291.37462982177254,139.58916555753697,-7.450881822252498,-45.39724788831139,472531.4245136093,1482347.4781962682,-90.05882199967145,0.7723214071485428,1.034807717137686,7.329763604211958,Severe Erosion,-46.319874676590636
2860,208.2391542116028,208.23915508855995,204.50245665888275,2.192392898336948e-07,-0.9341743881800112,472495.09167453635,1482333.6301562218,179.94108425860077,1.1096996097142533,1.1157885519132933,1.0,Moderate Erosion,-3.957897710871075
2861,321.1782039053452,321.17825083704287,79.98188464292171,1.1732924420471136e-05,-60.29907981560586,472428.2057410157,1482347.5843928126,-90.05907198205935,0.469165304027561,1.053738488838504,8.67087595213801,Severe Erosion,-71.3269101011012
2862,23.1419924989536,52.94562660255309,50.178273063187774,7.450908525899873,6.759070141058544,472287.8131252561,1482347.7295346423,-90.05935322058471,0.934560144154592,0.9441421110782782,7.825940208384743,Accretion / Land Gain,11.244401125494205
2863,201.9637059764863,52.945568660780594,50.17821550030953,-37.254534328926425,-37.94637261904419,472177.19305894204,1482318.0406925746,-90.05963327183186,0.9912314728434417,0.957437433967147,7.474044201205569,Severe Erosion,-31.57199741265058
2864,172.16008359423603,172.16008359423603,169.3927303004737,0.0,-0.6918383234405852,472066.51073171303,1482228.7451003762,-90.0598484495881,0.89772851691889,1.028285178359807,8.087624260655783,Moderate Erosion,2.5657716332569436
2865,499.9999999999784,499.99999941947294,497.0700349806705,-1.4512636425934033e-07,-0.732491254826968,472057.2021352947,1482096.2774535387,-0.05984373382014781,1.0289293614355,0.833337225229081,1.0,Moderate Erosion,-6.420919606951051
2866,231.76739768975568,261.57102404180137,258.80367041767613,7.450906588011421,6.759068181980112,472108.329188924,1482020.0759907684,-90.05971522080613,0.7697764871553668,1.1514194989568765,7.665647552802787,Accretion / Land Gain,5.751610512242522
2867,112.55299183070748,142.35660397928865,138.45729045957722,7.450903037145292,6.476074657217435,472174.8268136269,1481990.2031155238,89.94041091097826,1.5990215863848671,1.0525242877253593,7.56164734906623,Accretion / Land Gain,6.443468081070145
2868,499.9999999999982,499.9999999999982,497.0700388379,0.0,-0.7324902905245523,472144.50267637084,1481876.7345710893,-0.05964803278577052,1.289402736683726,1.1139800625693308,1.1156778772615854,Moderate Erosion,2.2614816572849987
2869,172.1603446572309,201.9638829161884,198.06457038595812,7.450884564739375,6.476056432181814,472309.00950026256,1481900.6530093378,89.94063311902966,1.7002508585873868,0.8896573655741029,7.899374945519835,Accretion / Land Gain,9.817758875772217
2870,208.23388809134903,208.23388809134903,204.4971823772224,0.0,-0.9341764285316644,472377.89084984316,1481852.829286561,179.9408529525209,1.0902868543984232,1.1150941861393697,1.0,Moderate Erosion,-4.605045422424143
2871,149.88155559696884,149.88155559696884,146.95159369023503,0.0,-0.7324904766834521,472494.67106536205,1481924.5273312076,-0.058898889365998075,1.2118881417163727,1.1949133535560756,1.0,Moderate Erosion,-0.32251269461565
2872,23.14237185228167,52.945968888293024,49.04665670346059,7.4508992590028384,6.47607121279473,472581.07791878865,1481810.9619417859,89.94126136336484,1.6685918504924286,0.9093535177721966,8.244424158047082,Accretion / Land Gain,8.762473235870935
2873,62.34780053553377,91.52461826415478,88.59466019189067,7.294204432155253,6.561714914089224,472581.9402430946,1481670.320815812,-0.05870276478296886,1.41796352578352,1.0750368275930953,1.0,Accretion / Land Gain,13.840826524823058
2874,237.40785816118685,354.11548252291084,351.185525663206,29.176906090431,28.444416875504796,472465.14736597514,1481587.148089487,-0.05894914531083343,1.3052644383755503,1.0124071810700412,1.0,Accretion / Land Gain,31.966949574628412
2875,441.6461831498417,441.6461831498417,116.96352103593276,0.0,-81.17066552847723,472406.78811982984,1481581.9010922005,179.94092650716073,1.3187709138135408,0.888700158417133,1.0,Severe Erosion,-77.22538209159964
2876,380.7855608999549,321.1783362104299,318.41098203474183,-14.901806172381242,-15.59364471630326,472375.2808029527,1481691.9591064658,-90.05917127331922,0.8125742074970989,1.0530170224489295,7.901228402850323,Severe Erosion,-15.174511576656455
2877,350.9819749115292,261.57107094365097,258.8037165676586,-22.352725991969564,-23.04456458596765,472234.9497227317,1481751.7116411466,-90.05939225406955,1.011569086684431,1.0809966197626033,7.22960457454385,Severe Erosion,-15.99226885995013
2878,500.0000000000067,529.1768483823835,526.2468907489992,7.29421209559419,6.561722687248135,472144.2587264164,1481642.3830240536,-0.0596386145901314,1.261048063394738,0.9648966645207441,1.0,Accretion / Land Gain,8.610536667045622
2879,499.9999999998987,529.8035204822671,525.9042074280668,7.450880120592103,6.476051857042023,472274.78760424594,1481572.8486293375,89.94064600568252,1.4708365988468466,1.105418590317595,7.826399522571261,Accretion / Land Gain,2.1706123061741707
2880,410.58918385324574,470.1963847938645,19.24310720300532,14.901800235154695,-97.83651916256012,472385.2843521175,1481483.323441805,89.94086812035141,1.8105052824950112,0.8777196385539632,8.598224434117624,Severe Erosion,-90.81966931193416
2881,499.99999999997294,499.99999999997294,497.0700460413213,0.0,-0.7324884896629129,472435.7696816216,1481392.2047415834,-0.05900287304805569,1.304273573192529,0.8903751008953473,1.0,Moderate Erosion,2.757027873032225
2882,499.999999999983,558.3543410864626,555.4243878875159,14.588585271619891,13.856096971883218,472523.2467152259,1481339.253374801,-0.058814926019673856,1.1331327912594948,1.0202405989303711,1.0,Accretion / Land Gain,11.640876866240806
2883,500.0000000000627,500.0000000000627,168.26119373367396,0.0,-82.93470156659718,472628.64908993244,1481244.6445485433,89.9414082925503,1.5280758457405312,1.010194125357138,8.413271762753615,Severe Erosion,-85.3321664035934
2884,500.00000000002166,500.00000000002166,292.82814686196593,0.0,-51.79296328451393,472698.08023103565,1481114.1379413847,-0.05842981053761867,1.244078414811739,0.9492496285859446,1.0,Severe Erosion,-50.31008555881012
2885,380.7856579315817,23.142692596976016,19.24338022841323,-89.41074133365142,-90.38556942579211,472790.03769008844,1481065.6583902356,89.94178988954775,1.669477512855989,1.0707526237200062,7.253315636595453,Severe Erosion,-88.06964544945419
2886,499.9999999999729,499.9999999999729,59.40659634951126,0.0,-110.1483509126154,472785.47402597795,1480977.8985382407,-0.0582378814554629,1.2291872628023768,1.047386940885004,1.0,Severe Erosion,-109.16188958445937
2887,499.99999999997976,499.9999986025877,263.6480751725519,-3.493480136285143e-07,-59.087981206856966,472814.4781361935,1480807.046578827,-0.05817084351437435,1.2462901919870055,1.0714810543519369,1.0,Severe Erosion,-57.53143783964254
2888,499.9999999999764,499.99999985981214,205.2916933010677,-3.504106871332624e-08,-73.67707667472718,472931.10485725495,1480723.6396026048,-0.05791538830523875,1.454589280569911,0.9919595149508448,1.0,Severe Erosion,-65.17728980184528
2889,500.0000000000152,412.4659348938941,409.5359934721239,-21.883516276530276,-22.61600163197282,472901.7541929643,1480552.847082092,-0.05797323483440284,1.3603267433739354,1.0479264302796105,1.0,Severe Erosion,-17.258285870798392
2890,274.8925890161641,146.25985687756156,142.3158291632021,-32.158183034650634,-33.1441899632405,472988.5225768839,1480499.1891498994,67.88036766915668,1.5991552041642012,0.9634104807859541,7.868623727460397,Severe Erosion,-32.19101200691538
2891,441.6438344693208,820.9589501730622,116.9482409516787,94.82877892593535,-81.17389837941052,473076.7608623718,1480491.64006527,179.94240357969002,1.3415986859161095,1.163275468188805,1.0,Severe Erosion,-76.4673454755731
2895,3.966738735894239,33.14516981854271,30.215234072492063,7.294607770662118,6.562123834149457,473251.51523301675,1480176.9890311328,-0.057208900261584546,1.044722021068829,0.9301034654808592,1.0,Accretion / Land Gain,1.3995043165117593
2896,142.3574146675087,172.1609565526176,168.26164449506328,7.450885471277225,6.476057456888647,473385.9396389548,1480111.3448424824,89.94307473949266,1.6596888600703843,1.1627235943932537,8.280808181034192,Accretion / Land Gain,8.465692706622692
2897,380.7858532747923,768.231964619855,258.8042471320359,96.86152783626568,-30.495401535689098,473298.0666892876,1480022.0216655368,-90.05710907539635,1.0713961511586332,0.9959915271647855,8.079066252808365,Severe Erosion,-21.448869787023547
2898,291.37508263198777,857.6425917260559,288.6077245346487,141.56687727351704,-0.6918395243347675,473245.92380308075,1480111.4843007922,-90.05723726156906,0.7672933152828036,0.8842606445123018,6.991354087581989,Moderate Erosion,-1.7820690012966367
2899,82.75009344221051,947.0533663271444,20.375564966826197,216.07581822123348,-15.59363211884608,473105.5906694789,1480171.2319758665,-90.05752035437578,0.6728551122780212,1.104482691123668,8.1713371340909,Severe Erosion,-19.831801761941502
2900,266.5735322474532,645.8915616212787,0.2320695606969316,94.82950734345636,-66.58536567168908,473018.19531258376,1480283.8112908837,179.94228843024624,1.1025895694063914,1.0064919523185445,1.0,Severe Erosion,-69.84581011465438
2903,383.2870171559178,295.7522739411148,292.822335653352,-21.883685803700743,-22.61617037564146,472901.54572659085,1480346.8000729675,-0.057963499808825404,1.0361503829006093,1.0652832055146932,1.0,Severe Erosion,-28.0643355623534
2904,201.96427061697625,201.9642843798355,20.3754500338919,3.440714813507384e-06,-45.39720514577109,472905.55493946886,1480439.6658080688,-90.05799872132482,0.6822859187183906,1.0962411892475417,8.356676133676908,Severe Erosion,-49.321014686409605
2905,499.9999999999897,470.8218972217059,467.89195692555927,-7.29452569457095,-8.02701076860761,472784.96764748456,1480479.6300892886,-0.058218324692777296,1.144017344701081,1.0258591920247884,1.0,Severe Erosion,-9.879551261557754
2906,3.969554351943022,3.969554351943022,1.0396163144464667,0.0,-0.7324845093741388,472784.8237289556,1480337.9865488699,-0.05821257505790936,0.9887585467527921,0.9497058171883681,1.0,Moderate Erosion,-7.760319605267349
2907,62.3247255318411,62.3247255318411,59.39478873583192,0.0,-0.732484199002295,472784.73911086645,1480254.6998923542,-0.0582091266110133,1.2019363737967175,1.0741192978799436,1.0,Moderate Erosion,-0.6543925292542798
2908,179.03609166924224,208.2146334453044,205.2846991804709,7.29463544401554,6.562151877807168,472755.3870547454,1480083.9080451701,-0.05826808037875299,1.334934788197545,0.994022666426775,1.0,Accretion / Land Gain,11.073537746740405
2909,441.642845148093,412.4642683638497,408.7275354471771,-7.294644196060815,-8.228827425228971,472696.9898691664,1480044.572968199,179.94161115060837,1.0642442039747406,1.0483467400414805,1.0,Severe Erosion,-12.767608325963572
2910,499.9999999999915,470.1964360648229,466.2971240950543,-7.450890983792149,-8.425718976234293,472711.44691126514,1479933.2018946344,89.94164638879988,1.827892381093051,0.8198080778498917,7.6020533099486975,Severe Erosion,-0.8292993580254491
2911,208.2125851598764,208.2125851598764,30.210176742432893,0.0,-44.50060210436088,472813.55231593834,1479894.8495976417,-0.05813350423832994,1.2762129649269007,1.0273924288982728,1.0,Severe Erosion,-41.94664166172291
2912,470.1964423702938,23.14300187675089,20.375647057297545,-111.76336012338574,-112.45519882824908,472899.2821645916,1479783.9933758331,-90.05797350830893,0.9545872926030139,0.9391800409154066,7.715989727655274,Severe Erosion,-107.3022959001288
2913,499.9999999999927,470.1963832352334,466.2970715929941,-7.450904191189835,-8.425732101749645,472984.7058210412,1479783.9071813805,89.9422448577527,1.5013246137023841,1.1225306145378722,8.051995225924731,Severe Erosion,-11.71490487101033
2914,500.000000000075,619.2142052608435,615.3148935218574,29.803551315192134,28.828723380445595,473036.84733134677,1479694.4439097869,89.94237304392654,1.728178581741279,1.0390087416696991,7.574781444484243,Accretion / Land Gain,33.10134951577867
2915,179.03280870524517,179.0328085767807,175.2960721144268,-3.2116119541569794e-08,-0.9341841477045918,473134.42033801554,1479796.87575101,179.94255737241565,1.0366109400664598,1.009614445415752,1.0,Moderate Erosion,-6.393853649681157
2916,354.105533530964,354.105533757683,351.1756044159934,5.6679752447053033e-08,-0.7324822787426513,473192.72804954345,1479746.9015229486,-0.057316715918691384,1.3331369790285315,1.0287140429286317,1.0,Moderate Erosion,3.7187552254398923
2917,112.55386841863093,82.75032903336654,78.85101733304548,-7.450884846316097,-8.425712771396363,473340.120920525,1479753.7476913624,89.94296345537893,1.6257757027747528,0.9100184580711211,8.213734921495975,Severe Erosion,-7.566516072428707
2918,82.75077985815,82.75041395413677,78.85110285848761,-9.147600330550176e-05,-0.9749192499155974,473480.572868933,1479813.2153554747,89.94327316192172,1.6829874869499735,1.1204879045488967,7.29262990878989,Moderate Erosion,1.7913368500083209
2919,500.0000000000904,619.2142147661231,496.1006881768378,29.80355369150817,-0.97482795581314,473561.47641775495,1479932.3496637822,89.9434870723452,1.4236606145842876,1.1514056564867787,8.39806317462375,Moderate Erosion,-6.8528009839373984
2920,410.5893286384491,440.3929106433495,20.37579496907892,7.450895501225105,-97.55338341734254,473530.7942943363,1479962.1835187967,-90.0565764404409,0.665739718668084,1.0238966552752264,8.374943065509974,Severe Erosion,-102.02873262872556
2921,380.7857826364366,499.9999850161336,376.8864706243333,29.80355059492426,-0.9748280030258344,473549.3438745991,1480051.5759059123,89.94338900839,1.6895840374901758,1.1207966001312006,8.332060643981885,Moderate Erosion,2.0113130882410895
2922,500.00000000003007,500.00000000003007,525.9042368009669,0.0,6.476059200234218,473659.90393815143,1480021.6633911645,89.94370210334634,1.457747606272256,0.947664224438108,8.149133037580057,Accretion / Land Gain,1.7343191791132142
2923,324.9275709998105,295.7488305807888,292.8188990931666,-7.294685104755416,-8.027167976660976,473718.07873332605,1479879.9200617243,-0.056199842704187764,1.2690885949600659,0.9276807815112902,1.0,Severe Erosion,-5.711136516165361
2924,149.8536597253559,120.67479440368956,117.74486465094796,-7.294716330416584,-8.027198768601988,473747.14727038564,1479767.4279376145,-0.05613245791976533,0.994537450610476,0.9933365086682965,1.0,Severe Erosion,-14.862887800903216
2925,82.7505610030966,82.75055000417171,78.85123863921791,-2.749731223161689e-06,-0.974830590969674,473843.5532338823,1479663.8408274953,89.94412095956179,1.7272259416684372,1.0235791752517664,8.769401590410125,Moderate Erosion,3.2660404723636667
2926,500.0000000000179,558.3580048956305,555.4280770230057,14.589501223903156,13.857019255746948,474009.62360121595,1479629.782680053,-0.05556546190285153,1.0147335827412924,0.9568443290024624,1.0,Accretion / Land Gain,7.694402681904403
2927,23.14362269836115,23.14362269836115,19.244311537815832,0.0,-0.9748277901363293,474124.2811001778,1479603.9612043048,89.9446534344234,1.6828448040285484,1.0310657412889352,8.431246425850311,Moderate Erosion,1.7866718982612868
2928,500.0000000000154,500.0000001941963,497.0700729859608,4.8545217623541255e-08,-0.7324817535136532,474184.6531167413,1479583.5087159607,-0.05519007479753396,1.2934593406986277,1.0123027462390723,1.0,Moderate Erosion,2.395672914716351
2929,142.35773575728234,291.3753190927866,138.4584242325437,37.25439583387606,-0.9748278811846588,474285.73819772503,1479484.5916861817,89.94518800369465,1.4954840441998078,0.9067043345565,7.94812711847344,Moderate Erosion,-4.458686973332533
2930,82.75079160680467,142.35781379251566,78.851469435621,14.901755546427747,-0.9748305427959174,474455.9061853763,1479454.6253942966,89.94540741028155,1.6873038034893655,1.0277017274271243,7.3853840923803125,Moderate Erosion,1.9353022926277168
2931,52.94729368494989,52.94729368494989,49.0479821391105,0.0,-0.9748278864598472,474596.35571711947,1479514.0989697555,89.94571714349193,1.639066159981172,1.0560159697996772,7.886080645816614,Moderate Erosion,0.3273834302079326
2932,82.75096952916796,82.75084953844531,78.85153885746772,-2.999768066302977e-05,-0.9748576679250612,474766.52390346176,1479484.1346924892,89.94590534730426,1.5191735432948876,1.0002807709997368,7.601090451288602,Moderate Erosion,-3.6690669488887524
2933,52.94765120191557,23.14382992435375,19.244519202541408,-7.450955319390455,-8.425782999843541,474877.1412083306,1479513.834338063,89.94637210823095,1.4487166221756407,1.0791422870570282,7.8144547239390585,Severe Erosion,-13.468556420224582
2934,441.6418829154432,470.8209413465612,87.75648496283104,7.294764607779498,-88.47134948815304,475030.82385091897,1479560.0512503516,179.94661951593326,0.90597881227651,0.8901094095119422,1.0,Severe Erosion,-98.28447794651593
2935,354.1045624592529,62.313647711481565,59.38372111613718,-72.94772868694284,-73.68021033577894,475118.3365128633,1479533.6069260947,-0.05319176332372795,1.2520761585863203,1.0246109002562729,1.0,Severe Erosion,-71.93196009928047
2936,499.999999999947,500.0000004622906,380.3532386066539,1.1558589108062733e-07,-29.91169034832328,475147.4113052422,1479421.1173874522,-0.05312465868728312,0.964908704265596,0.8921613426881211,1.0,Severe Erosion,-37.73570420513356
2937,201.9649582656888,201.9650786138041,198.06576829179056,3.0087028825676043e-05,-0.9747974934745612,475261.0302132616,1479394.263179255,89.9471872089507,1.6143014599889813,0.8963250372053533,8.038698568831222,Moderate Erosion,-0.4980764962680202
2938,172.16156919067876,172.16152809651854,168.26221772819025,-1.0273540056005004e-05,-0.9748378656221276,475401.47793055914,1479453.7409414104,89.94749700885322,1.5604825996481868,0.9357128801406327,7.354096696293953,Moderate Erosion,-2.292078946033373
2939,499.9999999999868,675.0752936370203,671.3385518633945,43.76882340925837,42.834637965851925,475526.73016981245,1479409.1192327396,179.94768516596935,1.3022366427055694,0.9102705454405409,1.0,Accretion / Land Gain,46.230351843042904
2940,237.3882101796652,237.3882101796652,233.6514702192225,0.0,-0.9341849901106868,475614.37009441236,1479521.5020331806,179.94786868068877,1.1550571202924607,0.9431855652369576,1.0,Moderate Erosion,-2.4444124875600077
2941,82.75094131583538,52.94749481125512,49.04818475507308,-7.450861626145064,-8.425689140190574,475733.27357130835,1479483.2421212432,89.94821329855864,1.5505826686595439,0.9694201635287555,7.681021485404108,Severe Erosion,-10.07292807192603
2942,142.35812371973176,619.2139939565357,198.0657852193814,119.21396755920097,13.926915374912411,475903.44318348326,1479453.284923067,89.94846382786481,1.7097804438318809,1.0531540655402913,8.429808679864701,Accretion / Land Gain,17.58626889635389
2943,142.35809151967737,499.99999999988734,49.04833005456132,89.41047712005249,-23.327440366279014,475925.9782398143,1479572.4787061182,89.94849093518903,1.6502585427214305,0.9619625681277165,8.090104655982275,Severe Erosion,-21.652150220858427
2944,499.9999999999957,559.6069652675916,555.707654499187,14.901741316898978,13.926913624797834,475948.5133944359,1479691.6725346304,89.94858044805586,1.647423232497544,0.8622774824015479,8.242701638485109,Accretion / Land Gain,15.507693410711726
2945,441.6419935759189,441.6419935759189,1.0269530635038304,0.0,-110.15376012810376,475993.76450140413,1479595.32720542,-0.05132191154925645,1.2700318439852105,1.079143042228233,1.0,Severe Erosion,-107.80742217906112
2946,500.000000000013,383.284030031018,379.54729136711705,-29.178992492248756,-30.11317715822399,476081.3077527723,1479602.2862604451,179.9488632073286,0.9700211836319482,0.9210563822845897,1.0,Severe Erosion,-37.79103777425952
2947,500.0000000000932,470.19650197672576,19.24486334727209,-7.450874505841867,-120.18878416320528,476162.34308526805,1479721.2849526478,89.94898495016282,1.7135181434425395,0.9847954553142791,7.770202146723335,Severe Erosion,-116.40484076327037
2948,52.94745003755489,82.750957805843,79.98360205101102,7.450876942072028,6.759038003364033,476124.7081370749,1479870.3359985014,-90.05105128187067,0.8918704778828473,1.0270546399238212,8.348677858623384,Accretion / Land Gain,9.821381973432045
2949,179.03620310232265,179.03620303445254,0.228334107692639,-1.696752605084839e-08,-44.7019672486575,476140.0440864291,1480027.1613779068,179.9489753685509,1.0478537497938023,1.0092326033621506,1.0,Severe Erosion,-49.78538289153999
2950,441.642981827113,3.965278326574351,1.0353437545168775,-109.41942587513464,-110.15190951814904,476081.70515848126,1480047.4983756726,-0.051150439714989386,1.1630308315615558,1.0810484882334215,1.0,Severe Erosion,-111.37231188652005
2951,470.1964988697002,350.9824783644699,258.80460073462325,-29.80350512630757,-52.84797453376923,475969.3402929855,1479959.8854305542,-90.05133509502026,0.7941040674070133,1.0307555169331417,8.556579975759217,Severe Erosion,-53.044510971907386
2952,3.966324939342659,3.966324939342659,0.2295938098948333,0.0,-0.9341827823619564,476023.39246499346,1480097.0521260158,179.94872324175554,1.1801834615964,0.9252191906847147,1.0,Moderate Erosion,-1.60666670437062
2953,120.68132199314068,120.68132235408665,116.94459247676508,9.023649027994909e-08,-0.9341823790939046,476140.1804142781,1480180.234348261,179.94896730105373,1.2504352703872896,1.1694320011073445,1.0,Moderate Erosion,0.7351174537487688
2954,350.9824469042082,321.1789322700899,79.98345565624437,-7.450878658529575,-67.74974781199096,476107.2731984375,1480347.2077901743,-90.05112984241758,1.014705176544542,1.0127449595358853,8.008485874936415,Severe Erosion,-60.592913902835036
2955,266.57557240887525,266.57557240887525,0.2364013817532844,0.0,-66.58479275678049,476082.07666131924,1480463.5736506886,179.94883490271988,1.3626222088673063,0.9868386728835298,1.0,Severe Erosion,-61.175959118416344
2956,499.99999999990274,529.8035110715716,525.9042003985599,7.45087776791722,6.476050099664278,476189.8245785706,1480496.1518940043,89.94902115551584,1.403166962654755,1.076139310893691,8.031030989183874,Accretion / Land Gain,-0.08504586749275411
2957,52.94744858871523,23.14400555596013,19.24469460462517,-7.450860758188775,-8.425688496022515,476300.3876499805,1480466.2503076661,89.94930304767243,1.693310341961538,1.018614785473054,8.558700939272013,Severe Erosion,-5.315338544492271
2958,142.3579934235203,23.143988387604853,19.244677636301404,-29.803501258978866,-30.778328946804724,476410.898057028,1480376.7422223801,89.94949329252741,1.7993398425189309,1.029499027696788,8.17798421792286,Severe Erosion,-24.133662349127675
2959,261.5720335238065,142.35804069478095,138.45873008813518,-29.80349820725639,-30.77832585891783,476491.57919168007,1480257.4572275737,89.94971570064828,1.6580211240577054,1.1954708237238516,8.012422289646073,Severe Erosion,-28.84428325547182
2960,237.3941356804873,499.99999999997135,234.46419971479563,65.65146607987101,-0.7324839914229102,476548.6201255324,1480114.5732849343,-0.050155012625629096,1.3632969157799346,0.9723298021034915,1.0,Moderate Erosion,4.722418134506924
2961,383.2863366091061,383.2863366091061,204.47912542455612,0.0,-44.70180279613749,476431.916409214,1480125.9876409178,179.94959587213674,1.502192454004851,0.9690590550791887,1.0,Severe Erosion,-34.640450567633664
2962,172.16144907135163,172.16144907135163,169.39409327140618,0.0,-0.6918389499863622,476303.842200738,1480138.4085717143,-90.05068594664736,0.9535565884324386,1.003958983410668,8.299903521067844,Moderate Erosion,4.4267087805485446
2963,499.9999999999279,52.94777298359335,49.04846270208131,-111.76305675408364,-112.73788432446165,476319.1316452787,1480048.9845157051,89.94937946044362,1.6373961332335567,1.079253692346756,8.243692410101847,Severe Erosion,-111.49134134625301
2964,499.9999999998903,142.3581174425525,138.45880665005458,-89.41047063933445,-90.38529833745892,476459.52449847735,1480048.8607905137,89.94962906927016,1.7567631165357913,0.8730081721466028,7.867250963732776,Severe Erosion,-85.15985596703516
2965,62.32064381644962,33.14201637254007,30.21208332265239,-7.294656860977387,-8.027140123449307,476548.465416779,1479937.8209174918,-0.050146591612800946,1.2213830857563108,0.8349189642717665,1.0,Severe Erosion,-7.302700957964851
2966,120.67506974700473,120.67507064648798,117.74514060372552,2.248708135255129e-07,-0.732482285819799,476548.2903721851,1479737.8209940933,-0.05014658827774892,1.2032353673078033,0.9427279594011916,1.0,Moderate Erosion,-0.6129670693950217
2967,499.9999999999842,3.959287088417847,1.029357410039708,-124.0101782278916,-124.74266064748612,476664.9850542897,1479714.0414776,-0.04989159333988306,1.1469395556578186,0.8586898436371583,1.0,Severe Erosion,-126.49973182605478
2968,499.9999999999808,33.13725255859973,30.20732363145528,-116.71568686034529,-117.44816909213138,476810.83248141163,1479659.8092811133,-0.04957818825751557,1.4341658828191024,0.9547475993774477,1.0,Severe Erosion,-109.63110229797084
2969,499.9999999999366,112.5548357685396,108.6555259329884,-96.86129105784926,-97.83611851673706,476892.81626499083,1479541.8241759008,89.95055049148728,1.4772355511353228,1.0274764127103968,7.135475466011515,Severe Erosion,-101.92826184644707
2970,499.9999999999786,231.76876287289468,227.86945296193392,-67.05780928177099,-68.03263675951118,476973.49967167614,1479422.5407862917,89.95077269950131,1.829855011064196,0.9145414993038942,8.193010531178045,Severe Erosion,-60.3707981361206
2971,62.31504333425235,879.3270529442188,321.1892664021116,204.25300240249163,64.71855576696481,476956.659505431,1479581.173581716,179.9507371378148,1.2753235381763166,0.8736166075272762,1.0,Accretion / Land Gain,67.21787638566667
2972,3.959129415670591,33.13800010547847,29.40126311606673,7.294717672451969,6.360533425099034,476927.57733726484,1479693.6619052347,179.950668909269,0.9904484697199006,0.9946990723654379,1.0,Accretion / Land Gain,-0.6359974489106728
2973,33.13944547962776,3.9606648054079647,0.223929082346721,-7.294695168554949,-8.22887909932026,476986.00552599493,1479775.6471275196,179.95079125240972,1.255490935772972,1.0591674162623128,1.0,Severe Erosion,-6.390632634363152
2974,441.6427946238219,412.464192491904,0.22708541396883,-7.294650532979475,-110.35392730246326,476956.973649229,1479946.4934550675,179.95072545511874,0.8853400250280921,0.8566724103736231,1.0,Severe Erosion,-120.85405984072138
2975,142.3581631416585,231.7686080653264,49.048423874448495,22.352611230916963,-23.3274348168025,476938.41236395057,1480048.4443212638,89.9508146678276,1.693826055138761,1.059144360077052,8.569578590498576,Severe Erosion,-20.199894732647323
2976,440.3930181393085,619.2139342013816,616.4465778153784,44.70522901551827,44.01338991901749,477068.6941308894,1479988.7254775632,-90.04905858676,0.9327848690756262,1.0581749867727042,8.565504926770954,Accretion / Land Gain,48.439547333962444
2977,33.14049092525139,33.14048939881306,30.21055769517401,-3.816095830444511e-07,-0.7324833075193453,477015.24132589524,1479842.0982624548,-0.04914829972686681,1.1108034868334749,1.0673103720650365,1.0,Moderate Erosion,-3.694263085779613
2978,500.0000000000247,500.0000179389338,257.6728647795284,4.484727270437361e-06,-60.58178380512408,477123.45873971155,1479809.8577102507,89.9510408245453,1.6185320083597028,1.0880643732742012,8.055724931619132,Severe Erosion,-59.96404532534617
2979,383.2849484354821,383.284946813525,87.76061750825797,-4.054892741578442e-07,-73.88108273180603,477219.45197777916,1479794.555596103,179.9512908569175,1.4934636689906278,1.166558319194573,1.0,Severe Erosion,-64.1102955630546
2980,149.85491094462395,3.9611029626408167,1.0311717913630476,-36.473451995495786,-37.205934788315226,477336.1727068365,1479801.2191748861,-0.0484581435454213,1.1237996927393321,0.9619920391783152,1.0,Severe Erosion,-39.73466830962491
2981,500.0000000000503,708.6243901724213,138.4590884614509,52.15609754309274,-90.38522788464984,477307.3077396446,1479630.8804621464,89.95154568509714,1.441163718904106,0.9971425495990354,7.870766842181108,Severe Erosion,-95.67976581993284
2982,500.0000000000092,589.4104045572,19.24524735766164,22.35260113929769,-120.18868816058688,477417.82183860394,1479541.376683049,89.95173570316197,1.8222493684516545,0.9539558312203336,8.534225343859998,Severe Erosion,-112.78037114827389
2983,410.5895839847378,410.5895745204015,109.7874091233164,-2.3660840753336743e-06,-75.20054371535537,477435.36001978954,1479630.7723419617,-90.04823597555531,1.0943882203308497,0.9885336352890627,8.390077381649293,Severe Erosion,-65.38760776270139
2984,441.64234338142967,470.8211712524737,58.58088808966808,7.294706967761002,-95.7653638229404,477452.82903846237,1479731.4264349507,179.9517914085771,1.2008909101966974,1.112248129615025,1.0,Severe Erosion,-95.74688546370116
2985,23.1445451342834,201.9653513488013,19.24523663066448,44.70520155362948,-0.9748271259047314,477515.03564887843,1479690.3123368672,89.95198046948057,1.7517193148293042,0.8815095871986722,7.3976642282287655,Moderate Erosion,4.08248805113705
2986,295.7470053429381,500.00000000000176,30.206049608912306,51.06324866426591,-66.38523893350646,477598.5915461762,1479573.8955280273,-0.04789239157276751,1.4008870354007275,0.9187888255836255,1.0,Severe Erosion,-59.67785935585205
2987,295.7461581173641,324.9252796502355,321.9953534362233,7.294780383217855,6.56229882971482,477686.0348744106,1479461.3596076425,-0.04770099946706518,1.0882943493588355,1.0964560494959505,1.0,Accretion / Land Gain,2.8498776670228994
2988,291.3757674152211,291.3757435361019,109.78758257242664,-5.969779806491715e-06,-45.39704621069862,477525.47330690577,1479481.6792832213,-90.0480128737507,0.7272042651378228,1.068135783283888,8.132412752266825,Severe Erosion,-47.82357538753796
2989,231.7688487570171,500.0000112255583,108.65571043980908,67.0577906171353,-30.77828457930201,477548.6372971418,1479392.2493979917,89.95198996771573,1.78463103654683,0.9563760960529687,7.676258517554442,Severe Erosion,-24.623912013528336
2990,470.8207108610612,470.8207108610612,467.0839680990306,0.0,-0.9341856905076328,477656.7255557286,1479305.177235859,179.95224182102416,1.453085556754822,1.0527010369036514,1.0,Moderate Erosion,7.490885703034914
2991,500.00000000000153,499.9999995495322,497.0700769675909,-1.1261732879574993e-07,-0.7324807581026533,477656.65313146653,1479218.285599622,-0.04775535084964625,1.2840987338216463,1.010569978684964,1.0,Moderate Erosion,2.0819235427691205
2992,23.14454687513772,23.144520793672708,20.37716439721869,-6.520366252260601e-06,-0.6918456194797571,477521.203366941,1479213.4515471095,-90.04800433601125,0.6680279873677515,1.1032347909341078,8.488719066129484,Moderate Erosion,-5.090917386990029
2993,201.96555102207927,201.9654402407548,198.0661301294724,-2.76953311342254e-05,-0.974855223151728,477581.0369109394,1479153.7945099496,89.95215346542619,1.8980590272833486,0.9884343401108812,7.840089005991426,Moderate Erosion,8.960450335345477
2994,500.0000000000271,500.0000004964804,176.0949110732836,1.2411332761530502e-07,-80.97627223168587,477627.34039005457,1479058.4977387239,-0.04781204344050253,1.1200205743348874,1.0633426600184566,1.0,Severe Erosion,-83.6311267207457
2995,499.9999999999897,500.00000001780126,59.3738610684853,4.4528860598802575e-09,-110.1565347328761,477598.01811693533,1478887.7017800845,-0.047871087244812746,1.1493951296275926,1.190533769257869,1.0,Severe Erosion,-111.83222363873335
2996,231.7689665653305,201.9655215261528,78.85261293849777,-7.450861259794422,-38.22908840670818,477561.1282718872,1478825.9730331267,89.95200799035014,1.6513505348524733,1.0262542732021023,7.573023620396402,Severe Erosion,-36.51739923426007
2997,261.5712390366772,231.7677947455904,49.04791386291096,-7.450861072771694,-53.13083129344156,477731.3496934191,1478855.6357695258,89.95266172772531,1.8331239265830561,0.9827209455671965,7.496371304937526,Severe Erosion,-45.36002918986769
2998,321.1780964765157,261.57115576960825,257.67184608950794,-14.90173517672686,-15.876562596751938,477931.3496251571,1478855.470527833,89.95266174106554,1.7280962599587504,1.0365683993264956,7.5978712191194475,Severe Erosion,-11.60668271399082
2999,295.7416767808943,295.7416767808943,58.56687103975833,0.0,-59.29370143528399,478123.23381799797,1478863.4343627407,179.95325360984015,1.2625561763867645,0.9496490560094792,1.0,Severe Erosion,-57.219373933474444
3000,383.2814275119796,383.2814275119796,117.73469355565985,0.0,-66.38668348907994,478152.5029732686,1478973.132434561,-0.04668680607769963,1.2691673441604656,1.1712705511490886,1.0,Severe Erosion,-64.07024083848941
3001,470.1965557396406,470.1965557396406,467.4291989786375,0.0,-0.691839190250775,478040.5207007066,1478944.7899737419,-90.04687341904761,0.8065273341525598,0.9942871068854437,7.681710257470955,Moderate Erosion,-0.4742658470334446
3002,208.20414569263568,179.0245629976452,175.28781616716716,-7.294895673747618,-8.229082381367128,478152.5437880149,1479023.2204535315,179.95331134630217,1.2840468754338437,0.9590198787451967,1.0,Severe Erosion,-5.438384808774597
3003,354.1025284524672,354.1025294014852,350.3657838143325,2.3725449693756678e-07,-0.9341861595336808,478269.3296001523,1479106.4073971466,179.95355710312637,0.8208902208961923,0.9150310410771352,1.0,Moderate Erosion,-13.581986548005196
3004,82.75178552431058,82.75178552431058,78.85247596718224,0.0,-0.9748273892820832,478303.42996653775,1479272.4139468214,89.95364652927502,1.555508750236644,1.0717207891006522,8.323341201808558,Moderate Erosion,-2.457864684631075
3005,324.9250858499154,179.02933673668173,175.29259591675685,-36.47393727830841,-37.40812248328963,478357.1203321665,1479418.7985654532,179.9537341278138,1.2365212869227984,1.0551301051678206,1.0,Severe Erosion,-36.20151280870573
3006,500.0000000000711,500.0000000000711,496.1006901826606,0.0,-0.9748274543526207,478405.636166602,1479570.3660235817,89.95382450111765,1.427347757557448,0.9478408340495518,8.605709696295678,Moderate Erosion,-6.729897872450156
3007,499.9999999999864,3.9597095140424976,0.222973007449831,-124.01007262148596,-124.94425674813417,478415.70676596387,1479702.0355902195,179.95385158509436,1.2582706743507712,1.0353715831060697,1.0,Severe Erosion,-123.01264015907637
3008,261.5723430144479,261.5723430144479,257.6730329895426,0.0,-0.974827506226319,478392.3276720178,1479808.8044835078,89.95384839344727,1.5693291870868478,0.8698884878848956,7.98749283903362,Moderate Erosion,-1.9971836111569266
3009,470.82130566194405,470.8213058952987,30.210907255256643,5.8338656572232146e-08,-110.15259960167184,478503.3531436999,1479838.930193935,-0.04596534376541334,1.463000456145538,1.0057421442772794,1.0,Severe Erosion,-101.37522111009439
3010,470.8211829795794,441.6423655076533,59.38776630667629,-7.294704367981524,-102.8583541682258,478474.08411608223,1479726.489898242,-0.04602500788827794,1.4356316436464216,1.0257778411840939,1.0,Severe Erosion,-94.99325554215152
3011,52.94807539990361,201.9653316090984,198.06602187825155,37.254314052298696,36.27948661958698,478637.13711191254,1479749.0014544055,89.95431812918613,1.530129037495126,1.126421542220231,8.254760688858202,Accretion / Land Gain,33.95045877399617
3012,383.2851633618639,733.4296940890273,729.6929592692325,87.53613268179085,86.60194897684214,478765.9465672546,1479820.1459298388,179.95459617933818,1.1776913216972336,0.9290473432238311,1.0,Accretion / Land Gain,85.84776041900867
3013,62.319531944138326,91.49823315653758,1.0321965257852224,7.294675303099813,-15.321833854588276,478882.6713353715,1479832.7018919399,-0.04515425187493873,1.1885926290447755,0.8885994834503977,1.0,Severe Erosion,-15.691571682630238
3014,499.9999999999972,3.95952181370604,1.0295919111941858,-124.0101195465728,-124.74260202220076,478940.9173931463,1479691.0135160547,-0.04502501518427081,1.1319367447041184,0.9174851658346093,1.0,Severe Erosion,-127.00089940299887
3015,500.0000000000192,499.9999928505447,409.5330584975413,-1.7873686317670945e-06,-22.616735375619484,478999.1640834968,1479549.3255940268,-0.04489137288706189,1.2289403467312359,0.8804436738918394,1.0,Severe Erosion,-21.64161045547885
3016,62.31165203247536,179.02855130744172,30.202501710751264,29.179224818741588,-8.027287580431024,478999.0073830647,1479349.3256554143,-0.04489137288706189,1.0859442887938784,1.0918280029012932,1.0,Severe Erosion,-11.818697924868975
3017,23.144943655808408,142.35872250056914,139.5913651315194,29.803444711190185,29.11160536892775,478995.5326870622,1479152.648917161,-90.0449154619845,0.6304078226663234,1.1063505175639923,7.365122313989567,Accretion / Land Gain,23.45852869424012
3018,500.0000000000249,142.3587126403836,139.59135590657166,-89.41032183991032,-90.10216102336332,478885.0132071681,1479242.1461120404,-90.04510522657614,0.8934068075327326,1.0091856168420168,7.9170710826428525,Severe Erosion,-86.98860490386198
3019,62.31049355377069,33.1311897625868,30.201266062951262,-7.294825947795973,-8.027306872704857,478765.51938758383,1479280.9786589008,-0.04538721542621754,1.294112575127411,1.081752833848426,1.0,Severe Erosion,-4.879658951595803
3020,208.20644938630585,208.20645226549053,204.4697085987568,7.197961693350408e-07,-0.9341851968872704,478707.11807622743,1479227.2243344414,179.95448984780015,1.0796703568171804,0.9941001185855315,1.0,Moderate Erosion,-4.955763995187232
3021,91.49028355419271,91.49028965854852,87.75354726963079,1.5260889512092035e-06,-0.934184071140482,478590.4671996657,1479310.600039283,179.9542376643294,1.3346227959527641,0.9768070859220307,1.0,Moderate Erosion,3.542593082672516
3022,33.13421428929565,33.13422587896854,29.39748566327084,2.897418223568593e-06,-0.9341821565062016,478532.22212553624,1479452.2882118027,179.95410975165402,1.105583714962225,0.9595263693453162,1.0,Moderate Erosion,-4.0920708023328585
3023,354.10395756928017,354.1039579056041,351.1740329059812,8.408098040035838e-08,-0.732481165824737,478473.7960440465,1479367.824718276,-0.04601318178544174,1.2376535531316366,0.9602930946039033,1.0,Moderate Erosion,0.533345024365169
3024,354.1033435175921,354.1033440978063,351.17342079491755,1.4505354783977964e-07,-0.7324806806686439,478444.52640970546,1479255.3861031602,-0.04607145185561168,1.322729962516107,0.8599081599148857,1.0,Moderate Erosion,3.369239382393636
3025,324.92289123737714,324.92289140501515,321.9929706920025,4.1909501646841825e-08,-0.7324801363436677,478415.2095525168,1479084.589046064,-0.04613017215817023,1.1946360659737676,1.0027560216857654,1.0,Moderate Erosion,-0.9005429598622328
3026,208.2029562555473,208.2029562555473,205.2730381248885,0.0,-0.7324795326646978,478444.25172335684,1478913.7451966929,-0.04606325429193745,1.2678895546751812,0.9762693974537697,1.0,Moderate Erosion,1.5412250280409743
3027,500.0000000000963,500.0000000000963,497.2326431069632,0.0,-0.6918392232832815,478332.7251167146,1478884.9453444423,-90.0462792057337,0.7225356839006356,1.038767454013613,8.2234755034933,Moderate Erosion,-3.27398744272114
3028,231.7690007166172,231.7690007166172,229.0016436173065,0.0,-0.6918392748276645,478222.0630468574,1478795.624643778,-90.04652585301686,0.7705301443641022,0.985511289915951,7.838141954417285,Moderate Erosion,-1.6741721919681503
3029,120.66025836436,120.66025836436,117.7303440602292,0.0,-0.7324785760326975,478152.25223339745,1478665.3861638724,-0.04667849845715659,1.168795208008812,0.9633948147333038,1.0,Moderate Erosion,-1.7617757304343993
3030,23.14494384232214,23.14494384232214,20.377586760735497,0.0,-0.6918392703966605,478177.01657415164,1478557.2336787796,-90.04667434297936,0.688013380740419,0.9053709480949096,7.642888022660444,Moderate Erosion,-4.424731003097855
3031,201.9656784788256,321.17939551476775,317.2800867008527,29.80342925898554,28.82860205550677,478149.6405319602,1478438.0421992785,89.95332933892072,1.5734837428321164,0.9793558275915695,8.693614127758725,Accretion / Land Gain,27.94473123992786
3032,112.5553865879727,201.9657016444308,198.0663923276497,22.352578764114515,21.37775143491925,478201.94259621773,1478527.4099731303,89.95345125516971,1.3677071231623148,1.0337544235367102,8.15368104849732,Accretion / Land Gain,13.634659940600518
3033,470.19668814067234,917.2480538967068,138.45951953355993,111.7628414390086,-82.9342921517781,478312.4597851371,1478437.9100969348,89.95370335860193,1.526326807346575,0.8821148054430599,8.043101410538831,Severe Erosion,-85.39006088748862
3034,52.94864156685953,52.94864156685953,50.18128467809773,0.0,-0.691839222190449,478288.3371578356,1478408.1263060712,-90.04638922250813,0.7572688070994406,0.9802091616255573,7.900039883577357,Moderate Erosion,-2.1162166890388034
3035,266.55738393836344,266.55738366298283,59.36515962554926,-6.884515357796772e-08,-51.79805607820354,478210.3514991481,1478344.4838420253,-0.046542298170140266,1.1612481106236217,0.9910624867117849,1.0,Severe Erosion,-53.07895484068044
3036,266.5564082193089,266.5564087028401,1.0024241738790254,1.2088280243460758e-07,-66.38849601135746,478239.44058658154,1478232.0013789812,-0.04647766815083313,1.163450907819816,0.9135731548656982,1.0,Severe Erosion,-67.59598324071135
3037,354.09730557235946,237.375141796161,234.4452352243348,-29.180540944049618,-29.91301758700616,478239.37303497794,1478148.7233069576,-0.04647444982333644,1.1904109171895707,0.922952363554778,1.0,Severe Erosion,-30.221838586306802
3039,383.27822907439486,383.27822901415,116.91751076146966,-1.5061218050504976e-08,-66.5901795782313,478122.7227868824,1478236.9442844847,179.95327348676446,1.2722424402783241,0.9895287723824916,1.0,Severe Erosion,-64.19297198780097
3040,112.55532349457258,231.76908151217128,229.00172423467387,29.80343950439968,29.111600185025324,478004.6470873336,1478259.3400278748,-90.04700791512246,0.9311776957451792,0.8806851595778017,8.347516642816204,Accretion / Land Gain,33.48418555568794
3041,266.5578820195766,266.5578820195766,262.8211257946483,0.0,-0.9341890562320714,477947.7760784131,1478402.3982985057,179.95289348065825,1.1028640814803774,1.001133866777096,1.0,Moderate Erosion,-4.183015190473407
3042,470.8197544916569,470.8197544916569,176.08735779177667,0.0,-73.68309917497007,477976.9717425121,1478421.139969326,-0.04704418717443753,1.0191914413444836,0.9017448746588416,1.0,Severe Erosion,-79.69910345191579
3043,291.375934144803,410.5896785745185,198.0663364729661,29.803436107428865,-23.327399417959228,478104.54553498526,1478348.6686880975,89.95320746269218,1.4436932047690425,1.0574994453560957,7.755028175749814,Severe Erosion,-28.537621479174742
3044,324.91868772405803,470.819780545594,292.0017148955018,36.475273205384,-8.229243207139064,478093.7105074038,1478442.868305873,179.9532042210193,1.1272462579521392,1.1606698449016177,1.0,Severe Erosion,-10.6652578131137
3045,412.4598043168828,412.4598043168828,116.92242599283053,0.0,-73.88434458101307,478093.8261949031,1478584.508001038,179.95319959196374,1.1475385307757953,0.9065450339344264,1.0,Severe Erosion,-75.64395117009562
3046,62.298661293090255,179.01902855221198,176.08911574037268,29.180091814780432,28.447613611820607,478035.451968111,1478567.3233755718,-0.0469250890457898,1.0841729911847484,1.0179285019391286,1.0,Accretion / Land Gain,24.59763328083332
3047,295.7394331441851,295.7394331441851,0.201907722095612,0.0,-73.88438135552238,477977.0948735966,1478571.095633046,179.952950693517,1.0059109664491643,0.9170994333188701,1.0,Severe Erosion,-80.36496467677185
3048,321.17812424985857,321.17935511296594,318.411996315058,0.0003077157768416,-0.6915319837001448,477941.05679385335,1478676.6405709023,-90.04717678893869,0.7315820114731805,1.0598273334112773,7.887259348354985,Moderate Erosion,-2.972136121071086
3049,321.17794121848897,321.179019302271,169.39472766283689,0.0002695209455083,-37.94580338891302,477800.6637614061,1478676.7563818216,-90.04742615762946,0.827214130048651,0.8753317662293767,7.745246669686321,Severe Erosion,-37.03867028834316
3050,231.76800765358968,231.7689653913652,229.0016104478337,0.000239434443884,-0.6915993014389912,477689.99993252597,1478587.4378491677,-90.04767271153514,0.8892545583353625,1.0138889519778012,8.61701611534909,Moderate Erosion,2.2835480277388323
3051,172.16204743531412,172.16204743531412,169.39469025097122,0.0,-0.6918392960857247,477579.3854446628,1478557.7266359122,-90.04792110639177,0.7163866819404083,0.9052334040489993,7.432046336158496,Moderate Erosion,-3.4789545616273307
3052,499.99999999996857,499.99999999996857,20.377394386609318,0.0,-119.90565140333982,477438.9423719832,1478498.2374850044,-90.04819973018317,0.7380504682167667,0.9577737791892056,8.045787592761874,Severe Erosion,-121.97064051405698
3053,500.0000000001095,529.8034726903603,20.37739794468297,7.450868172562707,-119.90565051385664,477298.5493815226,1478498.3559709776,-90.0484490855374,0.660995396679435,0.8918519983476035,7.95658600284343,Severe Erosion,-124.53914205809319
3054,500.0000000000248,499.9999847857009,20.377390009911856,-3.803580966632581e-06,-119.90565249752824,477187.8839547496,1478409.0394743416,-90.0487266954744,0.7952842690938453,1.0390106642773622,8.330732559282408,Severe Erosion,-120.06284834940212
3055,500.0000000000107,500.0000009108445,497.0700923214504,2.277084547586128e-07,-0.7324769196400638,477159.81730797526,1478295.393814013,-0.04878613948603162,1.072395113407186,0.9048494022783526,1.0,Moderate Erosion,-4.9746200905941365
3056,208.19508548137267,645.9024391008545,642.9725317601517,109.42683840487048,108.69436156969476,477043.02449165273,1478212.2151604155,-0.04903157615337546,1.2856268670514324,1.014929015971014,1.0,Accretion / Land Gain,111.56000063590076
3057,295.7357120320366,91.47139986314144,88.5414943275287,-51.066078042223786,-51.79855442612697,477072.1088572087,1478099.7319109798,-0.048965858903960414,0.931778180067919,0.941842532942585,1.0,Severe Erosion,-60.727886885797524
3058,383.2775756760332,179.01331501291824,176.08340937348427,-51.066065165778745,-51.79854157563724,476984.57285040244,1478106.5624466676,-0.04915281872575766,1.1457123977648613,0.9602977093490978,1.0,Severe Erosion,-53.59668993789955
3059,499.9999999999201,500.00006231077833,497.2327055330544,1.5577714563619338e-05,-0.6918236167164338,476957.4336355316,1477991.988071578,-90.04921173246412,0.8451662484229173,0.9798478239744066,8.0318288677395,Moderate Erosion,0.8137130792422766
3060,295.7357308409182,266.5551225217559,204.45714722648344,-7.295152079790583,-22.81964590360869,476867.84677926503,1478102.3831653614,179.95059887979372,1.2279200622863529,0.9084574423524915,1.0,Severe Erosion,-21.90047332199617
3061,237.37589326610703,149.83453278336958,146.09777391311798,-21.88534012068436,-22.819529838247263,476809.6080164899,1478244.072358172,179.95046934293998,1.604300838772555,0.9879980558350723,1.0,Severe Erosion,-9.35436151834478
3062,62.29174106049292,266.5556092081917,59.361834450489226,51.0659670369247,-0.7324766525009228,476721.99733077927,1478164.237939803,-0.049715665876490046,1.2521229229049928,1.0926009395842244,1.0,Moderate Erosion,1.016523470338615
3063,440.3930915041303,499.9999999999432,497.2326430007489,14.901727123953222,14.209887874154646,476604.6137481891,1478141.3106555927,-90.04999561702707,0.6493919627556972,0.9076409219816475,7.778919772846625,Accretion / Land Gain,9.189614889944593
3064,237.3751514525057,3.930807220462212,1.0009006888351362,-58.36108605801087,-59.09356269091764,476546.92482960084,1478176.6556406855,-0.050090589376268375,1.185330664697633,1.0640736970377513,1.0,Severe Erosion,-59.57088392636301
3065,201.96542596686447,112.55501393301162,109.78765808724484,-22.352603008463213,-23.044441969904906,476412.018203718,1478171.2828071604,-90.0503705438635,0.5335632045545795,1.0901097575109684,8.296047174151154,Severe Erosion,-31.925673637237164
3066,33.1115325248529,3.9310077126193614,0.1942478597357668,-7.295131203058384,-8.229321166279282,476284.3064288128,1478184.0653335177,179.9493490013899,1.1882636482374958,0.9051287994932372,1.0,Severe Erosion,-8.632319912763087
3067,33.11195987207197,383.277978239546,379.5412186658355,87.5415045918685,86.60731469844089,476342.6883459743,1478207.6848800196,179.9494721482812,1.0753943423547445,0.8543110735867641,1.0,Accretion / Land Gain,82.4420344134371
3068,231.76880713612707,231.76883864883555,258.8049487736363,7.878177122222496e-06,6.759035409377304,476372.185653131,1478320.335196788,-90.05046902135564,0.9373086965135675,0.9962752644628147,7.7496876789164215,Accretion / Land Gain,11.335986787178113
3069,261.5723289957998,321.1792446744209,257.6730191716543,14.90172891965527,-0.9748274560363795,476424.05810830847,1478409.699985635,89.94968380418617,1.5175688045695035,0.9294382454649431,8.091966653343851,Moderate Erosion,-3.7225288290140544
3070,499.99999999990905,82.75144573035844,79.98408934520951,-104.31213856738763,-105.00397766367487,476413.1370705655,1478469.316512584,-90.05038052234686,0.7824852672665092,1.1234609827866566,8.311115959635162,Severe Erosion,-105.58780724265111
3071,500.0000000000088,23.144388967940973,20.377032121741927,-119.21390275801696,-119.90574196956672,476390.81617972755,1478588.5500701044,-90.05050917541303,0.7046664792159083,0.978240445084945,7.707077071573789,Severe Erosion,-123.08353117658874
3072,441.6399308271066,441.6399312615689,176.08968014100964,1.0861558052965849e-07,-66.38756267152424,476255.5323496494,1478643.2154660164,-0.05072887547032681,1.460473548463154,0.9119595591708038,1.0,Severe Erosion,-57.69330591225758
3073,500.00000000002353,62.30056364763969,58.56381162559397,-109.42485908809596,-110.3590470936074,476226.4081540192,1478706.21619732,179.9492062677226,1.1521681921829117,0.885145813929125,1.0,Severe Erosion,-111.96526092419695
3074,499.9999999999804,237.38170274743268,0.2065004244313937,-65.65457431313692,-124.94837489388723,476168.17412410304,1478847.9081441099,179.94907755128955,1.475239062232348,1.0658711335350968,1.0,Severe Erosion,-115.78558967649123
3075,470.196528475872,82.75138022758553,78.85206913852572,-96.86128706207164,-97.83611483433656,476094.70265435876,1478946.4542162728,89.94891763542019,1.722122605343526,0.9342073597364917,7.919428860484928,Severe Erosion,-93.76535602374523
3076,500.0000000000257,619.2139303491642,79.98382547561445,29.803482587284638,-105.0040436311028,476044.42225134105,1479065.713069268,-90.0512423004599,0.8723101690715582,0.9848878751482664,8.152494662639834,Severe Erosion,-102.59370999442588
3077,499.9999999998924,678.8208939859136,497.2326436318575,44.7052234965053,-0.6918390920087347,475963.74307531625,1479184.9992633392,-90.05140226302085,0.8553101330691983,1.0593245073056312,7.983754287897181,Moderate Erosion,1.1518266445788639
3078,499.99999999998846,908.5130830739396,526.2495883038935,102.12827076848778,6.56239707597625,475876.63123373664,1479131.7483208717,-0.05155716296919709,1.2587096578822923,0.943459642146359,1.0,Accretion / Land Gain,8.531383567057507
3079,440.39302585207486,440.3930353189727,19.245030902729688,2.3667244590797054e-06,-105.28699873733628,475952.32810554997,1479065.795519518,89.94857061631475,1.3108489519566808,0.9777082873681141,8.103568948460724,Severe Erosion,-114.92536163406433
3080,470.8202459693666,441.6404921350789,176.09276549172765,-7.294938458571934,-73.68187011940975,475934.78834161407,1478906.7733823254,-0.05142531825362198,1.1578084744766246,0.9780840967029977,1.0,Severe Erosion,-75.07628709016353
3081,295.7422845094807,33.12525760187924,29.388509604452075,-65.65425672690037,-66.58844372625717,475847.3147783606,1478979.7466422452,179.94838659800413,1.327134025150108,1.034981164776307,1.0,Severe Erosion,-62.36265387033556
3082,82.75094147593144,82.75109875356115,79.98374363143532,3.931940742774032e-05,-0.691799461124031,475733.5357235499,1479065.992655339,-90.0517723607063,0.7926655857767985,1.0286445852120336,8.573450177568864,Moderate Erosion,-0.9362853784945587
3083,52.9475853503565,52.9475853503565,50.180229326802326,0.0,-0.6918390058885429,475593.142856571,1479066.1201264139,-90.05214652716063,0.5892216886462631,0.9637775206525901,7.25613147044409,Moderate Erosion,-7.717788239906418
3084,142.3580395739571,142.3580395739571,139.59068303344765,0.0,-0.6918391351273598,475482.5806169394,1479096.024512348,-90.05239700310833,0.7921394996754992,0.9868493560322017,7.726071810862047,Moderate Erosion,-0.9538613880147071
3085,231.76855694898936,231.76855694898936,229.00120080824047,0.0,-0.6918390351872219,475312.4114875592,1479125.9842611894,-90.05267866848871,1.0556159965035454,0.9523865374483964,7.962288990389604,Moderate Erosion,7.828688546090234
3086,82.75106044405956,112.55456874443276,109.7872128452705,7.450877075093299,6.759038100302735,475142.18755920586,1479096.33804959,-90.05305179441139,0.9870339287989081,0.86355232602063,8.164938958260375,Accretion / Land Gain,12.993496677976331
3087,33.125376313474625,470.82034000537845,1.0157891531873249,109.42374092297597,-8.027396790071824,475030.30984357337,1479008.237567694,-0.05336096065623006,1.190326868866757,1.0012767500899613,1.0,Severe Erosion,-8.337416836901983
3088,52.947631615165854,52.947631615165854,50.18027629920711,0.0,-0.6918388289896864,474891.177575818,1479066.7686360471,-90.05370551850383,0.9427175672792519,1.132770002233819,7.256679890299177,Moderate Erosion,4.065407556300746
3089,112.5542753931166,52.94731568971012,50.179959933171865,-14.90173992585162,-15.593578864986185,474721.00923978485,1479096.7317669662,-90.05404957609521,0.7450241249240056,0.9110686689009048,7.7969187890598475,Severe Erosion,-17.426113966826446
3090,52.94727559213178,52.94722955450791,50.179871764699165,-1.1509405966947384e-05,-0.6918509568581541,474580.5599285668,1479037.2575106728,-90.05432803983055,0.5444194417938294,0.9191862817357391,7.149263008523548,Moderate Erosion,-9.211208890991749
3091,295.7428221887464,295.7428221887464,292.0060751879256,0.0,-0.9341867502051996,474534.3168969104,1479073.0580306267,179.94557733799445,1.0617100435793134,0.9118144331525937,1.0,Moderate Erosion,-5.5565166908529715
3093,172.16121362824927,172.16087710096994,169.39352216573116,-8.4131819832578e-05,-0.6919228656295289,474395.42721149244,1479156.647815795,-90.05470652853144,0.758901220057653,1.0183877727624147,8.636314650227527,Moderate Erosion,7.12252097691146
3094,470.1965016066546,619.2140795820795,108.6550224511228,37.25439449385624,-90.38536978888294,474288.5269913798,1479156.7500980562,89.94504402270731,1.5634922190951261,0.9698271887056326,8.04825022438496,Severe Erosion,-91.75533519802946
3095,62.3090224078946,91.48842475783434,88.55850241978314,7.294850587484934,6.562370002972134,474242.7061408601,1479266.014255652,-0.05505333754872374,1.1546399258161344,0.9104223917281671,1.0,Accretion / Land Gain,5.345450106097044
3096,295.74314606185027,295.7431465824016,292.81322633083374,1.3013783473070364e-07,-0.7324799327541314,474242.57004975085,1479124.373216207,-0.05504898530215048,1.4852361740777165,0.989499030529676,1.0,Moderate Erosion,-2.231670914128534
3097,208.20450792677545,208.2045080047737,204.46776167148076,1.9499559300584224e-08,-0.9341865638236796,474155.02997826645,1479122.9395158193,179.9447655623028,1.444279446363904,0.8569213441006668,1.0,Moderate Erosion,8.586496384041356
3098,23.143575781020456,440.3929133059733,437.6255570280089,104.31233438123822,103.62049531174712,474018.7765443067,1479127.2066320574,-90.05551615978666,1.1328172227860633,0.9936181365884641,7.436411945906317,Accretion / Land Gain,111.75028988855743
3099,82.75058734427387,82.75057017556692,79.98321600248896,-4.292176736697684e-06,-0.6918428354462272,473908.2739149104,1479216.724598719,-90.05576891692577,0.776143407922497,1.052975323146394,8.109997129666628,Moderate Erosion,10.402058331794443
3100,499.9999999999871,499.9999999999871,496.2632559157143,0.0,-0.9341860210682,473775.85349175695,1479284.367407262,179.94394710982013,1.2447349962452017,0.8839952714147049,1.0,Moderate Erosion,-1.7294120730684566
3101,499.9999999999405,500.0000990661681,497.2327431562644,2.476655690486496e-05,-0.69181421091902,473687.2701093386,1479395.7620191574,-90.05652402671763,0.5725038122353008,0.862868629784168,8.518078936099467,Moderate Erosion,0.7863082328164555
3102,52.94725333360139,52.94724082127652,50.17988576073937,-3.128081216274836e-06,-0.6918418932155053,473487.2702066628,1479395.9593251653,-90.0565240133774,1.0215403585660687,1.1118275646396951,7.935171266218719,Moderate Erosion,-8.27505464031946
3103,112.55383791230189,112.55384660061443,109.78649127402106,2.17207813690834e-06,-0.6918366595702068,473317.04424874234,1479366.3243095658,-90.05695950485162,0.6248332649690427,0.9361650335773313,8.478067011419906,Moderate Erosion,6.692835471021166
3104,499.99999999998863,500.0000073385814,497.2326522407249,1.834648188037136e-06,-0.6918369398159285,473176.5919490136,1479306.8573781282,-90.057300294108,0.8325165345958967,1.0752455069713711,7.807910225716992,Moderate Erosion,-6.530734696155603
3105,3.948247931589251,3.948247931589251,1.0183272186576833,0.0,-0.7324801782328919,473221.33922467986,1479178.654925239,-0.057232825945928927,1.0350050604203296,0.9704618566479958,1.0,Moderate Erosion,0.3513976405802536
3106,440.39297858391774,768.231845609526,764.3325341205011,81.95971675640206,80.98488888414585,473281.1252087025,1479038.521004914,89.94292817049745,1.5116697775496224,0.9680879446462187,8.083735574142413,Accretion / Land Gain,75.49837624598163
3108,324.9217718503846,820.9768045337798,0.2083241676695437,124.01375817084882,-81.17836192067875,473191.97979409987,1478998.7379449173,179.94271160536815,1.0748105837197073,1.0156238456093127,1.0,Severe Erosion,-84.12269605437223
3109,499.9999999999363,470.1963844048256,288.60785733561306,-7.450903898777668,-52.8480356660808,473091.4988151724,1479038.7106560315,-90.05750834817786,0.7088189123853724,0.9103267737507376,7.82693216490646,Severe Erosion,-57.0343478213293
3110,149.84425525006418,383.28142745989845,146.91433609237927,58.35929305245857,-0.7324797894212267,472987.78523348534,1479061.765902794,-0.05772660418168371,1.1187285868722487,0.9919323927408845,1.0,Moderate Erosion,-3.771856092800316
3111,500.0000000000553,410.5893977996885,229.00079018831983,-22.352650550091692,-67.74980245293386,472929.80703771237,1478919.6592184822,-90.0578467361979,0.717759884626118,0.9490503647314883,7.629530617309127,Severe Erosion,-70.44541596867876
3112,142.35750489977937,142.35750489977937,139.5901499691322,0.0,-0.6918387326617932,472877.48700620333,1478830.301417627,-90.05793684938423,0.9250002912675784,0.8728206190657545,7.51622177840573,Moderate Erosion,-3.4331827072871786
3113,82.75042547021155,82.75042547021155,79.98307089428867,0.0,-0.69183864398072,472825.16710652574,1478740.9437459053,-90.05799574645575,0.6342707859571453,1.0043486706208486,8.497126659000266,Moderate Erosion,3.4748309149208154
3115,82.75044725482384,23.14335103287737,20.3759958958466,-14.901774055486618,-15.59361283974431,472662.2882245941,1478681.5022220735,-90.0584610266528,0.8330814222697435,0.9555468011151087,8.29086303120357,Severe Erosion,-21.11792680505691
3117,321.17877931745835,947.0532333322984,108.6546700420924,156.46861350371,-53.13102731884149,472600.1158680081,1478860.3869726507,89.94140731871421,1.7826936636892992,0.9662717005515024,8.026352460310203,Severe Erosion,-52.02832018377215
3118,380.7857911606973,857.6425197218516,108.65468834590064,119.2141821402886,-68.03277570369916,472710.61394753866,1478770.863672157,89.9417225347764,1.523020338410837,0.8809089526723175,8.666052814774439,Severe Erosion,-61.94297994217136
3119,142.35745897228844,23.143286367114325,20.37593154621879,-29.80354315129353,-30.49538185651741,472773.87802620133,1478830.406428142,-90.05815505536388,0.6923123724317022,1.105773428056878,7.892889671633211,Severe Erosion,-33.061363679084394
3121,201.96446598664852,201.9645136326705,199.19715909809267,1.1911505488626515e-05,-0.6918267221389698,472699.4338916301,1479039.1070184696,-90.05828784391487,0.7654215132088209,1.0511887333720367,8.52907714827842,Moderate Erosion,-4.281421175876979
3122,82.75044884789699,529.8035788688666,78.85109001022737,111.7632825052424,-0.974839709417406,472656.6251733197,1479098.7577686482,89.94155395441445,1.7769585731431439,1.0589237904739068,8.070225471751076,Moderate Erosion,-2.12746283531866
3123,82.75039515193602,410.5893292653855,19.243981421591467,81.95973352836238,-15.876603432586135,472767.30556699523,1479188.0558298714,89.94179994807371,1.6291159382801914,0.9584625867134685,7.590095572713198,Severe Erosion,-9.977977390782584
3124,499.9999999999295,499.9999999999295,497.23264483472616,0.0,-0.6918387913008388,472893.0492587951,1479187.9283555464,-90.05795058981089,0.7203180604064037,0.8445619521754568,8.739211984757471,Moderate Erosion,0.2786993634659497
3125,500.000000000076,499.9999996887813,497.23264428148974,-7.782367106301535e-08,-0.6918389296465648,472812.38426442805,1479307.2242911411,-90.05814227543304,0.8725817036314997,1.140607612752639,8.396280219583758,Moderate Erosion,-3.3479104026845574
3126,412.46186962921337,412.4618693776398,409.5319467077247,-6.289339182785625e-08,-0.7324807303721741,472667.064417105,1479312.3040020973,-0.0584229503294075,1.0342483084584246,0.9795493137144985,1.0,Moderate Erosion,1.6869025255680246
3127,112.55381346108356,231.76805944693788,109.78645853413806,29.80356149646358,-0.6918387317363752,472561.3107889726,1479218.069469896,-90.05860658179522,0.902204135822229,0.9233660500145296,8.29086431869784,Moderate Erosion,-6.203299480918492
3128,412.4613119348194,704.256918821743,1.0174439060180367,72.94890172173092,-102.86096700720032,472433.45823094744,1479145.97906271,-0.05891550127528962,1.2608797884366603,1.0157208306666623,1.0,Severe Erosion,-99.45416945498557
3129,440.392894354779,678.8213543975629,108.65458661175948,59.60711501069598,-82.93457693575488,472351.793946306,1479158.6775425572,89.94092800460045,1.55382851673665,1.0759037554616868,8.331655362173468,Severe Erosion,-80.89154039724603
3130,149.84626114279678,120.66678634541074,116.93004101762712,-7.294868699346509,-8.229055031292415,472491.89179642993,1479218.4972162007,179.9412057379815,1.0746225915422811,0.9814312884719573,1.0,Severe Erosion,-9.768097386986835
3131,295.7445113734251,324.9238651756338,321.1871215118235,7.294838450552177,6.360652534599595,472579.5452319855,1479330.8691889169,179.9413899430774,1.0674070369733533,1.0869529655383912,1.0,Accretion / Land Gain,2.16772354236344
3132,499.99999999998346,499.99999999998346,496.2632575280547,0.0,-0.9341856179821946,472579.6304290999,1479414.151909312,179.94138472705131,1.280631812182471,1.0723376201674806,1.0,Moderate Erosion,-5.367590229399481
3133,500.0000000000145,791.7911554742176,496.2632596629314,72.94778886855077,-0.9341850842707656,472579.7753366154,1479555.7935216113,179.94137951436028,1.3847563234953733,0.9013385977456703,1.0,Moderate Erosion,1.7399015974587853
3134,324.92502981933114,266.5667026036991,263.6367769893315,-14.589581803908004,-15.322063207499909,472521.37383903976,1479513.6182343697,-0.05874408611512673,1.1039937269300182,0.9330245586810435,1.0,Severe Erosion,-9.1771606950546
3135,441.6414934880046,441.6414934880046,30.20195592384636,0.0,-102.85988439103956,472404.57150908955,1479430.4550531255,-0.05898952615764676,1.268346181023221,1.0625022873215317,1.0,Severe Erosion,-106.04642312618353
3136,295.7455882192492,295.7455882192492,292.0088467009147,0.0,-0.9341853795836244,472375.4393268445,1479476.1407198098,179.94094692770295,0.8873582153546995,0.7694553673777005,1.0,Moderate Erosion,1.3577481381737968
3137,324.9255266441133,500.00000021888167,321.18878681015445,43.768618393692094,-0.9341849584897092,472404.73430909007,1479588.573087811,179.9410058081003,1.1127191974839286,0.9758977081802539,1.0,Moderate Erosion,-11.369320051500052
3138,499.9999999999746,499.9999995128926,262.83160029418195,-1.217704976852474e-07,-59.29209992644816,472317.31328125414,1479701.1262820163,179.9408116478637,1.1957543726453141,0.8747777539714238,1.0,Severe Erosion,-62.21518857973416
3139,112.55365493507976,112.55365493507976,108.65434324767334,0.0,-0.974827921851606,472404.1646691302,1479814.3022843457,89.94099589298156,1.4635472753485697,0.9525164711358007,7.838117415171566,Moderate Erosion,-1.1301225862061157
3140,208.21260169506672,208.21260169506672,204.4758665627385,0.0,-0.9341837830820552,472521.7666086274,1479896.6642329877,179.94124197668978,1.059934252097149,0.967750650428454,1.0,Moderate Erosion,-5.4826008679912235
3141,208.21413261981093,179.03554887738125,175.29881586113106,-7.294645935607427,-8.228829189669973,472463.5547248393,1480038.3667291994,179.94111252986258,1.1002441785541157,0.9647421664425104,1.0,Severe Erosion,-12.911361063617953
3142,499.9999999999055,499.9999475640885,497.23259276531815,-1.310895426342995e-05,-0.6918518086468453,472425.73239481275,1480142.119523499,-90.0589857375351,0.8438291212210648,0.9504974431724444,8.381499862882364,Moderate Erosion,-4.0307495909912765
3143,62.32340036107834,33.14496584160988,29.408234870384085,-7.294608629867115,-8.228791372673564,472317.80252119113,1480174.660318157,179.94079351183416,1.1723139864282976,0.9073070036349282,1.0,Severe Erosion,-6.767827731041699
3144,33.147434125346514,62.32571540596589,58.58898657407588,7.294570320154843,6.360388112182342,472317.94889223186,1480316.3035448128,179.9407894163865,0.8646786827821108,1.180171771485173,1.0,Accretion / Land Gain,5.423743020150469
3145,500.0000000000101,3.9712070970949993,0.2344799598705069,-124.0071982257288,-124.9413800100349,472230.5306631781,1480428.85929758,179.9405986612404,0.8823096766070291,1.1475971361638395,1.0,Severe Erosion,-136.13253617665976
3146,499.9999999999868,499.9999999999868,496.2632748399055,0.0,-0.9341812900203336,472230.67752222175,1480570.5030349384,179.94059103396935,1.109384976072081,0.9069710145029153,1.0,Moderate Erosion,-11.537682053195665
3147,321.17844793979214,321.17844793979214,318.4110936680601,0.0,-0.6918385679330044,472139.0107183624,1480619.2737994948,-90.05965983221077,0.8686532047527002,1.1271028202975808,8.17669992296644,Moderate Erosion,-3.7261644572188812
3148,62.32998883416963,704.2459603793267,30.22204306974426,160.47899288628926,-8.026986441106343,472026.45325117634,1480591.5267523634,-0.059846515256118095,0.7874564661723618,0.9682365138129725,1.0,Severe Erosion,-5.7385535108385834
3149,112.55317889359289,112.55314304394052,109.78578901180056,-8.962413090785049e-06,-0.6918474704480815,471888.0601124756,1480649.339665414,-90.06006678897744,0.7250406933903313,1.011236486359,7.939215154349687,Moderate Erosion,-14.429371684074255
3150,383.2875353854633,149.86257551505892,59.39826606600662,-58.35623996760109,-80.97231732986417,471851.27424871916,1480485.99239734,-0.06021868072888803,1.1206424158998152,0.9938388259796949,1.0,Severe Erosion,-83.47096821062232
3151,33.15007113813085,33.15007197038451,29.413345408032043,2.080634153855954e-07,-0.9341814325247012,471734.55425954185,1480478.9240009494,179.93953342462143,1.408672802984013,0.9460342002018072,1.0,Moderate Erosion,-3.5654207151118067
3153,237.39760720510665,558.3560948326631,292.0169662564401,80.23962190688911,13.654839762833369,471588.7435729521,1480554.3663783125,179.93921892891868,1.142671060088786,1.0784468080178524,1.0,Accretion / Land Gain,20.59652865387561
3154,62.33167015895454,558.3557868323018,29.41706290902291,124.0060291683368,-8.228651812482907,471530.53808638174,1480696.0723853314,179.93908867166826,1.2578735889234998,1.011544194032817,1.0,Severe Erosion,-10.153760871047226
3155,231.7673377107577,976.8575262347648,19.242851409351708,186.27254713100177,-53.13112157535149,471627.9840748859,1480798.6322718398,89.93942783010475,1.621188347485623,0.9646030065643038,8.328052967099294,Severe Erosion,-51.21617665164685
3156,237.3999437747765,3.9776306374006576,1.0476860255742118,-58.35557828434396,-59.08806443730057,471822.41900137055,1480792.8676000426,-0.06029063120869094,0.8799941200975174,0.8982895252262136,1.0,Severe Erosion,-58.381778736863254
3157,291.3748016336814,857.6432335634619,19.243174880081277,141.56710798244512,-68.03290668840003,471850.288463685,1480679.1829755753,89.93980717261861,1.7152308617582475,0.9297790578404146,7.680713154726476,Severe Erosion,-78.68573908743603
3158,500.0000000000156,383.2884933442462,379.5517701121016,-29.177876663942342,-30.11205747197849,471968.2123914199,1480701.5516513595,179.94002508178636,1.2327281796585574,0.8702298837806391,1.0,Severe Erosion,-26.2710213888198
3159,350.9820357473169,410.58921062833207,19.243248927007844,14.901793720253792,-82.93469670507726,472101.3637154922,1480768.331044885,89.94033427141181,1.6762400790636558,1.0033346986033005,7.4841956343597555,Severe Erosion,-81.85771417779581
3160,500.0000000000165,499.9999997758586,29.419733708618423,-5.603946817700489e-08,-117.64506657284952,472055.8893567265,1480838.8597740636,179.94020645875946,1.7893530935561075,0.9074852987657849,1.0,Severe Erosion,-115.10372337447657
3161,499.9999999999572,529.8035518544465,527.036197455503,7.450887963622321,6.7590493638864615,472022.6981482356,1480947.234794249,-90.05992255451304,0.4873832778339096,0.9832965551395848,8.131453235147966,Accretion / Land Gain,26.390237896068093
3162,500.0000000000398,440.3927487250251,437.6253943258461,-14.901812818753667,-15.59365141854842,471912.14028039895,1480977.1541612928,-90.06007983571317,1.0587047173727409,1.114514466543731,7.770467636264457,Severe Erosion,-26.01421611604136
3163,321.1783352066164,321.1783352066164,318.4109812827133,0.0,-0.6918384809757612,471801.6450589352,1481066.681175461,-90.0603331531619,0.7568830938568525,1.1019414947204609,8.313257827067153,Moderate Erosion,7.931644767829781
3164,499.9999999999808,587.5321067552422,496.2632837899447,21.883026688815363,-0.9341790525090232,471881.1716682444,1481170.9499624728,179.93981878528064,1.243519479721078,1.0046848539107807,1.0,Moderate Erosion,-2.371416649510801
3165,82.74961146331839,380.7855644634367,19.24301762161579,74.50898825002957,-15.876648460425647,471801.8816978655,1481215.6990517308,89.93966088375949,1.5931729413940687,1.000844573919045,8.563443361163467,Severe Erosion,-14.440003938410602
3166,500.0000000000894,500.0000259139216,348.21459970214187,6.478458047354252e-06,-37.94635007448689,471703.51636153506,1481275.4101320836,-90.06052885419872,0.7363647731982113,1.1589272152155519,7.949697016843335,Severe Erosion,-38.1739113009931
3167,62.34012710530047,3.985467103335496,1.0555161330872949,-14.588665000491243,-15.321152743053291,471618.6271199179,1481219.9375807017,-0.060746239765037686,1.1141009720867947,1.0495233859100792,1.0,Severe Erosion,-17.442334410043507
3168,172.16017991965782,172.16017991965782,50.178330947103525,0.0,-30.495462243138576,471512.04688170424,1481186.2022874933,-90.06096241137215,0.8494265367529161,0.9812280566289815,8.298405052853829,Severe Erosion,-33.34462688433237
3169,410.5891590043668,440.3927993810085,436.4934863903166,7.45091009416042,6.476081846487446,471572.6291863027,1481305.3524165417,89.93915769063535,1.3724237199735323,0.894819610037083,7.748979488388053,Accretion / Land Gain,8.12362552435249
3170,500.00000000001904,499.9999715448388,378.0182013433401,-7.113795064128681e-06,-30.49544966416974,471612.6660100069,1481394.72085967,-90.06078346565099,0.9125871002179566,1.0414959832108595,7.178600878743805,Severe Erosion,-38.08131814752814
3171,500.0000000000464,500.0000000000464,496.6066127703626,0.0,-0.8483468074209526,471531.4072503378,1481513.4223253326,-146.29963058395776,0.9156309226742099,1.0777713850154813,4.583100633725574,Moderate Erosion,2.904549030187875
3172,354.114372835846,295.7601154147818,59.41311470341138,-14.588564355266044,-73.67531453310865,471502.1117916946,1481402.1832525167,-0.061002058508292684,1.0300637245158195,0.95954455450676,1.0,Severe Erosion,-75.75628655753492
3173,266.5828241687058,237.4056798646701,175.31467994753376,-7.29428607600893,-22.817036055293016,471414.55757339735,1481380.8406651877,179.93881177537529,1.1329252456126904,1.0331138978998498,1.0,Severe Erosion,-28.467382750494806
3174,499.99999999992775,500.0000207907848,229.0000295814413,5.197714258997621e-06,-67.74999260462161,471376.5241976214,1481484.3832664415,-90.06128675216081,0.9885726113619902,0.9819876940043064,7.909384434394779,Severe Erosion,-70.00005689460068
3175,62.342378210417486,33.16519800382459,30.235244934322672,-7.294295051648223,-8.026783319023703,471356.1841169513,1481362.969170019,-0.06131373942758714,1.1192716863773766,0.9948781569502709,1.0,Severe Erosion,-1.7410372347108396
3176,499.9999999999218,499.99969047096073,199.19633807652897,-7.738224026354601e-05,-75.20091548084821,471243.2804567944,1481275.9005679297,-90.06146563118254,0.8537682729017944,0.8095174466653305,8.803384600985654,Severe Erosion,-77.87759091592932
3177,383.290443136709,208.22609090568645,205.29614081965445,-43.76608805775563,-44.49857557926363,471151.7330636191,1481167.4295773527,-0.06174178376101333,1.089925519761027,0.989481657510395,1.0,Severe Erosion,-42.70630748821553
3178,441.6452249790845,441.6452249790845,146.1346747719816,0.0,-73.87763755177573,471093.379551481,1481168.632961244,179.9381339320702,1.3141201840368715,1.084788356833226,1.0,Severe Erosion,-77.5324189303531
3179,499.9999999999525,499.9999999999525,139.58907867726188,0.0,-90.10273033067264,471030.6961889208,1481246.326137941,-90.06205768352955,0.9028263954443536,0.9576715415456419,7.770154564210183,Severe Erosion,-86.31312108105455
3180,62.34189992439872,62.341901093384,58.605187189463415,2.922463213650417e-07,-0.9341781837338256,470918.49492759036,1481334.151332294,179.93775065417927,1.4777259073256797,1.0134529601779239,1.0,Moderate Erosion,2.4933605102171947
3181,500.0000000000768,499.9999914682256,497.2326388991086,-2.132962805490024e-06,-0.6918402752420434,470809.71235452406,1481425.3881071936,-90.06243978748238,0.7736656456991298,0.9498821404712626,7.873154116490173,Moderate Erosion,8.551203891240014
3182,383.2917186207504,500.00000000002655,117.76809483942527,29.177070344819043,-66.38090594533128,470685.225065775,1481469.2738154193,-0.06275393968610056,1.2998601156548297,1.0397257286385828,1.0,Severe Erosion,-67.25872567282735
3183,266.58290057740294,208.22863162637464,0.25199760122416,-14.588567237757076,-66.5827257440447,470626.800929602,1481405.52274641,179.93712300344308,1.215149095088207,0.9927953402865387,1.0,Severe Erosion,-63.23945172025516
3193,441.6451630823534,675.064524947329,0.2472496942837816,58.3548404662439,-110.3494783470174,469809.5705759617,1481166.4158004108,179.93538503271859,1.3948318647538855,0.9320725107059014,1.0,Severe Erosion,-109.85914064932267
3194,112.55263418906452,112.55263418906452,19.24236467726351,0.0,-23.327567377950253,469781.7211318569,1481098.6885365173,89.93535699490762,1.492174887276652,1.1129915006653766,8.188000372857893,Severe Erosion,-16.848208468635182
3195,208.2237982027932,324.93428736514943,146.93860258380872,29.177622290589056,-15.321298904746122,469809.3657565558,1480984.785441583,-0.06460731666426407,1.3112997528685082,1.0793139373044214,1.0,Severe Erosion,-18.915460842789773
3196,291.3745025682967,261.5708953442456,78.84973858556125,-7.450901806012766,-53.13119099568386,469884.6680447584,1480860.1432240142,89.9355232941112,1.5707951523086385,0.9550859201657645,7.605418734883121,Severe Erosion,-49.406164431297455
3197,380.78542757070153,350.9817910090386,78.84977718269735,-7.450909140415732,-75.48391259700105,469995.15656413056,1480770.6082221952,89.9357456222451,1.590371521903529,1.0422077126334262,8.206725075725855,Severe Erosion,-76.45739907758445
3198,410.58905380747774,529.8036394737011,79.98165686230391,29.80364641655584,-82.65184923629346,469980.50018654607,1480681.2136561866,-90.0642817785701,0.8137631244120244,1.0442844629569656,8.86253481779635,Severe Erosion,-82.97279012183594
3199,291.37449237426745,529.8036075471857,288.6071391671473,59.60727879322957,-0.6918383017800238,469869.8777346321,1480651.5342282886,-90.06443657850203,0.8378363124227063,1.052312444401685,7.847717091307867,Moderate Erosion,-0.2330758795381595
3200,23.14166786215856,499.9999999999135,20.374314939454152,119.21458303443872,-0.691838230676102,469789.1595809683,1480711.2325212138,-90.06472004487286,0.7825658987209143,0.8661182266301435,7.849601464475093,Moderate Erosion,0.5693637514572849
3201,440.3927133814045,678.8218750684207,49.046098838757146,59.60729042175405,-97.83665363566185,469677.5011016981,1480651.7513612956,89.93512643585521,1.6322067210742912,1.0814595261285456,7.775559219581849,Severe Erosion,-98.41779885127164
3206,3.971600047888708,3.971600047888708,1.0416603551544208,0.0,-0.7324849231835718,469254.4577010797,1480520.6830605874,-0.06577158452687913,1.436258536453474,0.9537500088322001,1.0,Moderate Erosion,0.34108099266906
3209,208.21740687042032,908.495741309494,204.4806783855037,175.06958360976842,-0.9341821212291564,469166.7912038683,1480405.9922398624,179.93404506746145,1.3482779050328833,0.9692934344050429,1.0,Moderate Erosion,6.956408166581766
3210,82.74877978051103,82.74877978051103,79.9814269984647,0.0,-0.6918381955115827,469034.3892786941,1480473.6652044018,-90.0662078531443,0.930373455931367,1.2097801602902347,8.162008813205633,Moderate Erosion,4.23541023256451
3211,380.7853864160635,649.0182494480008,376.8860726917353,67.05821575798433,-0.9748284310820452,469118.259181894,1480562.9794154572,89.9339442654084,1.5316688052653515,1.0239939970165892,7.661773812836796,Moderate Erosion,3.3709445314024373
3213,3.975313293088296,3.975313293088296,0.2385895014906407,0.0,-0.934180947899414,469313.0307046755,1480709.7967427566,179.93434417527618,1.0670722397912549,0.9707353402447285,1.0,Moderate Erosion,-3.2118785780187675
3214,149.8663862984716,149.86638600586164,146.12966388314322,-7.315249206385489e-08,-0.9341806038320968,469342.3373732787,1480822.2295344742,179.93440271547857,1.3437530390737238,0.8265918646015074,1.0,Moderate Erosion,-5.3803847449737185
3216,149.86968596156927,149.86968588362927,146.1329675315021,-1.94850002799285e-08,-0.9341796075167964,469255.09580402536,1481076.4411389884,179.93420242872062,1.3318663724819606,1.1172975526384632,1.0,Moderate Erosion,3.842323183671968
3217,179.04892157323488,179.04892057666083,175.31220438994367,-2.4914351115512545e-07,-0.9341792958228012,469313.61318598874,1481218.0191813337,179.93432082986104,1.4213591283697875,0.9002227935009912,1.0,Moderate Erosion,3.4460546668261696
3218,499.9999999999853,976.8587591613392,466.2970547331066,119.21468979033848,-8.425736316719664,469394.05070696014,1481277.9510066267,89.93447500614135,1.5094026445281536,0.9282930165102399,8.586571724946191,Severe Erosion,-1.0623829379647542
3219,62.3386285032143,120.69348615980492,117.76353653566888,14.588714414147654,13.856227008113644,469488.62569791684,1481172.538177442,-0.065301244986546,1.1651118131023783,0.9807781461438342,1.0,Accretion / Land Gain,10.836323878267496
3220,149.8690626647567,120.69148044621885,1.0511972600162185,-7.294395554634466,-37.204466351185125,469488.46426722925,1481030.8933031706,-0.06529608899078675,0.953621523023233,1.1188744008912377,1.0,Severe Erosion,-38.35220962798686
3224,291.3744893825241,857.6438177816715,19.24242854923028,141.56733209978685,-68.03301520832345,469587.55821157014,1480681.6570168578,89.9349378718201,1.5411290761968834,1.06315612576628,8.107717317945223,Severe Erosion,-76.23043602095062
3225,410.5890265170464,440.3927061749386,437.6253529394521,7.450919914473047,6.759081605601423,469686.5778171433,1480770.9557405752,-90.06487868678992,0.9494858330286989,0.9897618946299155,8.45978981676851,Accretion / Land Gain,4.796726075297059
3226,500.0000000000922,649.0182633074373,527.0363261908091,37.25456582683629,6.759081547679216,469692.801169159,1480860.3597239745,-90.06488252877381,0.730025949587925,1.0281444699746671,7.37025818346412,Accretion / Land Gain,11.74193410057645
3227,52.94530037934583,380.7853994885488,78.84962923027095,81.96002477730075,6.47608221273128,469656.4371666562,1480979.6155559085,89.93504990300283,1.696071712273514,0.9569054786338207,8.16307075460268,Accretion / Land Gain,4.14360531659029
3228,440.392683175959,440.392683175959,50.17773118428479,0.0,-97.55373799791856,469559.9509401305,1481009.5287528604,-90.06513870105324,0.7714247926017117,1.0164733431059723,8.232394645957005,Severe Erosion,-94.35133902191444
3229,295.7576048357764,470.8225128350423,29.423567679736543,43.76622699981647,-66.58350928900997,469576.0856005119,1481108.8221336878,179.93488802274618,1.2490631214896177,1.0123777214862932,1.0,Severe Erosion,-67.53602481899902
3230,324.93583489235226,529.1773624665888,204.4896881617416,51.060381893559125,-30.111536682652662,469663.7454502314,1481221.1904317832,179.9350650975155,1.028299622569731,1.085379723218523,1.0,Severe Erosion,-28.49125154154486
3231,120.69717681310355,500.000000728139,146.13760062284297,94.82570597875886,6.3601059524348535,469663.97211574164,1481421.19030334,179.93506510085052,1.2132347484638832,1.0876815251913,1.0,Accretion / Land Gain,0.6216490033565165
3232,142.35608251253154,142.35608251253154,139.58872992992468,0.0,-0.6918381456517153,469558.9626062919,1481516.1925257,-90.06525425405498,0.35132986378422715,1.0509772392092547,7.875280582310877,Moderate Erosion,-0.26579089748220996
3233,500.00000000001006,441.6459976956286,0.2543689849461827,-14.58850057609537,-124.93640775376596,469401.5350412127,1481558.8957084545,179.93449395592663,1.172422894635688,0.9829885120595154,1.0,Severe Erosion,-139.89208760826958
3234,350.981758518639,350.981678999472,347.0823647280249,-1.9879791750554432e-05,-0.9748484476535282,469495.16201041854,1481665.283526463,89.93470805981822,1.3554287537236633,1.0726095528715045,8.454577035348622,Moderate Erosion,-1.9093292384634524
3235,291.3744502974282,291.3743707780284,168.26033485706384,-1.9879849958215345e-05,-30.778528860091093,469518.91515220393,1481724.8638208383,89.93473671461484,1.7808989179908734,1.006626523583325,8.041241980463901,Severe Erosion,-38.93089507866679
3236,201.96339678883123,201.9633172696645,78.8493722678279,-1.9879791686605582e-05,-30.778506130250832,469571.25232223514,1481814.215325418,89.93485781714887,1.7166108443856574,0.9285099034936484,7.819416673289642,Severe Erosion,-24.74853354751675
3237,499.9999999999349,499.9999999999349,497.2326474152736,0.0,-0.691838146165324,469530.32078303857,1481844.0655824577,-90.06523719191121,0.8700009065786038,0.9831602275019433,7.610863657292982,Moderate Erosion,3.195198617657232
3238,499.9999999999229,499.9999999999229,288.60696366881626,0.0,-52.84825908277666,469419.62995779014,1481754.780829101,-90.06551444174309,1.0281511955661273,1.0211075951660022,7.984969366409114,Severe Erosion,-50.51490417294625
3239,500.00000000000495,500.00000000000495,59.41705345689033,0.0,-110.14573663577866,469284.97686653514,1481689.5131624816,-0.06576109244226423,1.057203422943941,1.086373998100616,1.0,Severe Erosion,-102.54070549998175
3240,380.45849590521607,350.5731318064381,347.8073307716277,-7.471341024694496,-8.162791283397098,469314.9546965022,1481576.0784373363,-94.3032602686343,1.0632321335115078,0.9975021194622794,7.847776179100262,Severe Erosion,-12.907373887521285
3241,500.00000000009794,559.6073433309268,556.8399907678363,14.90183583270722,14.20999769193459,469263.93882390315,1481546.333288366,-90.06578647554969,0.9398289983073602,0.915088279109534,7.1209943245291365,Accretion / Land Gain,22.94681368151238
3242,208.230970130188,208.23096794320816,204.49425822680416,-5.46744949758704e-07,-0.934177975845948,469168.22451847495,1481650.6093055392,179.93399033920042,1.1649775411828447,1.017625629439917,1.0,Moderate Erosion,3.726779845455976
3243,383.2920023028928,383.292004166354,30.237992999351768,4.658652983380307e-07,-88.26350232588526,469080.59868986125,1481568.3387071977,-0.06619509989195627,1.3698808932035271,1.021167145814509,1.0,Severe Erosion,-89.44627876197998
3244,500.0000000000496,500.0000000000496,258.80317956517973,0.0,-60.29920510871747,469050.23616886104,1481635.9906548054,-90.06629010895402,0.6340562408590757,1.0277764688584392,7.848144846912848,Severe Erosion,-54.621104372802755
3245,500.0000000000142,529.1769552552367,1.0617184038364895,7.294238813805634,-124.73457039904444,468934.7633166129,1481611.175727047,-0.06650742784345548,1.0758585664379567,1.086198926227889,1.0,Severe Erosion,-130.26603796110263
3247,441.6456668944798,529.1771659122762,88.58965685903489,21.882874754449105,-88.26400250886122,468963.71469829156,1481416.634878383,-0.06643643785102028,1.1082477277844607,1.0917658718514578,1.0,Severe Erosion,-92.3865733164996
3248,112.55231857739172,112.55231857739172,108.65300477896577,0.0,-0.9748284496064876,469085.0426843751,1481337.9134893261,89.93381666618394,1.5206530769313313,0.9617596669908405,6.879230035023516,Moderate Erosion,-4.01777706580499
3249,500.0000000000179,500.00000031695896,1.054537219361765,7.92352636835858e-08,-124.73636569516404,469051.0197997163,1481220.7744689193,-0.06624121703986113,1.0410539027538335,0.9585815966331719,1.0,Severe Erosion,-127.38125423548412
3250,500.000000000014,499.99999990694,351.1827011304015,-2.326849823930388e-08,-37.204324717403125,469050.9235090215,1481137.4841046378,-0.06623794535038237,1.3830000320728562,0.9236438283981867,1.0,Severe Erosion,-42.487112931204386
3251,23.14141997326737,142.35604520049975,138.45673188756552,29.803656306808094,28.828827978574537,469094.8876352681,1481039.8652572283,89.93386095572139,1.5611715734425007,1.0615760502262188,8.199638872679087,Accretion / Land Gain,34.944243314051164
3252,112.55231457841032,142.35598649208544,139.588633977321,7.450917978418779,6.759079849727669,469071.10709768644,1480950.481642663,-90.06616635171329,0.8528760119756681,1.1204866120588655,8.051165546507107,Accretion / Land Gain,5.464807847878511
3253,500.0000000000102,558.355607119891,351.1810267099683,14.588901779970216,-37.20474332251047,469050.5672221486,1480829.2605695243,-0.06622290758498091,1.1139849720298427,0.9778947459516586,1.0,Severe Erosion,-35.44221848072607
3254,499.9999999999895,499.9999999463221,1.0452414242331658,-1.3416851629699522e-08,-124.73868964393908,469137.9709554176,1480716.6931501504,-0.06603234584723197,0.926448512280632,0.9824110359357254,1.0,Severe Erosion,-127.59044647600749
3255,499.999999999976,499.999999999976,79.98136655575061,0.0,-105.00465836105636,469002.22211643757,1480652.5244796164,-90.06634056167422,0.8405088718872084,1.1182830686693082,7.250698592702437,Severe Erosion,-114.10767486379895
3256,499.999999999942,499.999999999942,20.37402260918925,0.0,-119.9064943476882,468891.5294212391,1480563.2417942465,-90.0666175313676,0.5131620240590574,1.0402919686993193,7.819847316056853,Severe Erosion,-118.55620755573108
3257,499.999999999929,470.196333875839,20.3739454021256,-7.4509165310225,-119.90651364945086,468751.0673734406,1480503.797934645,-90.06686457894388,0.7897051654682423,1.034017849631859,8.16273360643466,Severe Erosion,-129.46778852654975
3258,499.9999999997865,261.4000339634764,109.5284895525596,-59.64999150907752,-97.61787761180672,468699.94843998406,1480414.413697226,-92.0140696876153,0.594999853421534,0.9027496606570965,8.401214746540978,Severe Erosion,-97.96104784223407
3259,500.0000000000151,587.5351631979656,205.28613999043972,21.883790799487628,-73.67846500239384,468612.2819957045,1480302.1168884272,-0.06713618253572778,1.4976227010188872,1.0509429081927666,1.0,Severe Erosion,-80.52004019655789
3260,412.4646637438155,529.1784440040826,30.214867144542943,29.178445065066786,-95.56244914981814,468699.7553365697,1480249.1571348812,-0.06694630114578938,1.3362370350817439,0.9216632203658943,1.0,Severe Erosion,-85.62606915366409
3261,208.2139785404768,208.2139786441446,146.9268329117863,2.5916946810866648e-08,-15.321786407172624,468699.5898427783,1480107.5142461404,-0.06694167542369142,1.215395727739868,0.9035310596347916,1.0,Severe Erosion,-10.764972796299016
3262,499.9999999999424,23.14138857410355,20.37403612594885,-119.21465285645972,-119.9064909684984,468580.1502422842,1480146.3537330346,-90.0671607452202,0.9895562764475457,0.9669886917453899,8.1449744566509,Severe Erosion,-119.377722012141
3263,500.0000000000447,500.0000000000447,497.2326482274185,0.0,-0.6918379431565427,468409.91903490137,1480116.7502182878,-90.0674090334399,0.6730528802150655,0.9475028784890475,7.796036882155227,Moderate Erosion,5.6266954451168
3264,470.196347708055,589.4110466465235,168.26050800038115,29.80367473461712,-75.48395992691846,468516.1935980845,1480027.2140766506,89.93265734750702,1.681521630510545,0.9755364431343864,8.072862725285463,Severe Erosion,-79.71553981424714
3265,470.82122647987705,558.3575485194923,87.76049765262108,21.88408050990381,-95.765182206814,468436.799883572,1479952.719081573,179.9325046919797,1.2304427710906642,0.8770684525284592,1.0,Severe Erosion,-93.04778531346354
3266,500.000000000034,470.19635264721137,139.58869901341583,-7.450911838205656,-90.10282524665452,468371.0131874032,1479967.7777243052,-90.06774556723295,0.8396032918060251,1.069237788751149,7.509188776965093,Severe Erosion,-89.10377307806095
3267,500.0000000000865,470.1963497021256,109.78497970151328,-7.450912574490232,-97.5537550746433,468230.691220345,1480027.5511083042,-90.06793543862082,0.9908533061914966,1.0834834715705615,7.728032017791639,Severe Erosion,-96.23365466797496
3268,500.0000000000892,499.99998604723737,20.373912293094005,-3.488212954039227e-06,-119.9065219267488,468090.2278119099,1479968.1106446332,-90.0682135555824,0.9098740988993399,0.8367491871327652,8.073979365289443,Severe Erosion,-113.54475442621495
3269,354.1055824141645,91.4955865045942,88.56565710392728,-65.65249897739257,-66.3849813275593,468174.0795122624,1479859.102498776,-0.06805284592008201,1.2428334510447971,1.0694698508896465,1.0,Severe Erosion,-62.72252081366029
3270,470.8210883903649,33.137344984792534,30.207416001162272,-109.42093585139308,-110.15341809730066,468057.33583754767,1479835.564237388,-0.06830039376199741,0.9512900579780635,0.9260607009712485,1.0,Severe Erosion,-108.70979978317554
3271,23.141287332089828,201.96331898196777,199.1959666247174,44.705507912469486,44.013669823156896,467963.0534775203,1479729.832919439,-90.06848350832925,0.6559933414386326,1.058156636762754,8.816047839787725,Accretion / Land Gain,35.739232642015416
3272,319.23055278084047,17.724265310378026,14.963501471983331,-75.37657186761561,-76.06676282721429,467998.70945636474,1479610.7082894202,-81.3679836713418,0.7861245928500018,0.9826519207721827,8.711150663682858,Severe Erosion,-80.8669943036116
3273,441.6415388038392,441.6415388038392,146.11253158184343,0.0,-73.88225180549894,467911.09227490553,1479544.187934576,179.93139917775173,1.2144847801141938,0.9896076985713906,1.0,Severe Erosion,-74.49579647347755
3274,208.2078563576399,237.3870741195676,30.202612702874312,7.294804440481919,-44.5013109136914,467823.57927873195,1479564.815092125,-0.06878796889903825,1.0299892107970585,0.9727527742073474,1.0,Severe Erosion,-44.03444904230814
3275,321.17801346367906,82.74862229206857,79.98126989725043,-59.60734779290262,-60.29918589160716,467667.03968956583,1479581.1700166317,-90.06900699201314,1.161751791452223,1.084733025956232,7.723168118224924,Severe Erosion,-65.95020451497678
3276,441.6415921969552,470.8207969058219,176.0987998552596,7.294801177216684,-66.3856980854239,467590.1605595841,1479577.351961135,-0.06928769698418143,1.4269753890285355,0.888548469838251,1.0,Severe Erosion,-54.32731470753179
3277,62.31301130730414,62.31301130730414,58.57627077827675,0.0,-0.9341851322568466,467561.05482086283,1479638.0639521454,179.93064855009018,1.2908019123974315,1.0370927771616518,1.0,Moderate Erosion,6.647785144011017
3278,91.49386369604032,91.49386369604032,87.75712485697046,0.0,-0.9341847097674644,467590.36994866177,1479750.4912312636,179.93070476576315,1.211289301071974,1.077959954823238,1.0,Moderate Erosion,2.076406892194953
3279,383.2839284346956,412.4629473190092,292.81693874262146,7.294754721078391,-22.616747423018538,467707.08050518204,1479745.860617691,-0.06904567865955345,1.1676866248607414,1.0471036045535382,1.0,Severe Erosion,-22.256563116599814
3280,291.3743384224947,291.3743384224947,198.06404827269657,0.0,-23.327572537449534,467801.96587573807,1479759.8296627656,89.93117199375718,1.4572119423842174,1.1759446880507023,7.755560202760367,Severe Erosion,-24.388617386955293
3281,410.5890234995034,380.785345173596,138.4567997023561,-7.450919581476853,-68.03305594928682,467882.67958329344,1479700.1254263325,89.93136187848879,1.61162179075565,0.9469161534426119,7.903704537960797,Severe Erosion,-72.792648249398
3282,321.1780228316358,321.1780228316358,78.84944585852048,0.0,-60.58214424327883,467993.37554201414,1479789.4040464184,89.93151378360551,1.6386625952682627,1.0669180415785362,7.319538095230103,Severe Erosion,-60.19474165068452
3283,383.2847496178424,120.67547528354632,116.93873919751442,-65.65231858357402,-66.58650260508199,467999.08537295175,1479925.4922592693,179.93157008935069,1.0142136444632528,0.9835242760784727,1.0,Severe Erosion,-65.29773990436824
3284,23.141240978004724,410.58899503809977,20.373888375962206,96.86193851502377,-0.6918381505106295,468076.6143349864,1480027.734238928,-90.0682786425289,0.8501267466103397,1.0919433087026282,8.105786993508445,Moderate Erosion,-6.900641027918751
3285,500.0000000000266,704.2499993832803,0.2276916409090086,51.06249984581342,-124.9430770897794,467999.35403062135,1480150.4198981866,179.93155927043006,1.177188948992045,0.994165304188627,1.0,Severe Erosion,-123.27219500355491
3286,470.8214611124466,208.2145806261064,59.3919115324831,-65.65172012158506,-102.85738739499088,467941.0318422259,1480179.660954529,-0.0685668980617479,0.9133501791810259,0.9641099150397436,1.0,Severe Erosion,-103.63368263911462
3287,52.94486961480957,52.94486961480957,49.04555559602425,0.0,-0.9748285046963296,467962.03215996525,1480236.496961246,89.93146227700545,1.4709419621999489,1.1003243438046535,7.8828911088285025,Moderate Erosion,-10.513866294083284
3288,500.00000000000216,937.6754829461378,0.2312410252650694,109.4188707365339,-124.94218974368428,468057.9379822749,1480340.6008872907,179.93167260896232,1.138436185050851,0.9577922236464467,1.0,Severe Erosion,-129.2441147975818
3289,91.50529531156452,33.14889823949339,30.21895927792071,-14.589099268017783,-15.321584008410952,468087.3036256675,1480497.773367346,-0.06826834721202402,1.4826765457403022,0.8860270910547814,1.0,Severe Erosion,-17.389611675519173
3290,500.0000000000088,996.0291626808736,496.2632725407028,124.0072906702162,-0.934181864826499,468116.4899654508,1480504.6037152025,179.93179137696492,1.2839591545876736,0.9577811184889748,1.0,Moderate Erosion,8.504256421874453
3294,91.50805484459792,91.50805449931003,88.57811278493226,-8.63219717928132e-08,-0.7324855149164158,467912.45582821843,1480682.6216187598,-0.06865032448000034,0.9991984950717957,1.0508313634719293,1.0,Moderate Erosion,2.050280107752375
3295,295.7542538068752,733.423752724327,29.415906281855783,109.41737472936292,-66.58458688125486,467854.1291889331,1480707.10095094,179.9312227866556,1.2733855988266158,1.1129712672933867,1.0,Severe Erosion,-73.26199472675432
3296,52.9445534044005,82.74826716408921,79.98091528159412,7.450928439922178,6.759090469298405,467779.80767630617,1480773.1821318776,-90.06893668903852,0.5679046911838783,1.0113064570930734,8.270791848457357,Accretion / Land Gain,9.18927191638659
3297,52.94460422542125,52.94455652700244,50.17720406886276,-1.1924604702784336e-05,-0.6918500391396236,467728.6466639356,1480624.2251855505,-90.0690859394523,0.9624039488627136,1.1060498587603302,8.077138921667022,Moderate Erosion,-8.428369983831452
3298,380.78524961299786,112.55209830917347,108.65278392750102,-67.0582878259561,-68.03311642137422,467651.6330690608,1480564.7106690416,89.93082316026863,1.5293310106819717,0.8912113388431547,8.607362981353942,Severe Erosion,-62.61966115193885
3299,354.10874050652,470.8217493963878,146.93101011165686,29.178252222466952,-51.79443259871579,467678.7513237442,1480450.2905052456,-0.06914153483136183,1.1854718728332028,0.9630019348474086,1.0,Severe Erosion,-54.15005585780518
3300,142.35567172429865,142.35569358757775,139.58834122348009,5.465819775452019e-06,-0.6918326252046398,467572.9479517317,1480415.7872711888,-90.06935725290684,0.9988697901993581,0.9749538215720022,8.521979214155575,Moderate Erosion,-1.160013568900494
3301,324.9311143954648,499.9999997803206,116.947385112523,43.76722134621394,-51.995932320735456,467503.79848936957,1480546.5632539603,179.93048051997607,1.0074108021215533,0.9904782734233443,1.0,Severe Erosion,-45.36694908302451
3302,120.686118651964,383.2880244668437,58.593422289214566,65.65047645371993,-15.523174090687355,467503.9703599474,1480688.2069905116,179.93047434011774,0.9909176527857605,1.0081046077344435,1.0,Severe Erosion,-21.958991933608605
3303,231.76679095351008,82.74837879519268,78.84906452140956,-37.25460303957935,-38.22943160802513,467648.53278652235,1480743.5366891362,89.9307525371283,1.5124598089071675,1.057326594643012,8.521928062509096,Severe Erosion,-45.21502253359009
3304,500.0000000000164,500.0000000000164,496.2632772379303,0.0,-0.9341806905215292,467708.3803380102,1480824.1068107877,179.93090518929947,1.3562392003130874,0.9674537993857922,1.0,Moderate Erosion,-3.8521773222515536
3305,52.94452590624552,350.9815165906812,109.78458993563552,74.50924767110892,14.210016007347502,467576.69509934145,1480773.4273245775,-90.06937370140177,0.5720983818855254,1.0135413988079178,7.979212227498652,Accretion / Land Gain,19.401910262444083
3306,499.9999999999917,499.9999999999917,58.59690270154937,0.0,-110.35077432461058,467504.22846544604,1480900.8940182272,179.93046472848704,0.7756621079379156,1.0003661126558205,1.0,Severe Erosion,-117.9475047019948
3307,172.15938914119002,172.15934145348112,168.2600270173887,-1.1921927224989304e-05,-0.9748405309503312,467563.5446793957,1481041.6766963752,89.93061397223214,1.5323258779273945,0.9316216785075748,7.862000868992062,Moderate Erosion,-15.135618521503176
3308,112.5519373213109,261.5703898540045,138.45631176897794,37.25461313317339,6.47609361191676,467674.0253070821,1480952.1319785295,89.93083662055359,1.682760828554737,0.9955077996259922,8.09080571551756,Accretion / Land Gain,4.220299319871765
3309,82.74830702716898,380.785222360496,19.241611059512355,74.50922883333175,-15.876673991914156,467726.3666768662,1481041.479931002,89.93092617347011,1.7800389717831284,0.9941977106644596,7.76324375990884,Severe Erosion,-13.117969992359555
3310,350.9815040091682,350.9815040091682,50.1770665773381,0.0,-75.20110935795752,467608.9529260301,1481101.229188291,-90.06926389802639,0.7305260879668115,0.9932118773906228,8.50970305790132,Severe Erosion,-69.19980060926338
3311,52.94449160069372,52.94448861394004,49.04517377341418,-7.466884213158664e-07,-0.9748294568198848,467539.2754523977,1481220.5284683888,89.9305745251927,1.5382857152877454,1.0104108383198056,7.954558881654493,Moderate Erosion,-3.29063626724688
3312,323.3164598831901,397.3120953064404,119.49482949250589,18.498908855812587,-50.95540759767105,467649.9724376477,1481309.8056389967,60.47163930627759,1.7211298484691266,1.0150090394473243,6.80786122952632,Severe Erosion,-53.012540633251064
3313,142.35559486648492,142.35559486648492,138.45628054376215,0.0,-0.9748285806806932,467700.7739035421,1481160.7257227611,89.93098316290238,1.3195384548474407,0.972558978864696,7.630023869747367,Moderate Erosion,4.794675090598043
3317,500.0000000000287,879.3058856998514,0.2480674253874655,94.82647142495568,-124.9379831436603,468117.3738896353,1481246.9453882829,179.93175903693012,1.1421982954060335,1.1100084527538636,1.0,Severe Erosion,-134.2866916421374
3321,499.999999999996,529.803760506338,79.98086645461356,7.450940126585493,-105.00478338634562,467824.1897099127,1481220.184558858,-90.06886343787474,0.8285638723984291,0.9143074493384263,8.074837061856625,Severe Erosion,-106.94738726226066
3322,82.74809232140002,23.14066679239873,20.373314867815623,-14.901856382250322,-15.5936943633961,467713.7085869844,1481309.728703006,-90.06911732899684,0.8673830992367021,0.9512766129435456,8.15536402459206,Severe Erosion,-14.64157491377081
3323,23.14082854942119,23.14077747705091,19.24146324624566,-1.276809256989253e-05,-0.9748413257938822,467668.4436416578,1481428.998235203,89.93078352646624,1.5235287041418526,1.2327990776053859,7.589093407407649,Moderate Erosion,1.2712522806312894
3324,82.74815015336455,52.94445014852532,49.04513489591642,-7.450925001209807,-8.425753814362032,467662.43201672164,1481518.4166930353,89.93081064713952,1.6051658601050471,0.9284466887376358,7.359521687458789,Severe Erosion,-10.974787280316445
3325,500.00000000001216,412.46905251805794,29.431640188143007,-21.88273687048856,-117.6420899529673,467650.9782853183,1481613.29081299,179.9307434124158,0.8272343990631277,0.9043344266793814,1.0,Severe Erosion,-117.4698848944381
3326,500.000000000012,529.1768591799735,292.02529588815185,7.294214794990367,-51.99367602796504,467738.6447528857,1481725.6542021828,179.93092808112198,1.101744950995159,1.072751691138298,1.0,Severe Erosion,-64.43531279502999
3327,142.35536744297113,172.15908700541436,169.3917363103143,7.450929890610809,6.759092216835789,467599.55043411464,1481727.1188807944,-90.06932384898847,0.8680265996689722,0.8478416615748035,7.589452695327999,Accretion / Land Gain,3.4678501551665475
3328,321.1776856812567,440.3925767696295,79.98053900720619,29.803722772093195,-60.29928666851264,467547.4234599941,1481816.5932735645,-90.06942165950353,0.6526561884743786,0.9962698398035437,8.63577064117307,Severe Erosion,-58.031743105740304
3329,440.3925621732682,440.3925621732682,78.84867365316869,0.0,-90.38597213002488,467457.1024581171,1481786.8992101492,89.93032982548128,1.6088473375199535,1.1863993011610803,8.11355850912483,Severe Erosion,-95.29744230129828
3330,440.39258263485766,440.3925848339447,20.373064048526142,5.497717552316317e-07,-105.00487964658288,467384.52701088745,1481757.183853095,-90.0697937450053,0.8670311718888228,0.8907795880470097,7.997168902811303,Severe Erosion,-104.7099585386349
3331,354.1163198305779,33.172282009064546,29.43557467488529,-80.23600945537834,-81.17018628892315,467388.6669823517,1481844.5052164798,179.93017019303653,1.1491051237696652,0.8568713958960257,1.0,Severe Erosion,-78.93582378490966
3332,499.99999999999886,412.47016332337415,408.7334575946208,-21.882459169156174,-22.816635601344515,467476.33383707434,1481956.8686499572,179.9303534943721,1.2260557898640319,0.8968486070359613,1.0,Severe Erosion,-24.52938160563334
3333,208.23514790068228,208.2351468566688,29.43956783500773,-2.61003371804236e-07,-44.69889501641864,467563.99996152415,1482069.2325676398,179.9305368223874,1.0560750595518063,1.0900043149947216,1.0,Severe Erosion,-43.846576161435785
3334,52.94428634187624,23.14057581611604,19.24126096599508,-7.450927631440051,-8.425756343970292,467688.8370175221,1482084.6557919865,89.9307847137461,1.569008016176091,1.1083031588495533,7.689751618034923,Severe Erosion,-13.239419170393354
3335,499.9999999999639,261.5702653494739,19.24127092543994,-59.6074336626225,-120.189682268631,467829.1575689625,1482024.8792445345,89.93103736422798,1.6915321356957638,0.9765948502069446,7.688071534852567,Severe Erosion,-121.22273866711123
3336,499.9999999999808,291.3739390448076,109.78426274049708,-52.15651523879329,-97.55393431487092,467831.4634879711,1482173.895150116,-90.06893818314347,0.8235462336824485,1.0740503588610044,8.396764733211114,Severe Erosion,-94.5028534669248
3337,4.001379963273846,4.001261898086298,1.071298140252792,-2.951629688685564e-05,-0.7325204557552634,467709.98614454566,1482155.1034397695,-0.06915621908176135,1.1115375081941554,1.130388096155692,1.0,Moderate Erosion,0.05234434908690777
3338,52.94421876297948,112.55169601990907,108.65238222523756,14.901869314232398,13.92704086556452,467663.25889905996,1482203.9016608899,89.9307480014525,1.6336321684644155,1.1627413438005307,7.390555032148668,Accretion / Land Gain,10.994384517744841
3339,261.57010778721184,52.94409247613313,49.04477731610971,-52.15650382776968,-53.131332617775534,467745.37082559965,1482263.4101573215,89.93090149405771,1.7071911777100468,1.0007608136845259,7.992740484887849,Severe Erosion,-52.01025059632157
3340,500.00000000003536,470.1962284645419,79.98047331388803,-7.450942883873367,-105.00488167153684,467797.7918178159,1482352.758106809,-90.06897760350209,0.4925090980817836,0.8374207558767568,8.117307974233832,Severe Erosion,-101.43183271835375
3341,499.99999999996345,499.99999999996345,50.17670124625263,0.0,-112.45582468842773,467687.2390194655,1482382.6951881957,-90.06926020278465,0.9738614019918205,0.9562266644933577,8.193888014218851,Severe Erosion,-122.70553108131512
3342,500.0000000000256,616.7041248698092,146.150994397078,29.17603121744591,-88.4622514007369,467593.6851560041,1482489.1257073143,179.93058012808638,1.1500464312117467,0.9890257971850518,1.0,Severe Erosion,-82.66688107595742
3343,499.9999999999812,237.4154200191831,234.48545158017407,-65.64614499519952,-66.37863710495178,467506.12424153276,1482462.1627042112,-0.06960736874846454,1.2633375389982484,1.0021326838969593,1.0218668872123973,Severe Erosion,-68.05991079835714
3344,354.11939136559334,354.1193771902712,351.18940950596084,-3.543830530361447e-06,-0.7324954649081263,467360.1779915203,1482408.220853374,-0.06991711538888214,1.379098925121112,1.0071737589930194,1.0,Moderate Erosion,1.3949542012930252
3345,500.0000000000815,82.74761054824027,50.17648145916557,-104.3130973629603,-112.45587963522898,467244.95635955664,1482442.8406504083,-90.07016917890606,0.5942492453851832,1.1121282770747198,7.907679539763848,Severe Erosion,-106.46964501700285
3346,499.9999999999878,499.99993036232735,497.0699647741754,-1.7409415107749737e-05,-0.7325088064530973,467214.1322063148,1482273.4949200123,-0.07019912437217256,1.0930937674175563,1.1225428494782623,1.0,Moderate Erosion,-7.590877292605427
3347,499.9999999999878,499.99984813742526,497.0698856569247,-3.796564062952257e-05,-0.7325285857657633,467213.88716521254,1482073.4950701254,-0.07019912437217256,1.1562276134003324,1.0044529199210077,1.0,Moderate Erosion,-4.279733597903496
3348,499.9999999999878,529.1765553686912,526.2465957389711,7.294138842175855,6.561648934745833,467213.64212411025,1481873.495220238,-0.07019912437217256,1.081946889613024,1.1036570205967013,1.0,Accretion / Land Gain,5.118905455367308
3349,499.9999999999878,529.1767782658407,526.246821742666,7.294194566463219,6.561705435669566,467213.39708300796,1481673.495370351,-0.07019912437217256,1.4597504041572094,1.0419759803622461,1.0,Accretion / Land Gain,2.6429378300474244
3350,500.0000000000104,529.1770011630111,526.2470477463232,7.294250290750185,6.561761936578208,467213.1520419057,1481473.495520464,-0.07019912103711358,1.0709941037309525,1.0161020531351785,1.0,Accretion / Land Gain,15.23644481576225
3351,500.0000000000104,529.1772550363221,526.2473044932905,7.294313759077923,6.561826123320017,467212.9070008034,1481273.4956705768,-0.07019912103711358,1.1161779008819412,1.0810375180517855,1.0,Accretion / Land Gain,2.277965654186054
3352,500.0000000000104,499.9999882091666,497.070040678442,-2.9477109535491763e-06,-0.7324898303921117,467212.6619597011,1481073.4958206897,-0.07019912103711358,1.2301682725454177,1.0118607081778341,1.0,Moderate Erosion,-3.5102237278264448
3353,500.0000000000066,529.1777650041206,526.247820125531,7.294441251028502,6.561955031381103,467183.2750176257,1480902.7093141638,-0.070221372529476,1.0191873335489525,1.1686229938464274,1.0,Accretion / Land Gain,7.583900189395987
3354,499.9999999999866,649.0185099768246,646.2511578320263,37.2546274942095,36.56278945800992,467171.45420069166,1480714.3135763574,-90.07024496471429,0.7406481938546244,0.8866234863561888,8.002613450760533,Accretion / Land Gain,30.552041827629473
3355,499.99999999991337,649.0184935312409,646.2511412031618,37.25462338283188,36.562785300812095,467150.0571077949,1480535.5174657002,-90.07029905931961,0.8476182902687716,0.9582940253103982,8.216963566187932,Accretion / Land Gain,34.58438174203078
3356,499.9999999999774,499.9999970426184,497.0700602853036,-7.39339739652678e-07,-0.7324849286684554,467124.2546075344,1480361.137440047,-0.07032470923388061,1.1495799803772397,0.9872477486425076,1.0,Moderate Erosion,0.8547813775824205
3357,499.9999999999797,499.99999324875887,497.0700590560992,-1.6878052093716178e-06,-0.732485235970131,467094.86643936986,1480190.351826616,-0.07037461167410886,1.1855006638151322,1.0304276258298783,1.0,Moderate Erosion,-2.3967872578826874
3358,499.9999999999256,529.8036901107572,527.0363377212567,7.4509225277079025,6.759084430332777,467085.86495931173,1479999.1293430633,-90.07039884418973,0.7206004850693262,1.094355452829951,8.397045202460136,Accretion / Land Gain,6.292150135833036
3359,500.00000000001535,500.0000068975119,497.0700773774537,1.7243741439187945e-06,-0.7324806556404155,467065.30381521856,1479877.924312041,-0.07040569772942525,0.9723379292515664,0.9894733796304842,1.0,Moderate Erosion,-3.3791412178822697
3360,500.00000000001535,499.9999728865754,497.0700464694534,-6.778359988857119e-06,-0.7324883826404829,467065.0580530377,1479677.9244630386,-0.07040569772942525,1.247747457329567,0.8751794246871304,1.0,Moderate Erosion,-8.304839928544318
3361,500.00000000001535,499.9999388756387,497.0700155613951,-1.5281094164265596e-05,-0.7324961096550595,467064.8122908568,1479477.9246140362,-0.07040569772942525,1.4627484363757675,1.0538875442609599,1.0,Moderate Erosion,0.8754699470411333
3362,499.9999999999796,499.9999538012809,497.0700333420085,-1.1549674667321597e-05,-0.7324916644927697,467064.5665286759,1479277.9247650339,-0.07040569439437444,1.2022687202694802,1.0444081211255094,1.0,Moderate Erosion,8.042173693743438
3363,499.9999999999796,500.00000724736265,497.0700898899207,1.8118457631999263e-06,-0.7324775275147175,467064.320766495,1479077.9249160315,-0.07040569439437444,1.233298093239097,0.8261843132648874,1.0,Moderate Erosion,-0.6404693735975269
3364,500.0000000000099,499.9999845489493,497.0700696662189,-3.862765140638658e-06,-0.732482583447748,467093.2908580689,1478907.0690092647,-0.07031272306994882,1.3034175379812925,0.9791089084701358,1.0,Moderate Erosion,0.3938380027899997
3365,500.0000000000096,499.9999894034715,497.0700776218732,-2.64913452951987e-06,-0.7324805945340955,467093.04542042385,1478707.069159864,-0.07031272304326841,1.009109550231945,0.8497178283762765,1.0,Moderate Erosion,2.7311331810502018
3366,499.9999999999881,470.8196502404848,467.8897409972941,-7.295087439875829,-8.027564750673506,467122.01613530074,1478536.2137805086,-0.07023508961402893,1.454886865416563,0.9216328642377442,1.0,Severe Erosion,-14.374217233407002
3367,499.999999999976,470.8194659713599,467.88955930482825,-7.295133507154034,-8.02761017378694,467150.9872537707,1478365.3586636488,-0.07016511680810376,1.2298594746625158,0.9004542081286132,1.0,Severe Erosion,0.4849631168610884
3368,499.9999999999973,499.9999991484188,497.0700949938376,-2.1289463347784482e-07,-0.7324762515399357,467179.9587702963,1478194.5037098695,-0.07009724175237772,1.4442891639193878,1.0352924153566452,1.0,Moderate Erosion,0.2791677305740745
3369,499.9999999999739,500.0000038451747,497.0701022116476,9.613002021069406e-07,-0.7324744470815858,467208.93068874447,1478023.6489191547,-0.07002521455228956,1.0895561825717641,0.9777684728851808,1.0,Moderate Erosion,7.426810048363958
3370,172.1599706627009,201.9636049621527,49.04612567509581,7.450908574862943,-30.77846124690128,467238.1864330961,1477853.077261972,89.93004402454105,1.8727089902340193,0.8634477855856184,7.754709280016513,Severe Erosion,-34.443626224521225
3371,499.9999999999872,470.8187527429148,467.888855950915,-7.295311814268103,-8.027786012268052,467237.73006546806,1477711.1568028426,-0.06994905188312583,1.315784987720921,1.0349297139574718,1.0,Severe Erosion,1.0625236005210716
3372,499.9999999999913,558.3627884043551,555.4328936016382,14.590697101090951,13.858223400411717,467295.91989871237,1477569.4484838268,-0.06981753062313387,1.2824685946844836,0.8480512592258129,1.0,Accretion / Land Gain,17.734000870585632
3373,499.9999999999745,499.9999955586104,497.0701029469688,-1.1103410173518569e-06,-0.7324742632514329,467237.3842632642,1477427.8826567505,-0.06993520473148523,1.2346154284399589,0.9873972556507,1.0,Moderate Erosion,2.032726166010359
3374,500.0000000000172,470.818263577676,467.8883734886311,-7.295434105585301,-8.027906627846534,467266.3574869949,1477257.0288868477,-0.06985285219892756,1.1622330425045277,0.8937333156320851,1.0,Severe Erosion,-6.857784356080794
3375,500.0000000000172,499.99996703367634,497.0700798617108,-8.241585220503111e-06,-0.7324800345766107,467266.1136545976,1477057.0290354833,-0.06985285219892756,1.379592083986776,0.9271011717840827,1.0,Moderate Erosion,-1.9751231249488574
3376,499.9999999999944,499.99998876427776,497.07010468902007,-2.8089291532751304e-06,-0.7324738277435756,467265.8698222004,1476857.029184119,-0.06985285553398653,1.2205663156696192,0.9941975319131188,1.0,Moderate Erosion,5.270184464625787
3377,500.0000000000724,440.3927712470972,436.4934581649849,-14.901807188243808,-15.876635458771888,467269.4991283116,1476660.893041868,89.9301928080498,1.304939247579143,0.9931202677227597,8.000867498679131,Severe Erosion,-15.174836109531654
3378,499.9999999999754,499.9999926604498,497.0701140911665,-1.8348814023738669e-06,-0.7324714772022247,467294.6003687829,1476486.1762875197,-0.06976362945162305,1.0319349888514657,1.0561778909021386,1.0,Moderate Erosion,-10.567819995137986
3379,499.9999999999754,499.9999998977044,497.07012442408165,-2.5567743477949992e-08,-0.732468893973433,467294.35684784484,1476286.1764357758,-0.06976362945162305,1.171636095278604,0.9401401637013107,1.0,Moderate Erosion,-6.318401202508445
3380,500.0000000000055,529.1829791838757,526.2531063542115,7.295744795967536,6.5632765885514885,467264.9659087623,1476115.3950710334,-0.0698099667166196,1.2460124820874532,0.9691020908475618,1.0,Accretion / Land Gain,5.634047827587752
3381,499.9999999999776,499.9999989320406,497.0701285600369,-2.669842444902315e-07,-0.7324678599851779,467235.5746463693,1475944.6138974174,-0.06986597230839002,1.1910239702851355,0.9074329953031431,1.0,Moderate Erosion,0.8175270558425973
3382,500.0000000000096,529.8035984216284,527.0362445030981,7.4508996054047,6.759061125772135,467183.3787906912,1475796.6928669168,-90.06995377432213,0.9828459165999418,0.9551632250535296,8.462626698019848,Accretion / Land Gain,6.476118681272656
3383,500.0000000000939,500.0000000000939,497.2326459808396,0.0,-0.6918385048135889,467102.4475043605,1475677.5773387335,-90.07013488119216,0.507335020070789,0.9742752015944132,8.507839311508281,Moderate Erosion,5.403015444154727
3384,112.55323867633012,499.99995246534274,78.85033763748469,96.86167844725315,-8.42572525971136,467069.96146919177,1475588.2063172413,89.92983818489715,1.6215378905689775,0.930135563707646,7.501933771480031,Severe Erosion,-18.181234579904483
3385,82.74975732244131,499.9999865434667,49.04686137962034,104.31255730525636,-8.425723985705243,467210.28134683485,1475528.4274821207,89.93008982152715,1.3273028184325144,0.7929539933110782,8.54304189803181,Severe Erosion,-7.707784303179443
3386,91.43126417020348,91.4312644969816,87.694463844609,8.169453025175245e-08,-0.9342000813986182,467293.5765559708,1475645.1731154902,179.93027092839634,1.3144436449559962,0.9652293351567773,1.0,Moderate Erosion,-10.024096208334392
3387,470.1963965282602,738.428710616784,258.80388595343214,67.05807852213094,-52.848127643707016,467360.49438497244,1475677.262691441,-90.06957489864553,0.7858314877439325,0.968277306581266,8.167399925458163,Severe Erosion,-49.049566166286176
3388,350.98204209650794,380.785634940305,378.01828077252645,7.450898210949262,6.759059669004628,467309.33128603845,1475528.3068121707,-90.06969242601082,0.862941791711029,0.8828386475181751,7.801333661000474,Accretion / Land Gain,6.286766096794614
3389,82.74985497336577,500.0000000001023,78.8505428503201,104.31253625668414,-0.9748280307614188,467388.01784558105,1475438.8004034304,89.93046722977888,1.4704172613583373,0.8333843194257589,8.369212039826747,Moderate Erosion,1.123221829359172
3390,295.7149853117392,295.7149853117392,29.32607034459116,0.0,-66.597228741787,467468.5724233,1475558.2931920637,179.9306476796406,1.3924039101641015,1.0556972140125056,1.0,Severe Erosion,-70.91664354473583
3391,52.94631713432796,529.8035839106844,49.04700508868307,119.21431669408912,-0.9748280114112228,467549.6615374151,1475498.211962665,89.93080665841285,1.7562584079243708,0.9761924848061286,7.674332863671819,Moderate Erosion,5.422496646877533
3392,412.44953126467993,412.4495314556012,408.712730626881,4.7730310370752704e-08,-0.9342001594497162,467614.58087883535,1475633.3774627573,179.93095601888382,1.2880136632547892,0.9202378876738476,1.0,Moderate Erosion,4.27442316084454
3393,440.3928232647092,440.3928225103374,437.6254683383013,-1.8859294925732686e-07,-0.6918387316019761,467692.84731755767,1475617.2538817336,-90.06888775710102,0.7805727020842482,0.8474004094352815,7.415873243641025,Moderate Erosion,2.225882783457462
3394,120.61263567675866,120.61263534747786,117.68277170487464,-8.2320198657726e-08,-0.7324659929710009,467672.78213574406,1475495.5639256297,-0.06891134595010473,1.2864975009587338,0.8710986029482695,1.0,Moderate Erosion,-1.3800522272882048
3395,499.9999999999958,499.9999999999958,497.0701374809596,0.0,-0.7324656297590479,467614.3160666793,1475413.6088424493,-0.06903303212823425,1.093484173437192,1.040028115255082,1.0,Moderate Erosion,2.1668207967166127
3396,470.81625488351966,587.5512383063397,29.323357371628862,29.183745855705,-110.3732243779727,467701.84731692675,1475396.9664924277,179.9311535942548,1.3288139873208136,0.9466261491988102,1.0,Severe Erosion,-113.90768721790946
3397,52.94646460823622,470.1965030099592,138.4579122004416,104.31250960043074,21.377861898051343,467800.6918991131,1475319.0884911832,89.93146802664148,1.847421848013476,0.8905944783363501,7.95280183945481,Accretion / Land Gain,25.655640193154902
3398,500.0000000000004,412.4484078641545,409.518547225751,-21.88789803396148,-22.620363193562355,467964.3648948655,1475282.6093042532,-0.06828111380514401,1.360114892008581,0.9749614794613982,1.0,Severe Erosion,-14.37295872194275
3399,499.99999999997306,529.1838853404855,292.78292071616903,7.295971335128115,-51.804269820951006,468081.07216884353,1475258.8130441224,-0.06803162829599474,1.0900846792767878,0.8687376396533006,1.0,Severe Erosion,-46.45121702105507
3400,500.0000000000186,500.00000042540034,497.0701417442049,1.063454391214691e-07,-0.7324645639534282,468168.4906153658,1475146.261161016,-0.06783963581232792,1.253738987698314,1.0525532253559662,1.0,Moderate Erosion,-4.380476912990476
3401,500.0000000000028,470.8158724894382,467.8860154675428,-7.296031877641141,-8.028496133114999,468255.9097999964,1475033.709919554,-0.0676476800150431,1.005556498646887,1.0393066766779324,1.0,Severe Erosion,-6.221409546749484
3402,499.9999999999903,499.9999999999903,496.1006881691077,0.0,-0.9748279577206348,468353.1793377581,1474930.9858438754,89.93257401113735,1.685858269702143,0.8924765938289799,8.057361512788423,Moderate Erosion,-7.440535676513873
3403,500.00000000008896,500.00000000008896,496.1006881618946,0.0,-0.9748279595485912,468463.663506767,1474841.4454174486,89.93282676833167,1.6675902370278453,0.8783935092511833,7.56973430853933,Moderate Erosion,1.8871235963297877
3404,499.9999999999966,558.3685296820601,29.315051629144087,14.592132420515869,-117.67123709271311,468605.9622707403,1474899.0474978667,179.93310327779048,0.919994576188605,0.7199539652472313,1.0,Severe Erosion,-115.41822002840041
3405,321.1786900175064,142.3573529631566,139.58999825941055,-44.70533426358746,-45.39717293952397,468497.3180346981,1474990.4237260104,-90.06708661360446,0.6257326976061822,0.8120166907634024,7.816920691467634,Severe Erosion,-54.74625463718479
3406,3.8712099048377326,120.60737884634842,116.87057034541316,29.184042235377675,28.249840110143857,468577.0067566864,1475094.7923212738,179.9330344489134,1.1579966731227471,0.8246864798806098,1.0,Accretion / Land Gain,22.44092089058204
3407,295.71249238535654,354.0803479698592,0.1364446236213061,14.591963896125662,-73.89401194043381,468489.5864567558,1475207.3427057639,179.93284187279843,1.1553398899971739,0.9440627340511649,1.0,Severe Erosion,-75.30970642415265
3408,142.35723731864792,142.35723814333463,139.58988309970607,2.061716770640487e-07,-0.6918385547354617,468400.6460955314,1475318.376506538,-90.06741227511395,0.6185787365487316,0.9085338643533066,7.801712084138991,Moderate Erosion,-2.196137290439593
3409,499.99999999997794,149.79576198860786,146.0589584825258,-87.55105950284252,-88.48526037936304,468373.11541027826,1475432.3766268713,179.9325823787919,1.2588174730797972,0.8284282704074962,1.0,Severe Erosion,-94.53264505645707
3410,500.0000000000082,470.8164317401365,233.6111038006734,-7.295892064967916,-66.5972240498337,468344.0641809264,1475544.8600440708,179.9325134798779,1.238192186022873,0.9149660528082185,1.0,Severe Erosion,-64.65233040307278
3411,142.35719910136336,23.142955380989427,19.243643450765063,-29.80356093009348,-30.77838891264957,468354.625885313,1475676.0737008261,89.93254058053986,1.5708593529542916,0.9795245119421756,7.432221176403385,Severe Erosion,-29.521020867947012
3412,201.96437910131857,142.3572941845252,138.4579821729054,-14.901771229198346,-15.876599232103295,468406.7430789226,1475586.601587282,89.93266902020163,1.4866309987820485,0.9802074635314814,7.657017504297173,Severe Erosion,-16.84794489199589
3413,440.3928695832828,529.8035642608708,20.37551655063604,22.352673669396992,-105.00433825816168,468462.76454709895,1475616.3393743932,-90.06720788956613,0.9573063441477632,0.7863779986796526,8.079281427382755,Severe Erosion,-108.7832957589535
3414,500.0000000000955,231.7679491291228,227.86863734898023,-67.05801271774317,-68.03284066277882,468539.85595409665,1475675.8561903634,89.93291389332401,1.8483107927743512,0.928833745398182,8.130098315513973,Severe Erosion,-62.789305030696006
3415,3.883872910361272,33.06716914150668,29.33037096020314,7.295824057786352,6.361624512460467,468636.1739314763,1475779.5470684038,179.9331250390281,1.1279326526194542,0.8297226047073116,1.0,Accretion / Land Gain,14.638660077901942
3416,499.9999999999781,291.37502882154547,287.4757169826868,-52.15624279460816,-53.13107075432284,468643.339583741,1475914.163953302,89.93315217637534,1.5081746901822068,1.0142098349811584,7.879301333525145,Severe Erosion,-55.54887817355553
3417,112.5535966624861,112.5535966624861,109.78624202366032,0.0,-0.6918386597064448,468605.73178698076,1475973.8150562476,-90.06688158772732,0.8736814223314543,1.0055485504003372,8.373221191895295,Moderate Erosion,-3.7526732454805485
3418,178.98732788150005,178.98732788150005,29.33570960213557,0.0,-37.41290456984112,468578.1677415561,1476087.7839619757,179.9329892989309,1.146763415878389,0.8723987910511207,1.0,Severe Erosion,-34.95686624278114
3419,149.80502657716735,149.80502657716735,146.06823374864288,0.0,-0.934198207131118,468490.68085500103,1476140.7305060232,179.93279992780418,1.1795595647999129,0.88361902854528,1.0,Moderate Erosion,-2.7243451058660493
3420,410.5892423045873,321.1785219996044,317.27920980822324,-22.35268007624572,-23.32750812409101,468530.9825751123,1476242.1348350656,89.93288862694286,1.7109476983632352,0.9092686313931476,7.290484459209688,Severe Erosion,-24.02449412740718
3421,354.08584814671167,354.08584814671167,116.8864480802918,0.0,-59.29985001660496,468636.68465659244,1476217.065590233,179.93310714645494,0.9140635869839808,0.7656331981610043,1.0,Severe Erosion,-55.6015842579816
3422,324.90394322721176,324.90394322721176,321.1671536649501,0.0,-0.9341973905654016,468636.8500215461,1476358.6999176368,179.93310316773366,1.398212376614671,0.9745043986433888,1.0,Moderate Erosion,-10.480977828101866
3423,350.98214000119185,291.37488376281607,229.00046101647925,-14.901814059593946,-30.49541974617815,468674.1509980267,1476420.7890723452,-90.06680809644266,0.8109023505704813,0.926575470717908,7.4300883000898,Severe Erosion,-23.903908121914803
3424,3.895419234386892,237.3563745206523,233.61958567148343,58.36523882156636,57.43104160927415,468578.54006446974,1476406.0926200221,179.93297469138741,1.1387439531359322,1.0258333395722665,1.0,Accretion / Land Gain,57.79444423092086
3428,412.4524803506556,762.6425256090614,146.88000423941878,87.54751131460145,-66.3931190278092,468461.94469339255,1476521.2578973754,-0.06727963995237024,1.1861451764800348,0.8617861465459992,1.0,Severe Erosion,-68.45058475062011
3429,231.7676609130585,231.7676691087028,227.86835716320107,2.048911071028669e-06,-0.9748259374643596,468651.1221548363,1476510.2268566366,89.93297004231994,1.594364129522968,0.8999911603010081,8.634954766364018,Moderate Erosion,-1.4209967085716042
3430,295.7231622024886,324.9055658425757,321.1687800107948,7.295600910021776,6.361404452076542,468637.1406719217,1476607.6083954426,179.9330899142228,0.9407869248969295,0.8302162433868526,1.0,Accretion / Land Gain,6.173551227179136
3431,112.55345367410553,82.74986105156182,79.98250675593721,-7.450898155635926,-8.14273672954208,468518.6921620026,1476689.2033555426,-90.06722471158658,1.024241009441038,0.8714149425311832,8.066338104258413,Severe Erosion,-16.798743246766705
3433,142.35714996523183,798.0359194991723,19.243348115573784,163.91969238348514,-30.77845046241451,468510.1810245333,1476808.42764122,89.93280110174378,1.6061985697289396,0.8586898545750734,8.334790959620406,Severe Erosion,-23.30375932514833
3434,23.142704026353243,112.55343347678397,19.243391791341004,22.35268236260768,-0.9748280587530598,468590.8966799462,1476748.725901514,89.93302169566084,1.666450046258707,1.0321800864583528,8.147393568567633,Moderate Erosion,-0.7681998973999674
3435,112.55331407541334,52.94612339179411,50.1787691941959,-14.901797670904807,-15.59363622030436,468603.0677806697,1476867.9261015859,-90.06698361374765,0.9427327389378378,0.8981311188569834,7.816923735769997,Severe Erosion,-13.378625568067484
3436,149.81645665175702,120.63449865021347,116.89771899147264,-7.295489500385887,-8.229684415071098,468608.4342098768,1477014.7504910259,179.9330117338498,1.0472932975812184,0.9657610683458625,1.0,Severe Erosion,-3.4719355622008843
3437,52.94618712449317,52.9462338005499,49.04692070469952,1.1669014181592274e-05,-0.974816604948412,468629.9841656721,1477076.5199072652,89.93297595203843,1.671020511173439,0.9261378201813713,7.556094475207791,Moderate Erosion,-6.080628892749913
3438,440.39281463503295,231.7676120763419,20.37502257236387,-52.15630063967277,-105.00444801566726,468534.9079155958,1477166.042013229,-90.06712145826528,0.7598541108431223,0.8561602377970711,8.129293385454599,Severe Erosion,-102.63708852049112
3439,62.27168361608153,62.27168361608153,58.53490497994805,0.0,-0.9341946590333698,468433.4259960311,1477085.951533905,179.93263275480692,1.3274859282687566,0.9432527121539155,1.0,Moderate Erosion,-2.272400113527338
3440,295.7278545710963,324.90958769611,321.17281112820376,7.295433281253423,6.3612391392768615,468491.9559726051,1477227.5192319904,179.9327513193688,0.881385371197337,1.0064137869519618,1.0,Accretion / Land Gain,10.59509301535933
3441,112.5533152921806,112.5533152921806,108.65400279704735,0.0,-0.9748281237833112,468604.39753134234,1477255.3714964746,89.9329368518467,1.585135580962553,0.8622127133593066,8.077190376684038,Moderate Erosion,-11.610965225540788
3442,142.3568294029219,23.1424538057302,19.243141383336557,-29.80359389929793,-30.77842200489634,468625.7850533125,1477434.1682346452,89.93314689364732,1.5095766293448052,1.0257956689228325,8.670576539013853,Severe Erosion,-31.273893506102684
3443,23.14256873984153,23.14256873984153,19.24325610076833,0.0,-0.9748281597682986,468766.108379538,1477374.3973097452,89.93333641818523,1.6648391718491722,0.8923425194529354,7.374005027704265,Moderate Erosion,-3.9889314386881067
3444,412.4551675081965,383.2735516007196,0.9826285043016396,-7.295403976869224,-102.86813475097372,468696.35880395153,1477339.4664890128,-0.06681666086536542,1.2700401599200437,0.9212452005017642,1.0,Severe Erosion,-100.70681999780295
3445,499.99999999994185,500.00001670415486,287.47554035280774,4.176053252535894e-06,-53.13111491178353,468723.8565351077,1477225.428447558,89.93324960001871,1.493855844325083,1.0009140504507907,8.329067541597398,Severe Erosion,-50.780893974942515
3446,291.37487761679927,291.37487761679927,19.2433248825264,0.0,-68.03288818356822,468834.3416557406,1477135.8891428218,89.93347154129623,1.4931736507241016,0.9042658266231265,8.134121509569086,Severe Erosion,-71.57101765767835
3447,266.5446819268647,295.72659883804806,176.06903911263737,7.295479227795838,-22.61891070355684,468783.5791470228,1477060.3645397807,-0.06661858191009051,1.182935109382256,0.9594030073741486,1.0,Severe Erosion,-26.179780024437058
3448,410.5892042075084,440.39278102823306,436.4934684070065,7.4508942051811715,6.476066049874518,468880.22111831984,1476957.0143163628,89.93357286028385,1.4655033970739226,0.9299302178664604,7.617540342240659,Accretion / Land Gain,5.922739207087871
3449,142.35705225957744,291.3750187165693,108.65416336932552,37.25449161424796,-8.425722222562982,468990.913668414,1477046.2969950025,89.93388028570321,1.726297287971549,0.966570670862342,7.763667333838027,Severe Erosion,-12.908933359139024
3450,52.94630646645695,201.96432371408423,49.04699281051708,37.25450431190682,-0.9748284139849694,469043.2422577729,1477135.6474270874,89.93393864917492,1.54461865405661,0.7668785706143835,8.498011085763839,Moderate Erosion,3.235090063275665
3451,201.96427009897,291.3749532315155,78.85061455285758,22.35267078313639,-30.778413886528096,469153.79704461043,1477105.7165719832,89.93418907182334,1.1639515032374055,0.8105891712614242,7.979391045211463,Severe Erosion,-32.62444988876533
3452,470.1964130871442,470.1964206117699,50.1788885330694,1.8811564217458e-06,-105.00438113851872,469236.7313338932,1477135.424999842,-90.06565654178742,0.7437769541345266,1.0066122803968343,8.150138625901839,Severe Erosion,-119.53932223512693
3453,120.6340773078373,120.6340773078373,117.7041908746877,0.0,-0.7324716082874012,469192.03390111023,1476979.9953253418,-0.06574344666360413,1.0437594511317643,1.0383671958915672,1.0,Moderate Erosion,-2.6065818913964316
3454,91.45035814437948,91.45035814437948,88.52047340972611,0.0,-0.7324711836633426,469162.72277936904,1476867.5750397325,-0.06580050612820591,0.9548492535892702,0.8811487427602982,1.0,Moderate Erosion,-5.925190287883204
3455,231.7677998455607,231.76779668534823,79.98253421726596,-7.900531144855449e-07,-37.94631640707368,469080.92302219186,1476807.7644122178,-90.06586016693619,0.6143862685259488,0.9337178564224111,8.373518885243303,Severe Erosion,-46.10269548437841
3456,142.3570548646048,142.3570616993529,139.58970739177877,1.708687022983213e-06,-0.6918368682065079,469000.00005452207,1476688.6433259703,-90.06610399951514,0.8164115369946248,0.9753287276456827,8.201287629419413,Moderate Erosion,-6.8789700593193706
3457,440.392797354887,589.4107716016842,78.85062473798823,37.254493561699306,-90.3855431542247,468998.5792499934,1476748.2522075158,89.93383112698473,1.7992958574947708,1.0079536794042399,8.9222494000976,Severe Erosion,-89.83850079505986
3458,201.96418863238776,201.96418863238776,199.19683438740887,0.0,-0.6918385612447224,469041.0122429659,1476837.6139888004,-90.06614167230238,0.8469779376029508,0.7913990274839148,7.593762117675706,Moderate Erosion,5.951365579996433
3459,208.17883733488725,237.3609506350947,233.6241688169879,7.295528325051862,6.36133287052516,468870.90152797,1476867.665328547,179.93357548497258,1.109488222260268,0.883105587751106,1.0,Accretion / Land Gain,7.92725523985006
3460,23.14256394435837,82.74975271915632,79.98239872123052,14.901797193699489,14.209958694218038,468760.2957002418,1476897.5463139708,-90.06661132816424,0.8683858995972794,0.9277559173029496,7.475377007151719,Accretion / Land Gain,11.17744175313934
3461,142.35696197525732,142.35697594161292,139.58962175490896,3.491588898896225e-06,-0.6918350550870898,468796.10003252665,1476778.2902676256,-90.0665749226978,0.7311367234934251,1.0091229411269174,8.062933226543752,Moderate Erosion,1.5876859207664236
3462,23.1427845093981,23.1427845093981,19.24347234831764,0.0,-0.9748280402701156,468764.15860038635,1476688.9166086444,89.93333564445233,1.4958096738732922,1.151629042060673,8.390597220580545,Moderate Erosion,-3.2702795913650746
3463,112.553414636339,112.553414636339,109.78606082297406,0.0,-0.6918384533412336,468837.9413057758,1476569.6164886777,-90.06650343244691,0.6268458692117123,0.9320229080749441,7.171140564628207,Moderate Erosion,-4.164840299156957
3464,237.35655721699817,237.3565586900021,0.9657965264376038,3.682509799318723e-07,-59.09769017264014,468841.2052731651,1476424.545328945,-0.06646571630368295,0.9367616608556358,0.8358917897342193,1.0,Severe Erosion,-64.86950351380506
3465,354.0862062834248,383.26896610156086,117.69422737866668,7.295689954534012,-59.09799472618954,468782.6755046998,1476282.9785661486,-0.06658362052266556,1.1410466027583024,0.9788619359624648,1.0,Severe Erosion,-67.85713875994813
3466,500.0000000000297,529.8035724336612,108.65436480139807,7.450893108407882,-97.8364087996579,468793.60997584637,1476152.4176705817,89.933483894342,1.623707753938656,1.0507283679495938,7.719211689694676,Severe Erosion,-99.78602733245513
3467,499.9999999999149,380.785746880076,376.8864348092741,-29.80356327995973,-30.778391297660207,468904.09556987876,1476062.8787986059,89.93373679827404,1.5855061819942378,0.952570871451434,8.154079710833168,Severe Erosion,-29.988123848059548
3468,266.53501805749084,178.98563878353568,88.50638302917828,-21.887344818488792,-44.50715875707815,468928.1990159859,1475945.4561008129,-0.0662586093544768,1.137142388554587,0.8699306202329332,1.0,Severe Erosion,-44.9902771071526
3469,91.4354785451998,91.4354785451998,88.50560850883532,0.0,-0.7324675090911192,469015.68737834337,1475892.5115823734,-0.06606995193329121,1.0576768357185586,1.0184405407330104,1.0,Moderate Erosion,-2.8123021488279125
3470,52.94685912629845,52.94674109505343,49.04742902137849,-2.95078112539926e-05,-0.9748575262299894,469030.68559889565,1475824.3039605638,89.93393398009717,1.6912366628388875,0.9940325875902554,8.082189252746856,Moderate Erosion,-5.703587829713895
3471,3.883992728749032,3.883993866418351,0.9541254327169728,2.844173297988917e-07,-0.7324668240080148,469132.2971668025,1475785.4503149237,-0.06581516036210158,1.0019707356106393,0.8583771357890497,1.0,Moderate Erosion,2.308764134416828
3472,3.884946683702453,3.884946683702453,0.1481493790125299,0.0,-0.9341993261724808,469132.3448682209,1475826.976348308,179.93418222828944,1.3168636817045336,0.9714963705407889,1.0,Moderate Erosion,-7.519858925905405
3473,149.80186309836307,149.80186309836307,146.06506662883473,0.0,-0.9341991173820858,469278.3228190231,1475880.8930233861,179.93449206495015,1.050124778722475,1.0214371183562898,1.0,Moderate Erosion,2.945940451835291
3474,350.9822403652683,321.17869667336186,49.04752519349197,-7.45088592297661,-75.48367879294408,469415.91700012813,1475823.8627625871,89.9347740272154,1.4871344552025256,1.03549463015814,8.443372656798774,Severe Erosion,-80.4947638875777
3475,383.2673800387462,383.2673800387462,0.1496371625586143,0.0,-95.77943571904687,469540.9918203495,1475898.7309329554,179.9350508268132,0.980435652077962,0.9365628078475965,1.0,Severe Erosion,-99.54161190581205
3476,354.0845614315532,383.2676504779282,59.32376493000721,7.295772261593754,-73.6901991253865,469482.7004910867,1475964.7853852878,-0.06507685578480114,1.1243353559047218,0.9140576578474078,1.0,Severe Erosion,-81.02412507846489
3477,142.35731439764152,142.35731439764152,139.58995984922134,0.0,-0.6918386371050431,469364.0673284341,1475943.1360684368,-90.06535561306089,0.9462971289975669,1.0406154224418482,7.677390943872363,Moderate Erosion,-3.1988493715332265
3478,149.80416635342283,149.8041662986492,146.06737248104886,-1.3693409073312068e-08,-0.9341984680934914,469278.5248224539,1476057.5606588174,179.934482976924,1.2778016082744275,0.8470504446018224,1.0,Moderate Erosion,3.942363824296403
3479,231.76795962197545,142.35726505483512,139.58991043379604,-22.35267364178508,-23.044512297044854,469290.97170519695,1476211.4516969807,-90.06552285942313,0.9467635783636261,0.9808728491498236,7.929541089727271,Severe Erosion,-20.46637185482507
3480,441.6347013689311,412.4520520360473,29.340875259773235,-7.295662333220946,-103.07345652728948,469249.6995097501,1476370.0452798975,179.9344103427505,1.2787792839797827,0.8381666255922956,1.0,Severe Erosion,-98.1813459671493
3481,82.74998864013122,52.94646617777511,50.1791104349654,-7.450880615589028,-8.142719551291455,469129.60491373204,1476390.4581664745,-90.06587302691023,0.634449790082989,1.0332540095996334,7.324780982670042,Severe Erosion,-5.532006821621776
3482,324.9049716178827,295.7224689018558,29.343189485141096,-7.295625679006733,-73.89044553318541,469103.94290839956,1476506.3272414769,179.93409193166153,1.1508417413678462,0.928828609821503,1.0,Severe Erosion,-79.40879467583726
3483,380.7857474360986,440.39285660035216,19.24368133236554,14.901777291063397,-90.38551652593326,469211.1954302605,1476539.3824361297,89.93436947164544,1.4829698682126504,1.0513720994673927,8.209003058182354,Severe Erosion,-92.03946264757104
3484,33.0786705588977,33.078669686888226,30.14879138896777,-2.180023681574994e-07,-0.7324697924824832,469308.140592458,1476436.3343024969,-0.06546970197376582,1.3991291709614224,0.9879103668087432,1.0,Moderate Erosion,-4.633465438069797
3485,23.14312350867837,82.75022442953824,78.85091194580778,14.901775230214966,13.926947109282352,469372.49438348424,1476300.7693807483,89.93469109105598,1.420481443181973,0.8490452382430866,7.592472723882107,Accretion / Land Gain,20.579821629477554
3486,112.55386752987069,172.16099445458664,168.26168277742963,14.901781731178987,13.926953811889735,469424.6163737911,1476211.299242676,89.93488169614596,1.7340543950688492,1.0597548190343133,7.674120571914584,Accretion / Land Gain,7.943010579758178
3487,237.3540977140072,266.5369776961172,30.144040774240764,7.295719995527506,-51.80251423494161,469570.46755978646,1476157.0462130322,-0.06489787336391249,1.3334900079860978,1.0692061716651284,1.0,Severe Erosion,-47.334025787996055
3488,470.1964429837399,470.1964524997672,50.17936022269416,2.3790068155449262e-06,-105.00427069026144,469640.3880862894,1476062.0366916237,-90.06473842769839,1.0744432855916075,1.014502137952574,7.858451308188069,Severe Erosion,-100.53950133971759
3489,178.98567517316928,178.98567538830494,176.0558045127938,5.378391421118067e-08,-0.7324676650938713,469686.94523340906,1475932.0122925236,-0.06463930651591705,1.1380957437113381,0.8813675051510975,1.0,Moderate Erosion,8.415633343486565
3490,3.884810455874918,3.884810501451488,0.9549413793731176,1.1394142518383889e-08,-0.7324672691254501,469599.2687106167,1475819.6608191016,-0.06482021659793671,1.3063957935529606,0.9164098207878291,1.0,Moderate Erosion,-2.780900232272937
3491,82.75032499254705,52.94675930286995,50.17940436506588,-7.450891422419275,-8.142730156870293,469514.4262047525,1475764.1436621286,-90.06497449626283,1.142248032680567,0.9518316468584916,8.409904500917875,Severe Erosion,-4.581119358969483
3492,383.266173356928,383.2661731346906,0.951298992136512,-5.555935445045179e-08,-95.57871859119788,469453.1315302428,1475625.3501436408,-0.06512553091921279,1.1068990865811883,0.8821673026670503,1.0,Severe Erosion,-84.17045940850367
3493,201.96452926497332,172.16097083353634,169.3936156659883,-7.450889607859253,-8.142728399746261,469352.71924296685,1475645.1133482421,-90.06531153696773,0.5697442227451399,1.0740986429187918,7.600466454766504,Severe Erosion,-11.230936784414745
3494,500.0000000000217,208.16422753726496,205.2343629584995,-72.95894311568918,-73.69140926038055,469277.910090973,1475519.8647890182,-0.0654923570056609,0.9175412721075455,0.9486932564839797,1.0,Severe Erosion,-81.36661049804235
3495,82.63429848742997,172.07532983588428,169.30816648447583,22.360257837113576,21.668466999261465,469219.4476237921,1475436.6660597539,-88.57468066107901,0.9070305661498513,0.7198408003861846,7.5547766469733455,Accretion / Land Gain,12.268416829722646
3496,52.946813254706925,52.9467747572986,50.17941937082872,-9.624352081516465e-06,-0.6918484709695516,469079.01162959635,1475377.1948159374,-90.06604638309594,0.5175277345470183,0.9625149296379297,8.533797138219015,Moderate Erosion,2.871711673337105
3497,500.0000000001119,499.9999784800267,497.23262358349257,-5.380021306677918e-06,-0.6918441041548391,468908.8497446262,1475407.1946168481,-90.06629652560086,0.7441524098319637,0.9078882437375302,7.781117928993958,Moderate Erosion,-10.107595144447759
3498,149.79533615464973,149.79533615464973,146.0585321480228,0.0,-0.9342010016567316,468752.455942833,1475391.3933885458,179.93339309078436,1.2660619818992633,0.9295495216486961,1.0,Moderate Erosion,-2.7957962663463456
3499,500.0000000000739,291.37513677648786,287.47582473815044,-52.15621580589651,-53.13104381548087,468643.3456629145,1475347.8958758626,89.93317734937483,1.6277760584849177,0.90551132238359,7.827596079120686,Severe Erosion,-50.944477880286065
3500,142.35747487390316,142.35747487390316,19.243944113836257,0.0,-30.778382690016727,468753.9002193999,1475317.9635642488,89.93345860128068,1.6638164598732281,0.9991911220230127,7.904552392226198,Severe Erosion,-29.852505005867158
3501,208.16130027938945,120.60967779841812,117.67981731010292,-21.887905620242837,-22.62037074232163,468723.12209440605,1475262.3888034753,-0.06666316826789423,1.232878081764696,1.0235091212776277,1.0,Severe Erosion,-20.493146421400766
3502,324.8960514871404,91.4240832195033,88.49422443440422,-58.36799206690928,-59.100456763184056,468693.80729710165,1475149.974660199,-0.0667200809911122,1.3913640780660836,0.9551763409047687,1.0,Severe Erosion,-57.98900748417979
3503,62.23777930293584,33.053624806116225,30.12376816843053,-7.296038624204904,-8.028502783626328,468693.6423755295,1475008.3428898032,-0.06671478492286889,1.0566867859317612,0.9036215754492061,1.0,Severe Erosion,-1.6341737170593618
3504,3.8685291914551567,3.8685291914551567,0.9386733192493112,0.0,-0.7324639680514614,468839.5003101775,1474954.094354552,-0.06640053264300756,1.097987166167107,0.9267834687140285,1.0,Moderate Erosion,-5.494045871745446
3505,500.0000000000966,500.00000065016025,19.2441514278319,1.6251591716809346e-07,-120.18896214306616,468986.0271211535,1474960.0519959142,89.93400305576712,1.4841008178512833,0.9317326492934259,7.744317279338073,Severe Erosion,-123.57393783535882
3506,500.000000000004,266.5272505294443,0.1336480530600581,-58.36818736763992,-124.96658798673596,469043.8931573964,1475043.8475390745,179.93402956278837,1.3249893322129578,0.8670145900533066,1.0,Severe Erosion,-128.82988521309008
3507,91.42398029766166,91.42397872331796,87.68717085671292,-3.935859247405915e-07,-0.9342023602371832,469102.35557637236,1475125.8051806758,179.93415199601128,1.33551949394825,0.9785450125249283,1.0,Moderate Erosion,3.2167566990758676
3508,23.143486119132223,23.1434799642502,19.2441686477814,-1.5387205065664489e-06,-0.9748293678377068,469259.66667154554,1475168.362646704,89.93455367343012,1.6676835369490184,0.9695647692593634,7.743266219447108,Moderate Erosion,3.527163574137611
3509,321.17874917631525,321.17874917631525,317.27943705964327,0.0,-0.9748280291679948,469341.6235542109,1475108.66200592,89.9347428644571,1.7775237905912422,1.055252278667295,7.772254241722606,Moderate Erosion,1.281298567424546
3510,354.08008587322104,383.2640653999882,58.50349810221404,7.295994881691797,-73.89414694275175,469394.21117031033,1475139.3133456153,179.934772019512,1.0237492470047544,1.0328271321075115,1.0,Severe Erosion,-67.97667860830211
3511,201.96470918818525,201.96470918818525,198.06539780161228,0.0,-0.9748278466432438,469389.07345075376,1475227.8221121454,89.93473768845102,1.8500833572492656,0.8786489392896583,7.656901539689892,Moderate Erosion,-6.865032183525147
3514,324.89664990256995,441.6322194785707,0.9439207425813416,29.183892394000186,-80.98818228999716,469511.0432625854,1475224.0348164039,-0.06498112301799992,1.4280321395347686,0.9990795649418114,1.0,Severe Erosion,-72.65206173224146
3515,33.05522191171167,237.34358243794605,234.41372436179813,51.0720901315586,50.339625612521615,469510.8826375782,1475082.4028395212,-0.06497725435367577,1.3098896728731466,0.8556133351457347,1.0,Accretion / Land Gain,57.955818721082906
3516,380.7857671979057,380.7857463316102,108.65473747439712,-5.216573882194098e-06,-68.03275743087715,469647.53438429383,1475078.5114472383,89.93545939444938,1.867269582539537,0.9873156624542752,8.82163190105195,Severe Erosion,-64.35464744464842
3517,499.9999999999868,441.63188375249,205.2295355053766,-14.5920290618742,-73.69261612365256,469831.885139606,1475062.6721884368,-0.06429118342636504,0.9510576818102044,0.8901145081042131,1.0,Severe Erosion,-64.78362157979726
3518,62.2372630988016,62.23726366993534,59.30740748679764,1.427834348532997e-07,-0.7324639030009887,469919.31144906196,1474950.126376452,-0.06410142210921359,1.1208852673055518,0.8481807454316463,1.0,Moderate Erosion,-9.015579941389857
3519,321.1788720540506,350.9823090316742,109.78683991386583,7.450859244405905,-52.84800803504619,469829.6034814926,1474899.4851147518,-90.06434635858301,0.6897047331485551,0.9518137001804194,8.212315588452132,Severe Erosion,-55.47024871635945
3520,354.0789624262826,354.0789624712773,175.23692634437208,1.1248673104091722e-08,-44.71050902047763,469714.9941744825,1474925.3685109937,179.9354651607602,1.3086724366391302,0.7157671629370403,1.0,Severe Erosion,-48.38702632388739
3521,380.78586930089625,350.9823600896376,20.37618312753756,-7.450877302814661,-90.10242154333967,469608.4918867746,1474959.3412201884,-90.06469094984925,0.6424791440194961,0.7900777773396557,8.046233596275602,Severe Erosion,-86.49502492455295
3522,120.60381548838016,91.4194890896818,88.48963483788772,-7.29608159967459,-8.02854516262311,469598.147075889,1474827.9175083486,-0.06477910203448448,1.3131720290501767,0.9143192999464882,1.0,Severe Erosion,-13.279248860633839
3523,178.97310434515222,704.2898825884145,0.1307457614627338,131.32919456081555,-44.71058964592237,469539.8329615429,1474876.081694158,179.9350933087495,1.4060335556901467,0.9357138793662251,1.0,Severe Erosion,-40.92311389923494
3524,354.07878822317053,354.07878822317053,59.30645887928598,0.0,-73.69308233597114,469481.4928871671,1474901.190523342,-0.06503171247415311,1.3038264281097263,0.8998858164111938,1.0,Severe Erosion,-66.84040161598757
3525,500.0000000000024,500.0000000000024,205.2277307234928,0.0,-73.69306731912741,469335.5780741865,1474906.8846823883,-0.06534071203301568,1.242106489423872,0.8031473506349618,1.0,Severe Erosion,-70.21705281870742
3526,172.16112781858195,350.982319947935,50.17963545576456,44.70529803233827,-30.495373090704348,469261.5571983796,1474840.5214011874,-90.06552532736418,0.6518192604440123,0.8632442735109707,7.875407890457825,Severe Erosion,-29.076617972396843
3527,499.9999999999791,441.63122059808506,88.48863616774379,-14.592194850473504,-102.87784095805884,469189.5010238452,1474770.9489787854,-0.06564643990433958,1.0725140565740485,0.9591060119857708,1.0,Severe Erosion,-107.81720766256258
3528,23.14347834781372,82.75055293488785,20.37615230786985,14.901768646768533,-0.691831509985966,469302.24840147106,1474691.4571747982,-90.06545665190166,0.9874430968256029,0.9733622599356339,7.508863352955143,Moderate Erosion,-4.926086340612789
3529,383.2618509958031,499.99999999999216,497.07014866075264,29.18453725104726,28.45207441623738,469218.529609477,1474634.8137555192,-0.06558035577975418,1.3164445134325735,0.9248169702108817,1.0,Accretion / Land Gain,34.700168942720715
3530,52.94694715579196,23.143480444399724,20.376125382234864,-7.450866677848059,-8.142705443389275,469139.4387535544,1474691.643544888,-90.06573646305739,0.7941473353609291,1.019368740359695,8.556328153919441,Severe Erosion,-4.245960423862613
3531,500.0000000000866,887.4459981558153,794.1360082940688,96.8614995389322,73.53400207349556,469086.55441948917,1474572.4900571401,89.93414440876,1.5373133039124995,0.9571312162199171,8.127518051398967,Accretion / Land Gain,73.33890447660784
3532,172.16126247817255,172.16128953660356,168.26197856186022,6.764607753950713e-06,-0.974820979078082,469226.94724070316,1474572.3290864462,89.93436201446136,1.2961285565539258,0.8655409997068882,7.991626335459416,Moderate Erosion,-3.064368707907535
3533,500.0000000000198,500.0000000000198,30.115350368632285,0.0,-117.47116240784688,469247.5725658535,1474510.9771652517,-0.06551037964550224,1.0389147885693646,0.9021342467721337,1.0,Severe Erosion,-127.60020177340377
3534,500.0000000000276,529.1847316984943,234.4075397184104,7.296182924616659,-66.3981150704043,469101.5871822463,1474457.0679492264,-0.0658199328265238,1.4862533533555207,0.811674840521638,1.0,Severe Erosion,-71.7523771638265
3535,499.9999999999854,529.18485169691,263.5913179834391,7.296212924231142,-59.102170504136566,469189.01251405786,1474344.5219231562,-0.06562821049100809,1.0074734931077132,0.9138542944187662,1.0,Severe Erosion,-49.54507506843795
3536,500.00000000001376,470.8150258383323,467.8851805682073,-7.296243540420363,-8.02870485795161,469159.6987662953,1474232.1101327552,-0.06568516323369888,1.2279634043363552,1.0100772810983873,1.0,Severe Erosion,-14.430982712963942
3537,291.37538756844947,231.7683630808189,227.86905197480493,-14.901756121907646,-15.876583898411134,469282.7933888777,1474274.2298190326,89.93465477897199,1.7511163358361586,0.9764554706492232,8.018379171557152,Severe Erosion,-14.929184792305731
3538,499.999999999975,499.999999999975,526.2551768996206,0.0,6.563794224911391,469334.7545624291,1474184.6037174026,-0.0653096093056751,1.0113056528121611,1.0326802080767399,1.0,Accretion / Land Gain,11.601014090887384
3539,441.6296451095814,529.1851779851975,292.7739045873237,21.888883218904013,-37.21393513056442,469276.2228150103,1474043.040610885,-0.06542873415223062,1.2272497925818915,0.8945322031798115,1.0,Severe Erosion,-43.488548470575886
3540,23.143598570103386,23.14363881118125,20.376283601987797,1.0060269466372064e-05,-0.691828742028898,469172.82257118373,1474006.123783408,-90.06564430880388,0.9406875931565404,1.0259932157004643,8.17907325595916,Moderate Erosion,0.23172363187651845
3541,91.4040246664277,3.847728325726268,0.9178893539024192,-21.88907408517536,-22.62153382813132,469159.2258337331,1473819.5220918728,-0.06567017549430187,1.2014164340733717,0.9005286071217683,1.0,Severe Erosion,-17.931956140578045
3542,500.0000000000503,500.0000000000503,496.1006889096885,0.0,-0.9748277725904586,469217.8426025542,1473678.2334153003,89.9344942961023,2.030260196927542,1.0319709225613027,7.562197027216577,Moderate Erosion,-0.9123311630542069
3543,149.77350505249214,149.77350478357235,146.0366756278165,-6.722994783103786e-08,-0.934207356168912,469334.2047223261,1473702.1586993404,179.9347111247342,0.9501659134049545,0.9127915931123617,1.0,Moderate Erosion,13.40780792216493
3544,82.7510172194579,82.7510172194579,78.85170681612816,0.0,-0.9748276008324376,469439.15705701266,1473797.1952719074,89.93492407803073,1.7588090214792325,0.9722949852476261,7.86578850711979,Moderate Erosion,-9.317823895223414
3545,91.40364417191005,120.58910128319148,117.65926265789926,7.296364277820359,6.563904621497304,469567.7832292117,1473785.2959436632,-0.06479434657289555,1.1736273896131968,1.0335781341991557,1.0,Accretion / Land Gain,11.8575472709167
3546,470.814536488528,441.62907632986565,146.03766174284738,-7.296365039665588,-81.19421868642016,469626.13864420867,1473771.5450322777,179.93532929393723,1.3162395098297894,0.8999246944795014,1.0,Severe Erosion,-82.05822737340247
3547,3.848110684431144,3.848107578934055,0.9182683280665058,-7.763742722044498e-07,-0.7324605890911595,469655.38909459015,1473829.159246111,-0.0646092043056343,1.2657450155135885,0.9335834128911721,1.0,Moderate Erosion,3.127140185092216
3548,470.1965036361722,380.7860107579461,79.98363773097337,-22.35262321955653,-97.55321647629972,469665.0120857064,1473677.7256533103,-90.06457364927977,0.6900268244695474,1.017346908210802,8.366324431918104,Severe Erosion,-95.3466807178035
3549,350.982512748992,350.9825052343782,348.21514870579625,-1.8786534496939569e-06,-0.6918410107989388,469524.6192661779,1473677.8843025921,-90.06488434304396,0.834349715355399,0.9035995438019957,7.854724646776913,Moderate Erosion,-4.3576219963489216
3550,321.17898569753226,291.3754818013935,288.6081256532053,-7.450875974034687,-8.142715011081734,469413.9283451649,1473588.599286182,-90.06512901605217,0.5213150407147767,0.8074641883275522,7.913427346854253,Severe Erosion,-6.997733048785032
3551,33.027162198280706,62.21296881098056,59.28313501897618,7.296451653174964,6.563993205173869,469392.31009246066,1473468.4769145956,-0.06515295508027355,1.2900322717503137,1.0830916936712762,1.0,Accretion / Land Gain,-2.7255140518175676
3552,354.0708368152424,354.0708342141148,350.3340010122768,-6.502818905573804e-07,-0.9342089507414072,469450.6415524057,1473433.0836038925,179.93497193941158,1.245177751306497,0.8736328521027178,1.0,Moderate Erosion,2.0820285521155615
3553,354.0714492966925,383.25715832495206,116.84896999167792,7.296427257064892,-59.30561982625364,469479.9548694941,1473545.4930668343,179.93502826182805,1.2962526134999923,0.9253032035687339,1.0,Severe Erosion,-57.814827496301014
3554,52.94768200901193,52.947634547386194,49.04832374949404,-1.1865406433386738e-05,-0.9748395648794724,469577.3653458627,1473588.4140432624,89.93524378978604,1.758717493288587,1.005613814261828,7.891886743440447,Moderate Erosion,2.2184612783360396
3555,82.75103666398476,82.75103666398476,79.98368080888072,0.0,-0.6918389637760107,469623.3477965285,1473439.3445397944,-90.06468764147426,0.8551432309651973,0.8626118129465182,8.645142249608037,Moderate Erosion,4.5987526616597405
3556,499.9999999999732,499.9999996096906,497.07016822405984,-9.757066266047333e-08,-0.7324579439783463,469567.22925557796,1473295.3636564289,-0.06477504994213461,1.2217611979082181,0.8288848539762426,1.0,Moderate Erosion,1.105641257070208
3557,499.9999999999581,887.4454091797209,496.10068950146353,96.86135229494069,-0.9748276246236428,469526.1573202605,1473171.222809938,89.93513756160019,1.467839493187456,0.9282827829543694,8.373856756667648,Moderate Erosion,-0.23438052563226186
3558,142.35820922319033,142.35820922319033,138.45889884503413,0.0,-0.9748275945390504,469666.5501284334,1473171.064270192,89.93551026071465,1.493166632076379,0.7645357338223556,8.147965177676486,Moderate Erosion,-5.3801692778455115
3559,410.5895357135051,410.5895384949017,407.82218222159054,6.953491578087778e-07,-0.691838372978637,469737.2087225289,1473290.1987495825,-90.0644327498584,0.978010445955245,0.8864180931004241,7.553064137854597,Moderate Erosion,-4.252942191223892
3560,291.3755998516301,291.37560040646594,287.476290816222,1.3870895543277586e-07,-0.9748272588520308,469741.41650030355,1473379.604535988,89.93553236546197,1.8154500576532997,0.9301568476359431,7.98339849411711,Moderate Erosion,4.958845842034624
3561,295.6979449468378,295.69794485941,292.7681138897582,-2.1856962462152296e-08,-0.7324577642699097,469771.50067729596,1473268.1519406629,-0.06433828107881957,1.1638342687116272,0.8875825163040236,1.0,Moderate Erosion,6.449219264259983
3562,201.96531176851133,201.9653516324021,78.85202251958596,9.965972694203629e-06,-30.778322312231342,469814.51206450484,1473111.2909564115,89.93579232636093,1.6069001609233178,0.7837694212588263,7.496689124959619,Severe Erosion,-31.968874493791613
3563,261.5722633191693,261.5722903671222,49.04858854415681,6.761988231573923e-06,-53.13091869375312,469838.0934672087,1473051.6575337185,89.93579488768347,1.4643075926062998,1.0340454881336223,8.2546162598566,Severe Erosion,-52.900904957486745
3564,440.3930493835918,440.3930493835918,437.625692827285,0.0,-0.6918391390766914,469915.36493734276,1472932.35708736,-90.06404476285317,0.975913776681873,0.9133265670507467,8.92903869226998,Moderate Erosion,-5.214911014045522
3565,201.9653052954293,82.75137921749922,79.98402290813398,-29.80348151948252,-30.495320596823827,469834.4455685027,1472813.2337363712,-90.06422596308289,0.8998127748615481,1.018071722061345,8.424721632240265,Severe Erosion,-24.631536370486604
3566,499.99999999999886,499.99999999999886,497.0701756450015,0.0,-0.7324560887493448,469683.44251198036,1472824.0252318385,-0.06450606438163126,1.4907322782803125,0.8829092072594533,1.0,Moderate Erosion,2.5946280297095488
3567,500.0000000000931,500.00000672401353,496.10069614609097,1.6809801053341289e-06,-0.9748259635005354,469608.1781447999,1472724.0775783774,89.93534317443793,1.4682512837321313,0.8320839873897834,8.087330406358706,Moderate Erosion,8.73126121881821
3568,62.19891510332304,3.825426450781313,0.8956056354781756,-14.593372163135433,-15.325827366961216,469624.8159227606,1472599.2106831672,-0.06461935621434918,1.1428476870323212,0.9224879696036541,1.0,Severe Erosion,-19.71744275285991
3569,62.19614917610204,62.19614920299396,59.26633092926721,6.722979506434967e-09,-0.7324545617087068,469653.8101833514,1472428.36471588,-0.06455277850291306,1.2342662250637035,0.8815982674937515,1.0,Moderate Erosion,-2.622494056799793
3570,383.2524874083262,3.8229976973230055,0.8931788577714528,-94.8573724277508,-95.5898271376387,469770.5981383344,1472464.1948078175,-0.06430442693137989,1.2965245011636874,0.8050788086264578,1.0,Severe Erosion,-94.43259752501083
3571,231.7688490877122,231.7688490877122,227.86953932710944,0.0,-0.9748274401506904,469844.0095743776,1472395.9741045227,89.9358539848651,1.567649603685336,1.0160477241181884,8.261750239973923,Moderate Erosion,2.2576202484781627
3572,499.9999999999935,470.8129446720805,321.9478444934036,-7.296763831978254,-44.513038876647485,469887.15942920366,1472297.559702875,-0.06404780775874597,1.0686086984754375,0.8474802355385308,1.0,Severe Erosion,-45.59137706438565
3573,470.1965414589815,172.16199156981872,168.2626813082512,-74.5086374722907,-75.48346503768258,469888.5669552614,1472157.4964144349,89.9359883208963,1.732210879704887,0.7483304580046479,8.526397975214426,Severe Erosion,-79.84827048995108
3574,172.16189450846232,172.1618545365379,20.37719789097932,-9.992981105710896e-06,-37.94617415437075,469833.19035048754,1472127.7549018683,-90.06416559858016,0.9081705552174438,1.0014422688470215,7.784481048148913,Severe Erosion,-33.53913650975289
3575,499.9999999999169,499.9999999999169,496.1006900322647,0.0,-0.9748274919130466,469730.8951734086,1472127.869627295,89.93561715591079,1.462558632378451,0.8548465424433577,7.925171942670729,Moderate Erosion,2.6308493208148613
3576,52.94804798903232,52.94793315828361,50.18057638064701,-2.870768717677663e-05,-0.6918679020963268,469787.00099246984,1472008.5927443411,-90.06428462003733,1.0033166719328492,0.8451107677376637,8.038179781202821,Moderate Erosion,-5.273238404914951
3577,33.00034295787975,62.18782209785928,59.25801142857416,7.296869784994882,6.564417117673601,469799.16719358665,1471913.0553092011,-0.06421617469530187,1.3750814930007615,0.751342736512064,1.0,Accretion / Land Gain,13.34163112320108
3578,500.00000000008,500.00000000008,496.1006903522567,0.0,-0.9748274119558288,469826.26624004566,1471740.3174769043,89.93581996730008,1.620144223638698,1.0297497444780945,8.090767758550683,Moderate Erosion,4.87616613402719
3579,172.16216458218702,172.16214236826713,168.2628323951967,-5.5534799727752215e-06,-0.9748330467475768,469906.9190530419,1471621.013426685,89.93601121271645,1.6119394299012726,0.7858686352855669,7.312422845715802,Moderate Erosion,-0.3033505605086123
3580,82.7518460459607,82.75183794181946,78.85252841790948,-2.0260353110757023e-06,-0.9748294070128054,470047.31194625446,1471620.8570390136,89.93635250894324,1.683108418866188,0.893701144906261,8.418776877747321,Moderate Erosion,-0.5768400951326235
3581,440.3931609265976,440.3931716288976,199.1982435161203,2.6755750042184445e-06,-60.298729352619326,470052.0399275651,1471561.244911043,-90.0636449697549,0.6707447862432063,0.9613124357241876,8.018650010993484,Severe Erosion,-57.52844049703979
3582,440.3931210008791,231.76896297554,229.00160620473923,-52.15603950633477,-52.847878699034965,469911.6469671962,1471561.4012303054,-90.06395520994595,0.8045049710680169,0.922042058115564,7.7916378545704035,Severe Erosion,-57.15639405031626
3583,3.803730848554708,3.803730769217456,0.8739275891492131,-1.9834313080835383e-08,-0.7324508148513738,469856.98618471634,1471415.9604235478,-0.06407358106679988,0.876695150420594,0.8817722240733239,1.0,Moderate Erosion,-0.5822934190309629
3584,172.16391679054632,172.16391679054632,168.26460846511128,0.0,-0.974827081358761,469934.11980814,1471293.1450750222,89.93614929734944,1.7314680984457693,0.7489275902329604,7.9061634205589035,Moderate Erosion,-11.736744804404662
3585,261.5737849333592,261.5737849333592,257.6744783097839,0.0,-0.9748266558938212,470044.61003592727,1471203.611628365,89.93637022475734,1.3657757699698945,0.8192027746866399,8.275298951032433,Moderate Erosion,3.4074515716208564
3586,499.9999999999813,499.9999975196349,497.0701986994693,-6.200865954042456e-07,-0.7324503251280134,470148.52488736046,1471107.5175454393,-0.0634386332150435,1.425070089145813,0.8978470188551377,1.0,Moderate Erosion,-8.539916437337311
3587,470.19689422103306,470.19689422103306,467.429537163309,0.0,-0.6918392644310103,470149.19281458395,1470965.068345911,-90.06405383420382,0.7504822358675833,0.8181356576773956,7.7177798218375955,Moderate Erosion,6.825259877713985
3588,172.16386205670892,172.16393083725237,169.3965734817377,1.7195135860959e-05,-0.6918221437428045,469949.1929395652,1470965.2919359286,-90.06405383420382,0.7682502026728744,0.8973810267477034,7.661579131697926,Moderate Erosion,-2.342422613575056
3589,500.0000000000529,500.0000000000529,497.2326444988027,0.0,-0.6918388753125555,469749.1930645465,1470965.5155259464,-90.06405383420382,0.705840164049875,0.9356544293330731,8.262754483276838,Moderate Erosion,-1.75017378496844
3590,500.0000000000529,500.0000000000529,497.2326475765929,0.0,-0.6918381058650027,469549.1931895278,1470965.7391159642,-90.06405383420382,0.7567944188742395,0.9581178741805391,7.711056038902968,Moderate Erosion,-3.830507636287531
3591,499.99999999991473,589.4103336441343,586.6429765687859,22.35258341105489,21.660744142217798,469498.37891276204,1471114.8137082905,-90.06483558453341,1.0127799578733656,0.7848164954323309,8.0239587876086,Accretion / Land Gain,20.220549772607416
3592,500.00000000000335,499.9999990133828,496.2631332781901,-2.466551336510747e-07,-0.9342166804533178,469448.18205467245,1471264.504302446,179.9350636134158,0.8272820429227827,1.0604468893342949,1.0,Moderate Erosion,6.158440045286865
3593,62.18008301215103,32.992091366246605,29.255228335984967,-7.296997911476106,-8.231213669041516,469419.1876764033,1471435.3492020206,179.93499317370964,1.3919986410778753,0.9481773690749179,1.0,Severe Erosion,-20.670256951716915
3594,500.00000000002433,559.6069153574942,556.8395586239429,14.90172883936748,14.209889655979651,469405.6120730553,1471621.5778469478,-90.06504366531291,0.8507037799128959,0.8888967921952382,8.343303017119952,Accretion / Land Gain,20.59471658642059
3595,62.18560576702605,62.18560737961217,58.44874940615424,4.031465312692717e-07,-0.9342140902179512,469361.2000804177,1471777.039817295,179.93485613294587,1.0194015427104628,0.978083279896877,1.0,Moderate Erosion,0.7559033152905896
3596,33.000939782681435,33.000940626809445,29.26408519530933,2.110320025394685e-07,-0.9342136468430252,469332.20687707036,1471947.8853354044,179.9347869439119,1.0391584139619263,1.0822301856217282,1.0,Moderate Erosion,-6.969321886129103
3597,62.19114005536841,62.19114016276147,58.45428729999434,2.6848265832768448e-08,-0.9342131888435166,469303.21405631735,1472118.73114761,179.93471774148423,1.4519147101243146,0.7799813294442574,1.0,Moderate Erosion,-6.310775154089706
3598,500.0000000000183,500.0000006077066,29.26897546254233,1.5192208024927822e-07,-117.682756134369,469274.15505101724,1472231.2027850733,179.93464788207726,1.0586302117620234,0.8784303382154374,1.0,Severe Erosion,-109.30079099832798
3599,500.0000000000144,470.8130440045659,0.0849826607574124,-7.296738998862125,-124.97875433481424,469245.1629474686,1472402.048987926,179.9345812510039,1.0274541323363822,0.7082647581273056,1.0,Severe Erosion,-129.7062887345279
3600,500.0000000000543,470.1965174354264,229.00128497841104,-7.450870641156968,-67.7496787554108,469217.4828766407,1472515.8968086008,-90.06545499771414,0.9705974423726191,0.9153448619651133,8.732465633868157,Severe Erosion,-73.5164313083906
3601,3.8259296791726185,3.825929861886613,0.0890845827346229,4.567849865022566e-08,-0.9342112741094988,469128.6729476617,1472627.0614664436,179.9343231277143,1.2512414424079958,0.9305264521636034,1.0,Moderate Erosion,4.752361437714147
3602,33.01509221639729,3.828541027622994,0.0916978610563483,-7.296637797193575,-8.230848588835237,469128.83530122443,1472768.6880595926,179.934315300339,1.0597697291300014,0.8998995611945808,1.0,Severe Erosion,-6.5380842074056655
3603,499.99999999998056,499.99999999998056,437.8903431189368,0.0,-15.527414220260937,469128.99766722345,1472910.3151036347,179.93431008097718,1.2329523483591496,0.8524098230984202,1.0,Severe Erosion,-20.21704210294293
3604,291.37551047050005,291.37550969470783,288.60815315721493,-1.9394805406136586e-07,-0.6918393283212794,469011.63159825315,1472992.9890372325,-90.06597266502871,0.6461373626168456,0.741828103320925,7.754379432122491,Moderate Erosion,0.39128554870181564
3605,500.0000000000051,500.00000054226814,496.2631613564906,1.355657559543033e-07,-0.934209660878622,469041.5949724939,1473046.5042371692,179.9341165677166,1.3655831627883743,0.9363305136627206,1.0,Moderate Erosion,-6.062973079080009
3606,499.9999999999904,499.9999829365196,497.2326266305648,-4.265867701747084e-06,-0.6918433423564068,468996.8482410476,1473201.6306896268,-90.0659818297613,0.9592059099675336,1.024793298299299,8.520244855691109,Moderate Erosion,4.812263649756619
3607,500.0000000000675,380.785973444142,378.0186173763539,-29.80350663898137,-30.49534565592839,468946.03758646117,1473350.7068753059,-90.06614370001613,0.879801196362837,0.8629156234076676,8.347116853026064,Severe Erosion,-25.18849083156272
3608,33.02619177634845,33.02619177634845,29.289358189108547,0.0,-0.934208396809975,468925.2730690586,1473413.1506937742,179.9338517009423,1.2547109613297245,0.946172678376759,1.0,Moderate Erosion,1.7258225972997403
3609,3.8429237768681297,3.8429237768681297,0.1060923263154975,0.0,-0.934207862638158,468867.06519173336,1473554.8465379206,179.93372284106664,1.464640920483819,0.7872667813573224,1.0,Moderate Erosion,0.8740974435969249
3610,91.40217336110572,3.8455126161864266,0.1086832602928473,-21.889165186229825,-22.82337252520322,468808.8579417273,1473696.5427032504,179.9335939611803,1.2004165506126863,0.9510476891953437,1.0,Severe Erosion,-14.01743190086635
3611,91.40341813464808,62.21795346845207,58.48112532890853,-7.296366166549001,-8.230573201434886,468750.5835338377,1473779.868253801,179.93346374727142,1.0231833917552973,0.8840313629045307,1.0,Severe Erosion,-8.23214156449376
3612,499.9999999999962,529.1853872706495,525.4485601762569,7.29634681766332,6.362140044065185,468633.9387574178,1473863.2623597546,179.93321186386495,1.2678873559699826,0.8555412613417698,1.0,Accretion / Land Gain,0.45276941696117934
3613,500.0000000000082,470.81473394078574,467.0779085597175,-7.296316514805611,-8.230522860072668,468604.8845888609,1473975.7403372875,179.93314573638304,1.5133737881323042,0.8570994490426782,1.0,Severe Erosion,-5.9831532959111335
3614,499.9999999998923,500.00001148729854,497.2326562671378,2.871851563668315e-06,-0.6918359331886137,468525.47607746546,1474096.2839330928,-90.06704669965914,0.6477863498889874,0.8879345319116442,7.586155338820032,Moderate Erosion,9.738399314496956
3615,500.0000000000438,350.98230791881093,348.21495252123054,-37.254423020308224,-37.94626186970332,468444.8299683968,1474215.5926082933,-90.06720742265834,0.7457808601773572,0.9514988209493571,8.260261547887731,Severe Erosion,-43.02005933563258
3616,499.9999999999815,412.4452858142664,408.7084654194695,-21.88867854642878,-22.822883645128,468342.61430326814,1474313.3823187717,179.93257033924112,1.26293765344405,0.8171455071488785,1.0,Severe Erosion,-24.630197478597932
3623,82.75003266917487,142.35719426429011,139.58984068173024,14.901790398778813,14.209952003138842,467883.8139750769,1474901.7388023117,-90.06845075808239,0.7919145581064718,0.8976689217578073,7.571727728377272,Accretion / Land Gain,16.292182193646106
3624,112.55357507176028,172.16070425596962,169.39335066623585,14.901782296052335,14.209943898618892,467743.4925158862,1474961.5139504184,-90.06867113856262,0.6526547502417813,0.9268651546016282,7.686265865912326,Accretion / Land Gain,13.940419653590196
3625,52.946446348443935,82.74995576826909,79.98260118103966,7.450877354956289,6.75903870814893,467807.9015807326,1474872.025994173,-90.06866704311422,0.9682789656986821,0.841144881405183,8.275392644542398,Accretion / Land Gain,1.8475208062623576
3627,142.35710547240384,142.357103918491,139.58974994093236,-3.884782131535758e-07,-0.6918388828678701,467616.77747970086,1475080.8806528412,-90.06904976076777,1.1480063987777724,1.075403845749904,7.906191176437973,Moderate Erosion,4.917450398284484
3630,142.35694697923483,142.35694697923483,139.58959272816065,0.0,-0.6918385627685453,467255.35153820086,1475200.5328173544,-90.0698327384775,0.8294200159537034,0.8648829370667445,8.635652978652235,Moderate Erosion,10.908365047317751
3631,82.74970621809791,82.74970621809791,79.98235199613525,0.0,-0.6918385554906656,467115.03159732267,1475260.3113283485,-90.07008432174622,0.6643900557842716,0.8803532312281592,8.200445725532397,Moderate Erosion,0.28881873962887106
